ID,Type,UGS,"GTIN, UPC, EAN ou ISBN",Nom,Publié,"Mis en avant ?","Visibilité dans le catalogue","Description courte",Description,"Date de début de promo","Date de fin de promo","État de la TVA","Classe de TVA","En stock ?",Stock,"Montant de stock faible","Autoriser les commandes de produits en rupture ?","Vendre individuellement ?","Poids (kg)","Longueur (cm)","Largeur (cm)","Hauteur (cm)","Autoriser les avis clients ?","Note de commande","Tarif promo","Tarif régulier",Catégories,Étiquettes,"Classe d’expédition",Images,"Limite de téléchargement","Jours d’expiration du téléchargement",Parent,"Groupes de produits","Produits suggérés","Ventes croisées","URL externe","Libellé du bouton",Position,Marques,"Méta : _wxr_import_parent","Méta : _wxr_import_user_slug","Méta : _custom_thank_you_page","Méta : _custom_thank_you_page_priority","Méta : _rank_math_gtin_code","Nom de l’attribut 1","Valeur(s) de l’attribut 1 ","Attribut 1 visible","Attribut 1 global","Nom de l’attribut 2","Valeur(s) de l’attribut 2 ","Attribut 2 visible","Attribut 2 global","Méta : woodmart_sguide_select","Méta : woodmart_price_unit_of_measure","Méta : _wcsob_hide","Méta : woodmart_total_stock_quantity","Méta : _product_360_image_gallery","Méta : _woodmart_whb_header","Méta : _woodmart_main_layout","Méta : _woodmart_sidebar_width","Méta : _woodmart_custom_sidebar","Méta : _woodmart_new_label","Méta : _woodmart_new_label_date","Méta : _woodmart_swatches_attribute","Méta : _woodmart_related_off","Méta : _woodmart_exclude_show_single_variation","Méta : _woodmart_product_video","Méta : _woodmart_product_hashtag","Méta : _woodmart_single_product_style","Méta : _woodmart_thums_position","Méta : _woodmart_extra_content","Méta : _woodmart_extra_position","Méta : _woodmart_product_design","Méta : _woodmart_product-background","Méta : _woodmart_hide_tabs_titles","Méta : _woodmart_product_custom_tab_title","Méta : _woodmart_product_custom_tab_content_type","Méta : _woodmart_product_custom_tab_content","Méta : _woodmart_product_custom_tab_html_block","Méta : _woodmart_product_custom_tab_title_2","Méta : _woodmart_product_custom_tab_content_type_2","Méta : _woodmart_product_custom_tab_content_2","Méta : _woodmart_product_custom_tab_html_block_2","Méta : fb_product_group_id","Méta : fb_brand","Méta : fb_mpn","Méta : fb_size","Méta : fb_color","Méta : fb_material","Méta : fb_pattern","Méta : fb_age_group","Méta : fb_gender","Méta : fb_product_condition","Méta : _wc_facebook_sync_enabled","Méta : fb_visibility","Méta : _wc_facebook_sync_enabled_v2","Méta : fb_product_description","Méta : fb_rich_text_description","Méta : _wc_facebook_product_image_source","Méta : _woodmart_product_custom_tab_priority","Méta : _woodmart_product_custom_tab_priority_2","Méta : _woodmart_product_custom_tab_title_3","Méta : _woodmart_product_custom_tab_priority_3","Méta : _woodmart_product_custom_tab_content_type_3","Méta : _woodmart_product_custom_tab_content_3","Méta : _woodmart_product_custom_tab_html_block_3","Méta : _woodmart_product_custom_tab_title_4","Méta : _woodmart_product_custom_tab_priority_4","Méta : _woodmart_product_custom_tab_content_type_4","Méta : _woodmart_product_custom_tab_content_4","Méta : _woodmart_product_custom_tab_html_block_4","Méta : _woodmart_product_custom_tab_title_5","Méta : _woodmart_product_custom_tab_priority_5","Méta : _woodmart_product_custom_tab_content_type_5","Méta : _woodmart_product_custom_tab_content_5","Méta : _woodmart_product_custom_tab_html_block_5","Méta : _last_change_time","Méta : iawp_total_views","Méta : fb_product_item_id","Méta : fb_product_price","Méta : fb_product_image","Méta : _wc_facebook_product_video_source","Méta : fb_product_images","Méta : _wp_old_date","Méta : _wp_desired_post_slug"
4505,variation,,,,1,0,visible,,,,,taxable,parent,1,,,0,0,,,,,0,,,"39,00",,,,,,,,,,,,,0,,79,admin,,,
4506,variation,,,,1,0,visible,,,,,taxable,parent,1,,,0,0,,,,,0,,,"39,00",,,,,,,,,,,,,0,,79,admin,,,
4507,variation,,,,1,0,visible,,,,,taxable,parent,1,,,0,0,,,,,0,,,"39,00",,,,,,,,,,,,,0,,79,admin,,,
4651,variation,,,,1,0,visible,,,,,taxable,parent,1,,,0,0,,,,,0,,,"39,99",,,,,,,,,,,,,4,,79,admin,,,
6029,variation,,,,1,0,visible,,,,,taxable,parent,1,,,0,0,,,,,0,,,,,,,,,,,,,,,,1,,,,,,
6030,variation,,,,1,0,visible,,,,,taxable,parent,1,,,0,0,,,,,0,,,,,,,,,,,,,,,,2,,,,,,
6031,variation,,,,1,0,visible,,,,,taxable,parent,1,,,0,0,,,,,0,,,,,,,,,,,,,,,,3,,,,,,
6032,variation,,,,1,0,visible,,,,,taxable,parent,1,,,0,0,,,,,0,,,,,,,,,,,,,,,,4,,,,,,
7955,variation,,,,1,0,visible,,,,,taxable,parent,1,1,,0,0,,,,,0,,,,,,,,,,,,,,,,1,,,,,,
7956,variation,,,,1,0,visible,,,,,taxable,parent,1,1,,0,0,,,,,0,,,,,,,,,,,,,,,,2,,,,,,
7957,variation,,,,1,0,visible,,,,,taxable,parent,1,2,,0,0,,,,,0,,,,,,,,,,,,,,,,3,,,,,,
7958,variation,,,,1,0,visible,,,,,taxable,parent,1,1,,0,0,,,,,0,,,,,,,,,,,,,,,,4,,,,,,
7995,variation,,,,1,0,visible,,,,,taxable,parent,1,,,0,0,,,,,0,,,5200,,,,,,,,,,,,,1,,,,,,
7996,variation,,,,1,0,visible,,,,,taxable,parent,1,,,0,0,,,,,0,,,5200,,,,,,,,,,,,,2,,,,,,
7997,variation,,,,1,0,visible,,,,,taxable,parent,1,,,0,0,,,,,0,,,5200,,,,,,,,,,,,,3,,,,,,
7998,variation,,,,1,0,visible,,,,,taxable,parent,1,,,0,0,,,,,0,,,5200,,,,,,,,,,,,,4,,,,,,
7999,variation,,,,1,0,visible,,,,,taxable,parent,1,,,0,0,,,,,0,,,5200,,,,,,,,,,,,,5,,,,,,
8000,variation,,,,1,0,visible,,,,,taxable,parent,1,,,0,0,,,,,0,,,5200,,,,,,,,,,,,,6,,,,,,
8377,variation,,,,1,0,visible,,,,,taxable,parent,1,2,,0,0,,,,,0,,,4000,,,,,,,,,,,,,1,,,,,,
8378,variation,,,,1,0,visible,,,,,taxable,parent,1,2,,0,0,,,,,0,,,4000,,,,,,,,,,,,,2,,,,,,
8379,variation,,,,1,0,visible,,,,,taxable,parent,1,1,,0,0,,,,,0,,,4000,,,,,,,,,,,,,3,,,,,,
8380,variation,,,,1,0,visible,,,,,taxable,parent,1,2,,0,0,,,,,0,,,4000,,,,,,,,,,,,,4,,,,,,
8381,variation,,,,1,0,visible,,,,,taxable,parent,1,3,,0,0,,,,,0,,,4000,,,,,,,,,,,,,5,,,,,,
8382,variation,,,,1,0,visible,,,,,taxable,parent,1,2,,0,0,,,,,0,,,4000,,,,,,,,,,,,,6,,,,,,
8383,variation,,,,1,0,visible,,,,,taxable,parent,1,2,,0,0,,,,,0,,,4000,,,,,,,,,,,,,7,,,,,,
8384,variation,,,,1,0,visible,,,,,taxable,parent,1,4,,0,0,,,,,0,,,4000,,,,,,,,,,,,,8,,,,,,
10127,variation,,,,1,0,visible,,,,,taxable,parent,1,1,,0,0,,,,,0,,,6800,,,,,,,,,,,,,1,,,,,,
10128,variation,,,,1,0,visible,,,,,taxable,parent,1,1,,0,0,,,,,0,,,6800,,,,,,,,,,,,,2,,,,,,
10129,variation,,,,1,0,visible,,,,,taxable,parent,1,1,,0,0,,,,,0,,,6800,,,,,,,,,,,,,3,,,,,,
10130,variation,,,,1,0,visible,,,,,taxable,parent,1,1,,0,0,,,,,0,,,6800,,,,,,,,,,,,,4,,,,,,
10131,variation,,,,1,0,visible,,,,,taxable,parent,1,1,,0,0,,,,,0,,,6800,,,,,,,,,,,,,5,,,,,,
13073,variation,,,,1,0,visible,,,,,taxable,parent,1,9,,0,0,,,,,0,,,5600,,,,,,,,,,,,,1,,,,,,
13074,variation,,,,1,0,visible,,,,,taxable,parent,1,3,,0,0,,,,,0,,,5600,,,,,,,,,,,,,2,,,,,,
13075,variation,,,,1,0,visible,,,,,taxable,parent,1,2,,0,0,,,,,0,,,5600,,,,,,,,,,,,,3,,,,,,
14005,variation,,,,1,0,visible,,,,,taxable,parent,1,1,,0,0,,,,,0,,,7500,,,,,,,,,,,,,9,,,,,,
14006,variation,,,,1,0,visible,,,,,taxable,parent,1,1,,0,0,,,,,0,,,7500,,,,,,,,,,,,,10,,,,,,
14007,variation,,,,1,0,visible,,,,,taxable,parent,1,1,,0,0,,,,,0,,,7500,,,,,,,,,,,,,1,,,,,,
14008,variation,,,,1,0,visible,,,,,taxable,parent,1,1,,0,0,,,,,0,,,7500,,,,,,,,,,,,,2,,,,,,
14009,variation,,,,1,0,visible,,,,,taxable,parent,1,1,,0,0,,,,,0,,,7500,,,,,,,,,,,,,3,,,,,,
14010,variation,,,,1,0,visible,,,,,taxable,parent,1,1,,0,0,,,,,0,,,7500,,,,,,,,,,,,,4,,,,,,
14011,variation,,,,1,0,visible,,,,,taxable,parent,1,1,,0,0,,,,,0,,,7500,,,,,,,,,,,,,5,,,,,,
14012,variation,,,,1,0,visible,,,,,taxable,parent,1,1,,0,0,,,,,0,,,7500,,,,,,,,,,,,,6,,,,,,
14013,variation,,,,1,0,visible,,,,,taxable,parent,1,1,,0,0,,,,,0,,,7500,,,,,,,,,,,,,7,,,,,,
14014,variation,,,,1,0,visible,,,,,taxable,parent,1,1,,0,0,,,,,0,,,7500,,,,,,,,,,,,,8,,,,,,
21173,variation,,,,1,0,visible,,,,,taxable,parent,1,5,,0,0,,,,,0,,,5200,,,,,,,,,,,,,1,,,,,,
21174,variation,,,,1,0,visible,,,,,taxable,parent,1,5,,0,0,,,,,0,,,5200,,,,,,,,,,,,,2,,,,,,
26425,variation,,,,1,0,visible,,,,,taxable,parent,0,,,0,0,,,,,0,,,6800,,,,,,,,,,,,,1,,,,,10,
26426,variation,,,,1,0,visible,,,,,taxable,parent,0,,,0,0,,,,,0,,,6800,,,,,,,,,,,,,2,,,,,10,
26427,variation,,,,1,0,visible,,,,,taxable,parent,0,,,0,0,,,,,0,,,6800,,,,,,,,,,,,,3,,,,,10,
26428,variation,,,,1,0,visible,,,,,taxable,parent,0,,,0,0,,,,,0,,,6800,,,,,,,,,,,,,4,,,,,10,
26429,variation,,,,1,0,visible,,,,,taxable,parent,0,,,0,0,,,,,0,,,6800,,,,,,,,,,,,,5,,,,,10,,,,,,,,,,,,,,,,,,,,,,,,,,,,,,,,,,,,,,,,,,,,,,,,,,,,,,,,,,,,,,,,,,,,,,,,,,,,,,,,
26430,variation,,,,1,0,visible,,,,,taxable,parent,0,,,0,0,,,,,0,,,6800,,,,,,,,,,,,,6,,,,,10,,,,,,,,,,,,,,,,,,,,,,,,,,,,,,,,,,,,,,,,,,,,,,,,,,,,,,,,,,,,,,,,,,,,,,,,,,,,,,,,
26431,variation,,,,1,0,visible,,,,,taxable,parent,0,,,0,0,,,,,0,,,6800,,,,,,,,,,,,,7,,,,,10,,,,,,,,,,,,,,,,,,,,,,,,,,,,,,,,,,,,,,,,,,,,,,,,,,,,,,,,,,,,,,,,,,,,,,,,,,,,,,,,
26432,variation,,,,1,0,visible,,,,,taxable,parent,0,,,0,0,,,,,0,,,6800,,,,,,,,,,,,,8,,,,,10,,,,,,,,,,,,,,,,,,,,,,,,,,,,,,,,,,,,,,,,,,,,,,,,,,,,,,,,,,,,,,,,,,,,,,,,,,,,,,,,
31607,variable,,,"Burkini She rose",1,0,visible,,"Burkini 4 pièces : bonnet, fuseau; maillot une pièce manches longues et pareo.\n\nTissus : Micro, Lycra.\n\nQualité : Premier choix.",,,taxable,,0,,,0,0,,,,,0,,,,"Burkini, Burkini > Burkini SHE",,,"https://boutique-she.com/wp-content/uploads/2024/07/IMG_6790-scaled.jpeg, https://boutique-she.com/wp-content/uploads/2024/07/photo-2024-07-07-00-54-10.jpg, https://boutique-she.com/wp-content/uploads/2024/07/IMG_6790-scaled.jpeg, https://boutique-she.com/wp-content/uploads/2024/07/IMG_6791-scaled.jpeg",,,,,,,,,0,,,,0,10,,الألوان,Rose,1,1,المقاس,"L(42-44), M(40-42), S(38-40), XL(44-46), XS(36-38)",1,1,disable,,no,,,none,default,default,none,,,,,,,,inherit,inherit,,after,inherit,,,,text,,,,text,,,8553809287986335,,,,,,,,,,yes,yes,yes,,,product,,,,,text,,,,,text,,,,,text,,,1775552646,11,,,,,
31608,variation,,,"Burkini She rose<span> - </span>Rose, L(42-44)",1,0,visible,,,,,taxable,parent,0,0,,0,0,,,,,0,,4000,7200,,,,,,,id:31607,,,,,,5,,,,,10,,الألوان,Rose,,1,المقاس,L(42-44),,1,,,,,,,,,,,,,,,,,,,,,,,,,,,,,,,,,,,,,,,,,,yes,yes,yes,,,product,,,,,,,,,,,,,,,,,,1775552646,,28937721069209720,,,upload,
31609,variation,,,"Burkini She rose<span> - </span>Rose, M(40-42)",1,0,visible,,,,,taxable,parent,0,0,,0,0,,,,,0,,4000,7200,,,,,,,id:31607,,,,,,4,,,,,10,,الألوان,Rose,,1,المقاس,M(40-42),,1,,,,,,,,,,,,,,,,,,,,,,,,,,,,,,,,,,,,,,,,,,yes,yes,yes,,,product,,,,,,,,,,,,,,,,,,,,9799230960134691,,,upload,
31610,variation,,,"Burkini She rose<span> - </span>Rose, S(38-40)",1,0,visible,,,,,taxable,parent,0,0,,0,0,,,,,0,,4000,7200,,,,,,,id:31607,,,,,,3,,,,,10,,الألوان,Rose,,1,المقاس,S(38-40),,1,,,,,,,,,,,,,,,,,,,,,,,,,,,,,,,,,,,,,,,,,,yes,yes,yes,,,product,,,,,,,,,,,,,,,,,,,,9740668692638511,,,upload,
31611,"variation, virtual",,,"Burkini She rose<span> - </span>Rose, XL(44-46)",1,0,visible,,,,,taxable,parent,0,0,,0,0,,,,,0,,4000,7200,,,,,,,id:31607,,,,,,1,,,,,10,,الألوان,Rose,,1,المقاس,XL(44-46),,1,,,,,,,,,,,,,,,,,,,,,,,,,,,,,,,,,,,,,,,,,,yes,no,yes,,,product,,,,,,,,,,,,,,,,,,1775552645,,9784507061599422,,,upload,
31612,variation,,,"Burkini She rose<span> - </span>Rose, XS(36-38)",1,0,visible,,,,,taxable,parent,0,0,,0,0,,,,,0,,4000,7200,,,,,,,id:31607,,,,,,2,,,,,10,,الألوان,Rose,,1,المقاس,XS(36-38),,1,,,,,,,,,,,,,,,,,,,,,,,,,,,,,,,,,,,,,,,,,,yes,yes,yes,,,product,,,,,,,,,,,,,,,,,,,,9456159724505281,,,upload,
31615,variable,,,"Burkini She bleu",1,0,visible,,"Burkini 4 pièces : bonnet, fuseau; maillot une pièce manches longues et pareo.\n\nTissus : Micro, Lycra.\n\nQualité : Premier choix.",,,taxable,,0,,,0,0,,,,,0,,,,"Burkini, Burkini > Burkini SHE",,,"https://boutique-she.com/wp-content/uploads/2024/07/photo-2024-07-07-00-54-21.jpg, https://boutique-she.com/wp-content/uploads/2024/07/photo-2024-07-07-00-54-15.jpg, https://boutique-she.com/wp-content/uploads/2024/07/photo-2024-07-07-00-54-18.jpg",,,,,,,,,0,,,,0,10,,الألوان,bleu,1,1,المقاس,"L(42-44), M(40-42), S(38-40), XL(44-46), XS(36-38)",1,1,disable,,no,,,none,default,default,none,,,,,,,,inherit,inherit,,after,inherit,,,,text,,,,text,,,9283978671711651,,,,,,,,,,yes,yes,yes,,,product,,,,,text,,,,,text,,,,,text,,,1775552688,28,,,,,
31616,variation,,,"Burkini She bleu<span> - </span>bleu, L(42-44)",1,0,visible,,,,,taxable,parent,0,0,,0,0,,,,,0,,4000,7200,,,,,,,id:31615,,,,,,4,,,,,10,,الألوان,bleu,,1,المقاس,L(42-44),,1,,,,,,,,,,,,,,,,,,,,,,,,,,,,,,,,,,,,,,,,,,yes,yes,,,,product,,,,,,,,,,,,,,,,,,,,9628660820533500,,,upload,
31617,variation,,,"Burkini She bleu<span> - </span>bleu, M(40-42)",1,0,visible,,,,,taxable,parent,0,0,,0,0,,,,,0,,4000,7200,,,,,,,id:31615,,,,,,3,,,,,10,,الألوان,bleu,,1,المقاس,M(40-42),,1,,,,,,,,,,,,,,,,,,,,,,,,,,,,,,,,,,,,,,,,,,yes,yes,,,,product,,,,,,,,,,,,,,,,,,1775552688,,23895255113432623,,,upload,
31618,variation,,,"Burkini She bleu<span> - </span>bleu, S(38-40)",1,0,visible,,,,,taxable,parent,0,0,,0,0,,,,,0,,4000,7200,,,,,,,id:31615,,,,,,2,,,,,10,,الألوان,bleu,,1,المقاس,S(38-40),,1,,,,,,,,,,,,,,,,,,,,,,,,,,,,,,,,,,,,,,,,,,yes,yes,,,,product,,,,,,,,,,,,,,,,,,,,29421072770840463,,,upload,
31619,variation,,,"Burkini She bleu<span> - </span>bleu, XL(44-46)",1,0,visible,,,,,taxable,parent,0,0,,0,0,,,,,0,,4000,7200,,,,,,,id:31615,,,,,,5,,,,,10,,الألوان,bleu,,1,المقاس,XL(44-46),,1,,,,,,,,,,,,,,,,,,,,,,,,,,,,,,,,,,,,,,,,,,yes,yes,,,,product,,,,,,,,,,,,,,,,,,,,9555147781234851,,,upload,
31620,variation,,,"Burkini She bleu<span> - </span>bleu, XS(36-38)",1,0,visible,,,,,taxable,parent,0,0,,0,0,,,,,0,,4000,7200,,,,,,,id:31615,,,,,,1,,,,,10,,الألوان,bleu,,1,المقاس,XS(36-38),,1,,,,,,,,,,,,,,,,,,,,,,,,,,,,,,,,,,,,,,,,,,yes,yes,,,,product,,,,,,,,,,,,,,,,,,,,9594746883966956,,,upload,
31675,variable,,,"Burkini croisé palmier",1,0,visible,,"Burkini 3 pièces : bonnet, fuseau, liquette croisée.\n\nTissus : Micro, Lycra.\n\nQualité : Premier choix.",,,taxable,,0,,,0,0,,,,,1,,,,"Burkini, Burkini > Burkini Croisé",,,"https://boutique-she.com/wp-content/uploads/2024/07/photo-2024-07-07-01-35-48.jpg, https://boutique-she.com/wp-content/uploads/2024/07/photo-2024-07-07-01-35-51.jpg, https://boutique-she.com/wp-content/uploads/2024/07/photo-2024-07-07-01-35-54.jpg",,,,,,,,,0,,,,0,10,,الألوان,bleu,1,1,المقاس,"36, 38, 40, 42, 44, 46",1,1,disable,,no,,,none,default,default,none,,,,,,,,inherit,inherit,,after,inherit,,,,text,,,,text,,,,,,,,,,,,,yes,yes,yes,,,,,,,,,,,,,,,,,,,,,,90,,,,,
31676,variation,,,"Burkini croisé palmier<span> - </span>bleu, 36",1,0,visible,,,,,taxable,parent,0,,,0,0,,,,,0,,,5500,,,,,,,id:31675,,,,,,1,,,,,10,,الألوان,bleu,,1,المقاس,36,,1,,,,,,,,,,,,,,,,,,,,,,,,,,,,,,,,,,,,,,,,,,,,,,,,,,,,,,,,,,,,,,,,,,,,,,,
31677,variation,,,"Burkini croisé palmier<span> - </span>bleu, 38",1,0,visible,,,,,taxable,parent,0,,,0,0,,,,,0,,,5500,,,,,,,id:31675,,,,,,2,,,,,10,,الألوان,bleu,,1,المقاس,38,,1,,,,,,,,,,,,,,,,,,,,,,,,,,,,,,,,,,,,,,,,,,,,,,,,,,,,,,,,,,,,,,,,,,,,,,,
31679,variation,,,"Burkini croisé palmier<span> - </span>bleu, 42",1,0,visible,,,,,taxable,parent,0,,,0,0,,,,,0,,,5500,,,,,,,id:31675,,,,,,3,,,,,10,,الألوان,bleu,,1,المقاس,42,,1,,,,,,,,,,,,,,,,,,,,,,,,,,,,,,,,,,,,,,,,,,,,,,,,,,,,,,,,,,,,,,,,,,,,,,,
33632,variable,,,"Burkini She sunset",1,0,visible,,"burkini  4 pièces : maillot une pièces, fuseau, bonnet, pareo.",,,taxable,,0,,,0,0,,,,,0,,,,"Burkini, Burkini > Burkini SHE",,,"https://boutique-she.com/wp-content/uploads/2024/07/C8126451-1772-46EE-A387-7CF2118641C9-scaled.jpeg, https://boutique-she.com/wp-content/uploads/2024/07/52432841-BF9A-41E0-8ABF-B08DF51AC8B5-scaled.jpeg, https://boutique-she.com/wp-content/uploads/2024/07/42A6BAD3-4C6F-45A8-A21F-80F216FFBC8A-scaled.jpeg, https://boutique-she.com/wp-content/uploads/2024/07/C8126451-1772-46EE-A387-7CF2118641C9-scaled.jpeg, https://boutique-she.com/wp-content/uploads/2024/07/C434A129-F6FF-4B0C-8B30-5BA270A8DB76-scaled.jpeg",,,,,,,,,0,,,,0,10,,الألوان,"fushia, Orange",1,1,المقاس,"36, 38, 40, 42, 44, 46",1,1,disable,,no,,,none,default,default,none,,,,,,,,inherit,inherit,,after,inherit,,,,text,,,,text,,,8157175431007568,,,,,,,,,,yes,yes,yes,,,product,,,,,text,,,,,text,,,,,text,,,1775552550,128,,,,,
33634,variation,,,"Burkini She sunset<span> - </span>fushia, 36",1,0,visible,,,,,taxable,parent,0,0,,0,0,,,,,0,,4000,6800,,,,,,,id:33632,,,,,,1,,,,,10,,الألوان,fushia,,1,المقاس,36,,1,,,,,,,,,,,,,,,,,,,,,,,,,,,,,,,,,,,,,,,,,,yes,yes,yes,,,product,,,,,,,,,,,,,,,,,,,,8199159946793534,,,upload,
33635,variation,,,"Burkini She sunset<span> - </span>fushia, 38",1,0,visible,,,,,taxable,parent,0,0,,0,0,,,,,0,,4000,6800,,,,,,,id:33632,,,,,,2,,,,,10,,الألوان,fushia,,1,المقاس,38,,1,,,,,,,,,,,,,,,,,,,,,,,,,,,,,,,,,,,,,,,,,,yes,yes,yes,,,product,,,,,,,,,,,,,,,,,,,,8479909638699915,,,upload,
33636,variation,,,"Burkini She sunset<span> - </span>fushia, 40",1,0,visible,,,,,taxable,parent,0,0,,0,0,,,,,0,,4000,6800,,,,,,,id:33632,,,,,,3,,,,,10,,الألوان,fushia,,1,المقاس,40,,1,,,,,,,,,,,,,,,,,,,,,,,,,,,,,,,,,,,,,,,,,,yes,yes,yes,,,product,,,,,,,,,,,,,,,,,,,,26782921657958058,,,upload,
33637,variation,,,"Burkini She sunset<span> - </span>fushia, 42",1,0,visible,,,,,taxable,parent,0,,,0,0,,,,,0,,4000,6800,,,,,,,id:33632,,,,,,4,,,,,10,,الألوان,fushia,,1,المقاس,42,,1,,,,,,,,,,,,,,,,,,,,,,,,,,,,,,,,,,,,,,,,,,yes,yes,yes,,,product,,,,,,,,,,,,,,,,,,,,8049518021791647,,,upload,
33638,variation,,,"Burkini She sunset<span> - </span>fushia, 44",1,0,visible,,,,,taxable,parent,0,,,0,0,,,,,0,,4000,6800,,,,,,,id:33632,,,,,,5,,,,,10,,الألوان,fushia,,1,المقاس,44,,1,,,,,,,,,,,,,,,,,,,,,,,,,,,,,,,,,,,,,,,,,,yes,yes,yes,,,product,,,,,,,,,,,,,,,,,,,,7958373187624271,,,upload,
33639,variation,,,"Burkini She sunset<span> - </span>fushia, 46",1,0,visible,,,,,taxable,parent,0,0,,0,0,,,,,0,,4000,6800,,,,,,,id:33632,,,,,,6,,,,,10,,الألوان,fushia,,1,المقاس,46,,1,,,,,,,,,,,,,,,,,,,,,,,,,,,,,,,,,,,,,,,,,,yes,yes,yes,,,product,,,,,,,,,,,,,,,,,,,,8045604185555446,,,upload,
33640,variation,,,"Burkini She sunset<span> - </span>Orange, 36",1,0,visible,,,,,taxable,parent,0,0,,0,0,,,,,0,,4000,6800,,,,,,,id:33632,,,,,,7,,,,,10,,الألوان,Orange,,1,المقاس,36,,1,,,,,,,,,,,,,,,,,,,,,,,,,,,,,,,,,,,,,,,,,,yes,yes,yes,,,product,,,,,,,,,,,,,,,,,,1775552549,,27018721194385461,,,upload,
33641,variation,,,"Burkini She sunset<span> - </span>Orange, 38",1,0,visible,,,,,taxable,parent,0,0,,0,0,,,,,0,,4000,6800,,,,,,,id:33632,,,,,,8,,,,,10,,الألوان,Orange,,1,المقاس,38,,1,,,,,,,,,,,,,,,,,,,,,,,,,,,,,,,,,,,,,,,,,,yes,yes,yes,,,product,,,,,,,,,,,,,,,,,,,,8585610464854546,,,upload,
33642,variation,,,"Burkini She sunset<span> - </span>Orange, 40",1,0,visible,,,,,taxable,parent,0,0,,0,0,,,,,0,,4000,6800,,,,,,,id:33632,,,,,,9,,,,,10,,الألوان,Orange,,1,المقاس,40,,1,,,,,,,,,,,,,,,,,,,,,,,,,,,,,,,,,,,,,,,,,,yes,yes,yes,,,product,,,,,,,,,,,,,,,,,,,,7772501989526119,,,upload,
33643,variation,,,"Burkini She sunset<span> - </span>Orange, 42",1,0,visible,,,,,taxable,parent,0,0,,0,0,,,,,0,,4000,6800,,,,,,,id:33632,,,,,,10,,,,,10,,الألوان,Orange,,1,المقاس,42,,1,,,,,,,,,,,,,,,,,,,,,,,,,,,,,,,,,,,,,,,,,,yes,yes,yes,,,product,,,,,,,,,,,,,,,,,,,,8327752023957930,,,upload,
33644,variation,,,"Burkini She sunset<span> - </span>Orange, 44",1,0,visible,,,,,taxable,parent,0,,,0,0,,,,,0,,4000,6800,,,,,,,id:33632,,,,,,11,,,,,10,,الألوان,Orange,,1,المقاس,44,,1,,,,,,,,,,,,,,,,,,,,,,,,,,,,,,,,,,,,,,,,,,yes,yes,yes,,,product,,,,,,,,,,,,,,,,,,,,26306830842295967,,,upload,
33645,variation,,,"Burkini She sunset<span> - </span>Orange, 46",1,0,visible,,,,,taxable,parent,0,,,0,0,,,,,0,,4000,6800,,,,,,,id:33632,,,,,,12,,,,,10,,الألوان,Orange,,1,المقاس,46,,1,,,,,,,,,,,,,,,,,,,,,,,,,,,,,,,,,,,,,,,,,,yes,yes,yes,,,product,,,,,,,,,,,,,,,,,,,,7912255472218895,,,upload,
46385,variable,,,"Sac Bambou",1,0,visible,,,,,taxable,,0,,,0,0,,,,,0,,,,"Sacs > Sac de plage, Sacs",,,"https://boutique-she.com/wp-content/uploads/2025/05/00715428-679E-41D9-9974-D1C14E2AC884-scaled.jpeg, https://boutique-she.com/wp-content/uploads/2025/05/55B057A7-982A-4A96-87C8-97FC6213B82B-scaled.jpeg, https://boutique-she.com/wp-content/uploads/2025/05/F4BB3280-2E64-4FE6-BAE2-3EE9774A362D-scaled.jpeg, https://boutique-she.com/wp-content/uploads/2025/05/00715428-679E-41D9-9974-D1C14E2AC884-scaled.jpeg",,,,,,,,,0,,,,0,10,,الألوان,"Beige, crème",1,1,,,,,none,,no,,,none,default,default,none,,,,,,,,inherit,inherit,,after,inherit,,,,text,,,,text,,,9725702250852798,,,,,,,,,,yes,yes,yes,,,product,,,,,text,,,,,text,,,,,text,,,1778934837,2,,,,,
46389,variation,,,"Sac Bambou<span> - </span>Beige",1,0,visible,,,,,taxable,parent,0,,,0,0,,,,,0,,2500,4800,,,,https://boutique-she.com/wp-content/uploads/2025/05/55B057A7-982A-4A96-87C8-97FC6213B82B-scaled.jpeg,,,id:46385,,,,,,1,,,,,10,,الألوان,Beige,,1,,,,,,,,,,,,,,,,,,,,,,,,,,,,,,,,,,,,,,,,,,,,,,yes,yes,,,,product,,,,,,,,,,,,,,,,,,1777903920,,,,,upload,
46390,variation,,,"Sac Bambou<span> - </span>crème",1,0,visible,,,,,taxable,parent,0,0,,0,0,,,,,0,,2500,4800,,,,https://boutique-she.com/wp-content/uploads/2025/05/F4BB3280-2E64-4FE6-BAE2-3EE9774A362D-scaled.jpeg,,,id:46385,,,,,,2,,,,,10,,الألوان,crème,,1,,,,,,,,,,,,,,,,,,,,,,,,,,,,,,,,,,,,,,,,,,,,,,yes,yes,,,,product,,,,,,,,,,,,,,,,,,1778934836,,,,,upload,
46392,variable,,,"Sac à Frange",1,0,visible,,,,,taxable,,1,,,0,0,,,,,0,,,,"Sacs > Sac de plage, Sacs",,,"https://boutique-she.com/wp-content/uploads/2025/05/9E3D3449-2FD4-4DEA-BA90-EDDDA51A7048-scaled.jpeg, https://boutique-she.com/wp-content/uploads/2025/05/A9D2AEEB-EFD8-479F-865A-6DC6B715E217-scaled.jpeg, https://boutique-she.com/wp-content/uploads/2025/05/8CAC7CE6-7FB4-439D-B856-A5B2C7CC66C0-scaled.jpeg, https://boutique-she.com/wp-content/uploads/2025/05/9E3D3449-2FD4-4DEA-BA90-EDDDA51A7048-scaled.jpeg",,,,,,,,,0,,,,0,10,,الألوان,"Beige, crème",1,1,,,,,none,,no,,,none,default,default,none,,,,,,,,inherit,inherit,,after,inherit,,,,text,,,,text,,,9263696647064429,,,,,,,,,,yes,yes,yes,,,product,,,,,text,,,,,text,,,,,text,,,1778341817,4,,,,,
46393,variation,,,"Sac à Frange<span> - </span>Beige",1,0,visible,,,,,taxable,parent,1,13,,0,0,,,,,0,,2500,4500,,,,https://boutique-she.com/wp-content/uploads/2025/05/A9D2AEEB-EFD8-479F-865A-6DC6B715E217-scaled.jpeg,,,id:46392,,,,,,1,,,,,10,,الألوان,Beige,,1,,,,,,,,,,,,,,,,,,,,,,,,,,,,,,,,,,,,,,,,,,,,,,yes,yes,,,,product,,,,,,,,,,,,,,,,,,1778341817,,23903987735887162,,,upload,
46394,variation,,,"Sac à Frange<span> - </span>crème",1,0,visible,,,,,taxable,parent,1,2,,0,0,,,,,0,,2500,4500,,,,https://boutique-she.com/wp-content/uploads/2025/05/8CAC7CE6-7FB4-439D-B856-A5B2C7CC66C0-scaled.jpeg,,,id:46392,,,,,,2,,,,,10,,الألوان,crème,,1,,,,,,,,,,,,,,,,,,,,,,,,,,,,,,,,,,,,,,,,,,,,,,yes,yes,,,,product,,,,,,,,,,,,,,,,,,1778341817,,9670820879681910,,,upload,
46400,variable,,,"sac à Rayures larges",1,0,visible,,,,,taxable,,0,,,0,0,,,,,0,,,,"Sacs > Sac de plage, Sacs",,,"https://boutique-she.com/wp-content/uploads/2025/05/A8EB38EF-0DA1-480D-AAD7-BBCCD52B306C-scaled.jpeg, https://boutique-she.com/wp-content/uploads/2025/05/A8EB38EF-0DA1-480D-AAD7-BBCCD52B306C-scaled.jpeg, https://boutique-she.com/wp-content/uploads/2025/05/EE1CA497-6526-4FDC-B4ED-2BD773CD6058-scaled.jpeg, https://boutique-she.com/wp-content/uploads/2025/05/D8721166-822A-4E8D-8B5F-8FA66A175280-scaled.jpeg",,,,,,,,,0,,,,0,10,,الألوان,"Beige, crème",1,1,,,,,none,,no,,,none,default,default,none,,,,,,,,inherit,inherit,,after,inherit,,,,text,,,,text,,,9826700294082680,,,,,,,,,,yes,yes,yes,,,product,,,,,text,,,,,text,,,,,text,,,1779487490,,,,,,
46401,variation,,,"sac à Rayures larges<span> - </span>Beige",1,0,visible,,,,,taxable,parent,0,0,,0,0,,,,,0,,2500,4200,,,,https://boutique-she.com/wp-content/uploads/2025/05/EE1CA497-6526-4FDC-B4ED-2BD773CD6058-scaled.jpeg,,,id:46400,,,,,,1,,,,,10,,الألوان,Beige,,1,,,,,,,,,,,,,,,,,,,,,,,,,,,,,,,,,,,,,,,,,,,,,,yes,yes,,,,product,,,,,,,,,,,,,,,,,,1779487490,,29769957612651457,,,upload,
46402,variation,,,"sac à Rayures larges<span> - </span>crème",1,0,visible,,,,,taxable,parent,0,,,0,0,,,,,0,,2500,4200,,,,https://boutique-she.com/wp-content/uploads/2025/05/D8721166-822A-4E8D-8B5F-8FA66A175280-scaled.jpeg,,,id:46400,,,,,,2,,,,,10,,الألوان,crème,,1,,,,,,,,,,,,,,,,,,,,,,,,,,,,,,,,,,,,,,,,,,,,,,yes,yes,,,,product,,,,,,,,,,,,,,,,,,,,29644860228492332,,,upload,
46409,variable,,,"sac à Rayures fines",1,0,visible,,,,,taxable,,0,,,0,0,,,,,0,,,,"Sacs > Sac de plage, Sacs",,,"https://boutique-she.com/wp-content/uploads/2025/05/B654BC17-CA95-48F6-97F6-524F0F4276FA-scaled.jpeg, https://boutique-she.com/wp-content/uploads/2025/05/B654BC17-CA95-48F6-97F6-524F0F4276FA-scaled.jpeg, https://boutique-she.com/wp-content/uploads/2025/05/CC1EE877-6AEB-48A9-BD99-D1BD3C18EEDE-scaled.jpeg, https://boutique-she.com/wp-content/uploads/2025/05/233195EA-7274-4EC4-BB80-FB6EAECA23AA-scaled.jpeg",,,,,,,,,0,,,,0,10,,الألوان,"blanc, Noir",1,1,,,,,none,,no,,,none,default,default,none,,,,,,,,inherit,inherit,,after,inherit,,,,text,,,,text,,,10020683994712102,,,,,,,,,,yes,yes,yes,,,product,,,,,text,,,,,text,,,,,text,,,1777903825,,,,,,
46412,variable,,,"sac en paille tressé",1,0,visible,,,,,taxable,,1,,,0,0,,,,,0,,,,"Sacs > Sac de plage, Sacs",,,"https://boutique-she.com/wp-content/uploads/2025/05/7137FDBF-B365-418F-8457-D23A99215C6A-scaled.jpeg, https://boutique-she.com/wp-content/uploads/2025/05/7137FDBF-B365-418F-8457-D23A99215C6A-scaled.jpeg, https://boutique-she.com/wp-content/uploads/2025/05/FFBAB8A4-30CE-4181-BF2E-ECB3A739C4C3-scaled.jpeg, https://boutique-she.com/wp-content/uploads/2025/05/897C7572-FE93-4A6E-88B3-F74F035924B9-scaled.jpeg",,,,,,,,,0,,,,0,10,,الألوان,"Beige, crème",1,1,,,,,none,,no,,,none,default,default,none,,,,,,,,inherit,inherit,,after,inherit,,,,text,,,,text,,,10037106519738275,,,,,,,,,,yes,yes,yes,,,product,,,,,text,,,,,text,,,,,text,,,1778341717,1,,,,,
46413,variation,,,"sac en paille tressé<span> - </span>Beige",1,0,visible,,,,,taxable,parent,1,7,,0,0,,,,,0,,2500,4500,,,,https://boutique-she.com/wp-content/uploads/2025/05/897C7572-FE93-4A6E-88B3-F74F035924B9-scaled.jpeg,,,id:46412,,,,,,1,,,,,10,,الألوان,Beige,,1,,,,,,,,,,,,,,,,,,,,,,,,,,,,,,,,,,,,,,,,,,,,,,yes,yes,,,,product,,,,,,,,,,,,,,,,,,1778341717,,9352012578237918,,,upload,
46414,variation,,,"sac en paille tressé<span> - </span>crème",1,0,visible,,,,,taxable,parent,0,,,0,0,,,,,0,,2500,4500,,,,https://boutique-she.com/wp-content/uploads/2025/05/FFBAB8A4-30CE-4181-BF2E-ECB3A739C4C3-scaled.jpeg,,,id:46412,,,,,,2,,,,,10,,الألوان,crème,,1,,,,,,,,,,,,,,,,,,,,,,,,,,,,,,,,,,,,,,,,,,,,,,yes,yes,,,,product,,,,,,,,,,,,,,,,,,,,23939320342371291,,,upload,
46419,variable,,,"sac style crochet",1,0,visible,,,,,taxable,,0,,,0,0,,,,,1,,,,"Sacs > Sac de plage, Sacs",,,"https://boutique-she.com/wp-content/uploads/2025/05/13954768-C1F4-4A9C-AD79-508EDD78CBE7-scaled.jpeg, https://boutique-she.com/wp-content/uploads/2025/05/13954768-C1F4-4A9C-AD79-508EDD78CBE7-scaled.jpeg, https://boutique-she.com/wp-content/uploads/2025/05/E41DFF79-3F1A-4D87-8E23-E858742BB4C5-scaled.jpeg, https://boutique-she.com/wp-content/uploads/2025/05/4EF107E0-8DB7-49CD-B995-E37386B174E0-scaled.jpeg",,,,,,,,,0,,,,0,10,,الألوان,"Beige, Noir",1,1,,,,,none,,no,,,none,default,default,none,,,,,,,,inherit,inherit,,after,inherit,,,,text,,,,text,,,23961292026842156,,,,,,,,,,yes,yes,yes,,,product,,,,,text,,,,,text,,,,,text,,,1758986816,1,,,,,
46420,variation,,,"sac style crochet<span> - </span>Beige",1,0,visible,,,,,taxable,parent,0,,,0,0,,,,,0,,2500,4800,,,,https://boutique-she.com/wp-content/uploads/2025/05/4EF107E0-8DB7-49CD-B995-E37386B174E0-scaled.jpeg,,,id:46419,,,,,,1,,,,,10,,الألوان,Beige,,1,,,,,,,,,,,,,,,,,,,,,,,,,,,,,,,,,,,,,,,,,,,,,,yes,yes,,,,product,,,,,,,,,,,,,,,,,,,,,,,,
46421,variation,,,"sac style crochet<span> - </span>Noir",1,0,visible,,,,,taxable,parent,0,0,,0,0,,,,,0,,2500,4800,,,,https://boutique-she.com/wp-content/uploads/2025/05/E41DFF79-3F1A-4D87-8E23-E858742BB4C5-scaled.jpeg,,,id:46419,,,,,,2,,,,,10,,الألوان,Noir,,1,,,,,,,,,,,,,,,,,,,,,,,,,,,,,,,,,,,,,,,,,,,,,,yes,yes,,,,product,,,,,,,,,,,,,,,,,,1758986815,,,,,,
46425,variable,,,"sac Océane",1,0,visible,,,,,taxable,,0,,,0,0,,,,,0,,,,"Sacs > Sac de plage, Sacs",,,"https://boutique-she.com/wp-content/uploads/2025/05/B6EEA4D7-E504-4395-9BD2-2B15347B3BB9-scaled.jpeg, https://boutique-she.com/wp-content/uploads/2025/05/B6EEA4D7-E504-4395-9BD2-2B15347B3BB9-scaled.jpeg, https://boutique-she.com/wp-content/uploads/2025/05/B9C31A41-960E-47CE-B229-E22B33C8A3D4-scaled.jpeg, https://boutique-she.com/wp-content/uploads/2025/05/2CBCA282-2F08-4F75-8E45-B0D36F9A4F60-scaled.jpeg",,,,,,,,,0,,,,0,10,,الألوان,"Beige, crème",1,1,,,,,none,,no,,,none,default,default,none,,,,,,,,inherit,inherit,,after,inherit,,,,text,,,,text,,,24447192251535790,,,,,,,,,,yes,yes,yes,,,product,,,,,text,,,,,text,,,,,text,,,1779450269,3,,,,,
46431,variable,,,"Sac rayon d’été",1,0,visible,,,,,taxable,,0,,,0,0,,,,,1,,,,"Sacs > Sac de plage, Sacs",,,"https://boutique-she.com/wp-content/uploads/2025/05/300F0188-2E3B-40E9-967F-BA6574E29357-scaled.jpeg, https://boutique-she.com/wp-content/uploads/2025/05/300F0188-2E3B-40E9-967F-BA6574E29357-scaled.jpeg, https://boutique-she.com/wp-content/uploads/2025/05/92C1F849-651C-4EA9-ABEB-86E2AB1690D6-scaled.jpeg, https://boutique-she.com/wp-content/uploads/2025/05/DA723761-C224-4FD7-AFCC-EF6D1CB57468-scaled.jpeg",,,,,,,,,0,,,,0,10,,الألوان,"Beige, crème",1,1,,,,,none,,no,,,none,default,default,none,,,,,,,,inherit,inherit,,after,inherit,,,,text,,,,text,,,24125103537102699,,,,,,,,,,yes,yes,yes,,,product,,,,,text,,,,,text,,,,,text,,,,1,,,,,,
46432,variation,,,"Sac rayon d’été<span> - </span>Beige",1,0,visible,,,,,taxable,parent,0,,,0,0,,,,,0,,2500,4500,,,,https://boutique-she.com/wp-content/uploads/2025/05/92C1F849-651C-4EA9-ABEB-86E2AB1690D6-scaled.jpeg,,,id:46431,,,,,,1,,,,,10,,الألوان,Beige,,1,,,,,,,,,,,,,,,,,,,,,,,,,,,,,,,,,,,,,,,,,,,,,,yes,yes,,,,product,,,,,,,,,,,,,,,,,,,,,,,,,
46433,variation,,,"Sac rayon d’été<span> - </span>crème",1,0,visible,,,,,taxable,parent,0,,,0,0,,,,,0,,2500,4500,,,,https://boutique-she.com/wp-content/uploads/2025/05/DA723761-C224-4FD7-AFCC-EF6D1CB57468-scaled.jpeg,,,id:46431,,,,,,2,,,,,10,,الألوان,crème,,1,,,,,,,,,,,,,,,,,,,,,,,,,,,,,,,,,,,,,,,,,,,,,,yes,yes,,,,product,,,,,,,,,,,,,,,,,,,,,,,,,
46437,variable,,,"Sac tricoté",1,0,visible,,,,,taxable,,1,,,0,0,,,,,0,,,,"Sacs > Sac de plage, Sacs",,,"https://boutique-she.com/wp-content/uploads/2025/05/9A208F95-6C75-4AD0-B4B1-4952DF592C97-scaled.jpeg, https://boutique-she.com/wp-content/uploads/2025/05/9A208F95-6C75-4AD0-B4B1-4952DF592C97-scaled.jpeg, https://boutique-she.com/wp-content/uploads/2025/05/D75B4489-4BAB-41A3-AA07-5A4987519E21-scaled.jpeg, https://boutique-she.com/wp-content/uploads/2025/05/DC0F8157-B443-4C83-96A7-E00869603BC5-scaled.jpeg",,,,,,,,,0,,,,0,10,,الألوان,"Beige, crème",1,1,,,,,none,,no,,,none,default,default,none,,,,,,,,inherit,inherit,,after,inherit,,,,text,,,,text,,,30706218012310759,,,,,,,,,,yes,yes,yes,,,product,,,,,text,,,,,text,,,,,text,,,1778342073,11,,,,,,
46438,variation,,,"Sac tricoté<span> - </span>Beige",1,0,visible,,,,,taxable,parent,1,10,,0,0,,,,,0,,2500,4500,,,,https://boutique-she.com/wp-content/uploads/2025/05/D75B4489-4BAB-41A3-AA07-5A4987519E21-scaled.jpeg,,,id:46437,,,,,,1,,,,,10,,الألوان,Beige,,1,,,,,,,,,,,,,,,,,,,,,,,,,,,,,,,,,,,,,,,,,,,,,,yes,yes,,,,product,,,,,,,,,,,,,,,,,,1778342073,,,,,upload,,
46439,variation,,,"Sac tricoté<span> - </span>crème",1,0,visible,,,,,taxable,parent,1,1,,0,0,,,,,0,,2500,4500,,,,https://boutique-she.com/wp-content/uploads/2025/05/DC0F8157-B443-4C83-96A7-E00869603BC5-scaled.jpeg,,,id:46437,,,,,,2,,,,,10,,الألوان,crème,,1,,,,,,,,,,,,,,,,,,,,,,,,,,,,,,,,,,,,,,,,,,,,,,yes,yes,,,,product,,,,,,,,,,,,,,,,,,1780129270,,,,,upload,,
46445,variable,,,"Sac Canggu",1,0,visible,,,,,taxable,,0,,,0,0,,,,,1,,,,"Sacs > Sac de plage, Sacs",,,"https://boutique-she.com/wp-content/uploads/2025/05/572A0649-6C25-4251-9B88-59ED8EB558CB-scaled.jpeg, https://boutique-she.com/wp-content/uploads/2025/05/572A0649-6C25-4251-9B88-59ED8EB558CB-scaled.jpeg, https://boutique-she.com/wp-content/uploads/2025/05/D2C4734A-BFDA-442C-BBB2-A5C20DC2DE8D-scaled.jpeg",,,,,,,,,0,,,,0,10,,الألوان,Beige,1,1,,,,,none,,no,,,none,default,default,none,,,,,,,,inherit,inherit,,after,inherit,,,,text,,,,text,,,9642109225899206,,,,,,,,,,yes,yes,yes,,,product,,,,,text,,,,,text,,,,,text,,,,2,,,,,,
46450,variation,,,"Sac Canggu<span> - </span>Beige",1,0,visible,,,,,taxable,parent,0,,,0,0,,,,,0,,2500,4500,,,,https://boutique-she.com/wp-content/uploads/2025/05/D2C4734A-BFDA-442C-BBB2-A5C20DC2DE8D-scaled.jpeg,,,id:46445,,,,,,1,,,,,10,,الألوان,Beige,,1,,,,,,,,,,,,,,,,,,,,,,,,,,,,,,,,,,,,,,,,,,,,,,yes,yes,,,,product,,,,,,,,,,,,,,,,,,,,,,,,,
46638,variable,,,"Sac Luna",1,0,visible,,,,,taxable,,1,,,0,0,,,,,0,,,,Sacs,,,"https://boutique-she.com/wp-content/uploads/2025/06/910B3414-282A-4C32-9684-B0A3D00B0D96-scaled.jpeg, https://boutique-she.com/wp-content/uploads/2025/06/910B3414-282A-4C32-9684-B0A3D00B0D96-scaled.jpeg, https://boutique-she.com/wp-content/uploads/2025/06/BF70C975-0572-4D31-A043-D92244B49CF7-scaled.jpeg, https://boutique-she.com/wp-content/uploads/2025/06/37755FBF-AC48-43DF-A436-E226600F5F28-scaled.jpeg, https://boutique-she.com/wp-content/uploads/2025/06/A1DD5A7C-F86A-4247-ACBC-B1721E20FF51-scaled.jpeg, https://boutique-she.com/wp-content/uploads/2025/06/3E33D075-69C9-4B13-B591-98DDC0B714A4-scaled.jpeg, https://boutique-she.com/wp-content/uploads/2025/06/904C548F-6007-4310-A63E-BBCB183E06B6-scaled.jpeg, https://boutique-she.com/wp-content/uploads/2025/06/D2695C51-0AAB-474B-9B2F-40B38EB74C86-scaled.jpeg, https://boutique-she.com/wp-content/uploads/2025/06/A6517E05-8F9E-4193-B97F-DDD6CD978C4F-scaled.jpeg",,,,,,,,,0,,,,0,10,,الألوان,"Beige, crème, Marron, Noir, Taupe, Vert",1,1,,,,,none,,no,,,none,default,default,none,,,,,,,,inherit,inherit,,after,inherit,,,,text,,,,text,,,9814410208624500,,,,,,,,,,yes,yes,yes,,,product,,,,,text,,,,,text,,,,,text,,,,10,,,,,,
46647,variation,,,"Sac Luna<span> - </span>Beige",1,0,visible,,,,,taxable,parent,1,6,,0,0,,,,,0,,2500,3500,,,,https://boutique-she.com/wp-content/uploads/2025/06/904C548F-6007-4310-A63E-BBCB183E06B6-scaled.jpeg,,,id:46638,,,,,,1,,,,,10,,الألوان,Beige,,1,,,,,,,,,,,,,,,,,,,,,,,,,,,,,,,,,,,,,,,,,,,,,,yes,yes,,,,product,,,,,,,,,,,,,,,,,,1778409727,,10025637130882659,,,upload,,
46648,variation,,,"Sac Luna<span> - </span>Marron",1,0,visible,,,,,taxable,parent,0,0,,0,0,,,,,0,,2500,3500,,,,https://boutique-she.com/wp-content/uploads/2025/06/3E33D075-69C9-4B13-B591-98DDC0B714A4-scaled.jpeg,,,id:46638,,,,,,2,,,,,10,,الألوان,Marron,,1,,,,,,,,,,,,,,,,,,,,,,,,,,,,,,,,,,,,,,,,,,,,,,yes,yes,,,,product,,,,,,,,,,,,,,,,,,1778409727,,29662494846732333,,,upload,,
46649,variation,,,"Sac Luna<span> - </span>Noir",1,0,visible,,,,,taxable,parent,1,5,,0,0,,,,,0,,2500,3500,,,,https://boutique-she.com/wp-content/uploads/2025/06/A1DD5A7C-F86A-4247-ACBC-B1721E20FF51-scaled.jpeg,,,id:46638,,,,,,3,,,,,10,,الألوان,Noir,,1,,,,,,,,,,,,,,,,,,,,,,,,,,,,,,,,,,,,,,,,,,,,,,yes,yes,,,,product,,,,,,,,,,,,,,,,,,1778409727,,29983933444585917,,,upload,,
46650,variation,,,"Sac Luna<span> - </span>Vert",1,0,visible,,,,,taxable,parent,1,1,,0,0,,,,,0,,2500,3500,,,,https://boutique-she.com/wp-content/uploads/2025/06/37755FBF-AC48-43DF-A436-E226600F5F28-scaled.jpeg,,,id:46638,,,,,,4,,,,,10,,الألوان,Vert,,1,,,,,,,,,,,,,,,,,,,,,,,,,,,,,,,,,,,,,,,,,,,,,,yes,yes,,,,product,,,,,,,,,,,,,,,,,,1778409822,,23946119621667253,,,upload,,
46651,variation,,,"Sac Luna<span> - </span>crème",1,0,visible,,,,,taxable,parent,0,,,0,0,,,,,0,,2500,3500,,,,https://boutique-she.com/wp-content/uploads/2025/06/A6517E05-8F9E-4193-B97F-DDD6CD978C4F-scaled.jpeg,,,id:46638,,,,,,5,,,,,10,,الألوان,crème,,1,,,,,,,,,,,,,,,,,,,,,,,,,,,,,,,,,,,,,,,,,,,,,,yes,yes,,,,product,,,,,,,,,,,,,,,,,,,,30150756644538584,,,upload,,
46652,variation,,,"Sac Luna<span> - </span>Taupe",1,0,visible,,,,,taxable,parent,1,2,,0,0,,,,,0,,2500,3500,,,,https://boutique-she.com/wp-content/uploads/2025/06/BF70C975-0572-4D31-A043-D92244B49CF7-scaled.jpeg,,,id:46638,,,,,,6,,,,,10,,الألوان,Taupe,,1,,,,,,,,,,,,,,,,,,,,,,,,,,,,,,,,,,,,,,,,,,,,,,yes,yes,,,,product,,,,,,,,,,,,,,,,,,1778409728,,9479002748872437,,,upload,,
46658,variable,,,"Sac Sally",1,0,visible,,,,,taxable,,0,,,0,0,,,,,1,,,,Sacs,,,"https://boutique-she.com/wp-content/uploads/2025/06/1E65915B-FEE6-4CA0-B0A5-7DA3649FFDEA-scaled.jpeg, https://boutique-she.com/wp-content/uploads/2025/06/1E65915B-FEE6-4CA0-B0A5-7DA3649FFDEA-scaled.jpeg, https://boutique-she.com/wp-content/uploads/2025/06/55D5924A-BA92-44E4-8D5C-356F29B65667-scaled.jpeg, https://boutique-she.com/wp-content/uploads/2025/06/EAA8508C-2CA5-445A-8576-6D09C88D436F-scaled.jpeg, https://boutique-she.com/wp-content/uploads/2025/06/91058528-2EB1-4E75-9D81-A441E13BF0E4-scaled.jpeg, https://boutique-she.com/wp-content/uploads/2025/06/C0998429-C91A-4817-90C6-14D640A31CB5-scaled.jpeg",,,,,,,,,0,,,,0,10,,الألوان,"Beige, caramel, Marron, Noir",1,1,,,,,none,,no,,,none,default,default,none,,,,,,,,inherit,inherit,,after,inherit,,,,text,,,,text,,,29909741485308188,,,,,,,,,,yes,yes,yes,,,product,,,,,text,,,,,text,,,,,text,,,1765892266,2,,,,,,
46670,variation,,,"Sac Sally<span> - </span>Beige",1,0,visible,,,,,taxable,parent,0,0,,0,0,,,,,0,,2500,4500,,,,https://boutique-she.com/wp-content/uploads/2025/06/91058528-2EB1-4E75-9D81-A441E13BF0E4-scaled.jpeg,,,id:46658,,,,,,1,,,,,10,,الألوان,Beige,,1,,,,,,,,,,,,,,,,,,,,,,,,,,,,,,,,,,,,,,,,,,,,,,yes,yes,,,,product,,,,,,,,,,,,,,,,,,,,,,,,,
46671,variation,,,"Sac Sally<span> - </span>Marron",1,0,visible,,,,,taxable,parent,0,,,0,0,,,,,0,,2500,4500,,,,https://boutique-she.com/wp-content/uploads/2025/06/C0998429-C91A-4817-90C6-14D640A31CB5-scaled.jpeg,,,id:46658,,,,,,2,,,,,10,,الألوان,Marron,,1,,,,,,,,,,,,,,,,,,,,,,,,,,,,,,,,,,,,,,,,,,,,,,yes,yes,,,,product,,,,,,,,,,,,,,,,,,,,,,,,,
46672,variation,,,"Sac Sally<span> - </span>Noir",1,0,visible,,,,,taxable,parent,0,0,,0,0,,,,,0,,2500,4500,,,,https://boutique-she.com/wp-content/uploads/2025/06/EAA8508C-2CA5-445A-8576-6D09C88D436F-scaled.jpeg,,,id:46658,,,,,,3,,,,,10,,الألوان,Noir,,1,,,,,,,,,,,,,,,,,,,,,,,,,,,,,,,,,,,,,,,,,,,,,,yes,yes,,,,product,,,,,,,,,,,,,,,,,,1765892265,,,,,,,
46673,variation,,,"Sac Sally<span> - </span>caramel",1,0,visible,,,,,taxable,parent,0,,,0,0,,,,,0,,2500,4500,,,,https://boutique-she.com/wp-content/uploads/2025/06/55D5924A-BA92-44E4-8D5C-356F29B65667-scaled.jpeg,,,id:46658,,,,,,4,,,,,10,,الألوان,caramel,,1,,,,,,,,,,,,,,,,,,,,,,,,,,,,,,,,,,,,,,,,,,,,,,yes,yes,,,,product,,,,,,,,,,,,,,,,,,,,,,,,,
46675,variable,,,"Sac Lola",1,0,visible,,,,,taxable,,1,,,0,0,,,,,1,,,,Sacs,,,"https://boutique-she.com/wp-content/uploads/2025/06/52B0DA09-2D3E-40B3-A665-8BD033AA90CB-scaled.jpeg, https://boutique-she.com/wp-content/uploads/2025/06/52B0DA09-2D3E-40B3-A665-8BD033AA90CB-scaled.jpeg, https://boutique-she.com/wp-content/uploads/2025/06/771739CF-D269-4BE7-8C9C-FE9C65EE24D6-scaled.jpeg, https://boutique-she.com/wp-content/uploads/2025/06/D47F9081-41B3-4DCA-9CF1-573055AA9CEA-scaled.jpeg, https://boutique-she.com/wp-content/uploads/2025/06/CD587657-3AF8-401F-9C99-443052273161-scaled.jpeg, https://boutique-she.com/wp-content/uploads/2025/06/4FEDCB18-CD96-443C-93ED-8E82DB9B3538-scaled.jpeg, https://boutique-she.com/wp-content/uploads/2025/06/50DF61F3-2509-451C-B465-C7813C8EE5BD-scaled.jpeg, https://boutique-she.com/wp-content/uploads/2025/06/C5B62AA8-9C82-40DF-8056-02579C7882F4-scaled.jpeg",,,,,,,,,0,,,,0,10,,الألوان,"Beige, bleu ciel, crème, Marron, Noir, Rose",1,1,,,,,none,,no,,,none,default,default,none,,,,,,,,inherit,inherit,,after,inherit,,,,text,,,,text,,,24209998675251422,,,,,,,,,,yes,yes,yes,,,product,,,,,text,,,,,text,,,,,text,,,,8,,,,,,
46676,variation,,,"Sac Lola<span> - </span>Beige",1,0,visible,,,,,taxable,parent,0,0,,0,0,,,,,0,,2500,3500,,,,https://boutique-she.com/wp-content/uploads/2025/06/CD587657-3AF8-401F-9C99-443052273161-scaled.jpeg,,,id:46675,,,,,,4,,,,,10,,الألوان,Beige,,1,,,,,,,,,,,,,,,,,,,,,,,,,,,,,,,,,,,,,,,,,,,,,,yes,yes,,,,product,,,,,,,,,,,,,,,,,,1758954472,,,,,,,
46677,variation,,,"Sac Lola<span> - </span>Marron",1,0,visible,,,,,taxable,parent,0,0,,0,0,,,,,0,,2500,3500,,,,https://boutique-she.com/wp-content/uploads/2025/06/C5B62AA8-9C82-40DF-8056-02579C7882F4-scaled.jpeg,,,id:46675,,,,,,5,,,,,10,,الألوان,Marron,,1,,,,,,,,,,,,,,,,,,,,,,,,,,,,,,,,,,,,,,,,,,,,,,yes,yes,,,,product,,,,,,,,,,,,,,,,,,1777489462,,,,,,,
46678,variation,,,"Sac Lola<span> - </span>Noir",1,0,visible,,,,,taxable,parent,1,4,,0,0,,,,,0,,2500,3500,,,,https://boutique-she.com/wp-content/uploads/2025/06/4FEDCB18-CD96-443C-93ED-8E82DB9B3538-scaled.jpeg,,,id:46675,,,,,,6,,,,,10,,الألوان,Noir,,1,,,,,,,,,,,,,,,,,,,,,,,,,,,,,,,,,,,,,,,,,,,,,,yes,yes,,,,product,,,,,,,,,,,,,,,,,,,,,,,,,
46687,variation,,,"Sac Lola<span> - </span>bleu ciel",1,0,visible,,,,,taxable,parent,0,,,0,0,,,,,0,,2500,3500,,,,https://boutique-she.com/wp-content/uploads/2025/06/771739CF-D269-4BE7-8C9C-FE9C65EE24D6-scaled.jpeg,,,id:46675,,,,,,1,,,,,10,,الألوان,"bleu ciel",,1,,,,,,,,,,,,,,,,,,,,,,,,,,,,,,,,,,,,,,,,,,,,,,yes,yes,,,,product,,,,,,,,,,,,,,,,,,,,,,,,,
46688,variation,,,"Sac Lola<span> - </span>Rose",1,0,visible,,,,,taxable,parent,0,,,0,0,,,,,0,,2500,3500,,,,https://boutique-she.com/wp-content/uploads/2025/06/D47F9081-41B3-4DCA-9CF1-573055AA9CEA-scaled.jpeg,,,id:46675,,,,,,2,,,,,10,,الألوان,Rose,,1,,,,,,,,,,,,,,,,,,,,,,,,,,,,,,,,,,,,,,,,,,,,,,yes,yes,,,,product,,,,,,,,,,,,,,,,,,,,,,,,,
46689,variation,,,"Sac Lola<span> - </span>crème",1,0,visible,,,,,taxable,parent,0,0,,0,0,,,,,0,,2500,3500,,,,https://boutique-she.com/wp-content/uploads/2025/06/50DF61F3-2509-451C-B465-C7813C8EE5BD-scaled.jpeg,,,id:46675,,,,,,3,,,,,10,,الألوان,crème,,1,,,,,,,,,,,,,,,,,,,,,,,,,,,,,,,,,,,,,,,,,,,,,,yes,yes,,,,product,,,,,,,,,,,,,,,,,,,,,,,,,
46690,variable,,,"Sac Musa",1,0,visible,,,,,taxable,,1,,,0,0,,,,,0,,,,Sacs,,,"https://boutique-she.com/wp-content/uploads/2025/06/F48D2908-5439-45A4-8DB5-BC9F5608EA6D-scaled.jpeg, https://boutique-she.com/wp-content/uploads/2025/06/F48D2908-5439-45A4-8DB5-BC9F5608EA6D-scaled.jpeg, https://boutique-she.com/wp-content/uploads/2025/06/FB20CEB5-35AE-4DF1-938D-9367D0DDFF42-scaled.jpeg, https://boutique-she.com/wp-content/uploads/2025/06/9A828C77-6491-4530-BD4F-1BA9ECC58806-scaled.jpeg, https://boutique-she.com/wp-content/uploads/2025/06/814CD13D-7EB8-426F-B7B9-9D0CE5AED5FD-scaled.jpeg",,,,,,,,,0,,,,0,10,,الألوان,"Marron, Noir, Taupe",1,1,,,,,none,,no,,,none,default,default,none,,,,,,,,inherit,inherit,,after,inherit,,,,text,,,,text,,,9867182120046725,,,,,,,,,,yes,yes,yes,,,product,,,,,text,,,,,text,,,,,text,,,,4,,,,,,
46691,variation,,,"Sac Musa<span> - </span>Taupe",1,0,visible,,,,,taxable,parent,0,,,0,0,,,,,0,,2500,4500,,,,https://boutique-she.com/wp-content/uploads/2025/06/FB20CEB5-35AE-4DF1-938D-9367D0DDFF42-scaled.jpeg,,,id:46690,,,,,,1,,,,,10,,الألوان,Taupe,,1,,,,,,,,,,,,,,,,,,,,,,,,,,,,,,,,,,,,,,,,,,,,,,yes,yes,,,,product,,,,,,,,,,,,,,,,,,1778408391,,,,,upload,,
46692,variation,,,"Sac Musa<span> - </span>Marron",1,0,visible,,,,,taxable,parent,0,,,0,0,,,,,0,,2500,4500,,,,https://boutique-she.com/wp-content/uploads/2025/06/9A828C77-6491-4530-BD4F-1BA9ECC58806-scaled.jpeg,,,id:46690,,,,,,2,,,,,10,,الألوان,Marron,,1,,,,,,,,,,,,,,,,,,,,,,,,,,,,,,,,,,,,,,,,,,,,,,yes,yes,,,,product,,,,,,,,,,,,,,,,,,1778408391,,,,,upload,,
46693,variation,,,"Sac Musa<span> - </span>Noir",1,0,visible,,,,,taxable,parent,1,5,,0,0,,,,,0,,2500,4500,,,,https://boutique-she.com/wp-content/uploads/2025/06/814CD13D-7EB8-426F-B7B9-9D0CE5AED5FD-scaled.jpeg,,,id:46690,,,,,,3,,,,,10,,الألوان,Noir,,1,,,,,,,,,,,,,,,,,,,,,,,,,,,,,,,,,,,,,,,,,,,,,,yes,yes,,,,product,,,,,,,,,,,,,,,,,,1778408391,,,,,upload,,
46699,variable,,,"Sac Penny",1,0,visible,,,,,taxable,,1,,,0,0,,,,,0,,,,Sacs,,,"https://boutique-she.com/wp-content/uploads/2025/06/6FE9D6DD-1B9F-4E25-A8D3-34FF39A11515-scaled.jpeg, https://boutique-she.com/wp-content/uploads/2025/06/6FE9D6DD-1B9F-4E25-A8D3-34FF39A11515-scaled.jpeg, https://boutique-she.com/wp-content/uploads/2025/06/35BAEE58-EBB4-4AFF-9119-91F88AD53592-scaled.jpeg, https://boutique-she.com/wp-content/uploads/2025/06/DAA5CF02-7B35-41CC-B53D-15DEF6DC25C6-scaled.jpeg, https://boutique-she.com/wp-content/uploads/2025/06/D4973B75-248C-4FC0-A514-AA2B76E8A41E-scaled.jpeg",,,,,,,,,0,,,,0,10,,الألوان,"caramel, crème, Noir, Taupe",1,1,,,,,none,,no,,,none,default,default,none,,,,,,,,inherit,inherit,,after,inherit,,,,text,,,,text,,,24129766856630370,,,,,,,,,,yes,yes,yes,,,product,,,,,text,,,,,text,,,,,text,,,,2,,,,,,
46700,variation,,,"Sac Penny<span> - </span>Taupe",1,0,visible,,,,,taxable,parent,0,,,0,0,,,,,0,,2500,4200,,,,https://boutique-she.com/wp-content/uploads/2025/06/DAA5CF02-7B35-41CC-B53D-15DEF6DC25C6-scaled.jpeg,,,id:46699,,,,,,2,,,,,10,,الألوان,Taupe,,1,,,,,,,,,,,,,,,,,,,,,,,,,,,,,,,,,,,,,,,,,,,,,,yes,yes,,,,product,,,,,,,,,,,,,,,,,,1778408839,,29784220531223865,,,upload,,
46701,variation,,,"Sac Penny<span> - </span>caramel",1,0,visible,,,,,taxable,parent,0,,,0,0,,,,,0,,2500,4200,,,,https://boutique-she.com/wp-content/uploads/2025/06/D4973B75-248C-4FC0-A514-AA2B76E8A41E-scaled.jpeg,,,id:46699,,,,,,3,,,,,10,,الألوان,caramel,,1,,,,,,,,,,,,,,,,,,,,,,,,,,,,,,,,,,,,,,,,,,,,,,yes,yes,,,,product,,,,,,,,,,,,,,,,,,1778408839,,23882855967990149,,,upload,,
46702,variation,,,"Sac Penny<span> - </span>Noir",1,0,visible,,,,,taxable,parent,0,,,0,0,,,,,0,,2500,4200,,,,https://boutique-she.com/wp-content/uploads/2025/06/35BAEE58-EBB4-4AFF-9119-91F88AD53592-scaled.jpeg,,,id:46699,,,,,,4,,,,,10,,الألوان,Noir,,1,,,,,,,,,,,,,,,,,,,,,,,,,,,,,,,,,,,,,,,,,,,,,,yes,yes,,,,product,,,,,,,,,,,,,,,,,,1778408839,,24133566716247724,,,upload,,
46708,variable,,,"Sabot denim",1,0,visible,,,,,taxable,,1,,,0,0,,,,,0,,,,Chaussures,,,"https://boutique-she.com/wp-content/uploads/2025/06/F0A3698B-7240-4CB0-AF44-B05307EBF1F9-scaled.jpeg, https://boutique-she.com/wp-content/uploads/2025/06/F0A3698B-7240-4CB0-AF44-B05307EBF1F9-scaled.jpeg, https://boutique-she.com/wp-content/uploads/2025/06/AADC11DA-944A-4A9B-82A1-E0B10D465F9F-scaled.jpeg, https://boutique-she.com/wp-content/uploads/2025/06/7F3D5ECC-8557-4299-A65F-9042403C5202-scaled.jpeg, https://boutique-she.com/wp-content/uploads/2025/06/0303875B-08FD-4D27-B949-0CD4A00A8365-scaled.jpeg",,,,,,,,,0,,,,0,10,,الألوان,"bleu jean, Denim beige, Denim noir",1,1,المقاس,"36, 37, 38, 39, 40, 41",1,1,none,,no,,,none,default,default,none,,,,,,,,inherit,inherit,,after,inherit,,,,text,,,,text,,,10035182979908430,,,,,,,,,,yes,yes,yes,,,product,,,,,text,,,,,text,,,,,text,,,,9,,,,,,2025-06-03
46735,variation,,,"Sabot denim<span> - </span>bleu jean, 37",1,0,visible,,,,,taxable,parent,1,1,,0,0,,,,,0,,2800,5200,,,,https://boutique-she.com/wp-content/uploads/2025/06/AADC11DA-944A-4A9B-82A1-E0B10D465F9F-scaled.jpeg,,,id:46708,,,,,,2,,,,,10,,الألوان,"bleu jean",,1,المقاس,37,,1,,,,,,,,,,,,,,,,,,,,,,,,,,,,,,,,,,,,,,,,,,yes,yes,,,,product,,,,,,,,,,,,,,,,,,1778338314,,30011441738501877,,,upload,,
46736,variation,,,"Sabot denim<span> - </span>bleu jean, 39",1,0,visible,,,,,taxable,parent,0,0,,0,0,,,,,0,,2800,5200,,,,https://boutique-she.com/wp-content/uploads/2025/06/AADC11DA-944A-4A9B-82A1-E0B10D465F9F-scaled.jpeg,,,id:46708,,,,,,4,,,,,10,,الألوان,"bleu jean",,1,المقاس,39,,1,,,,,,,,,,,,,,,,,,,,,,,,,,,,,,,,,,,,,,,,,,yes,yes,,,,product,,,,,,,,,,,,,,,,,,,,24401140906144707,,,upload,,
46737,variation,,,"Sabot denim<span> - </span>bleu jean, 41",1,0,visible,,,,,taxable,parent,0,0,,0,0,,,,,0,,2800,5200,,,,https://boutique-she.com/wp-content/uploads/2025/06/AADC11DA-944A-4A9B-82A1-E0B10D465F9F-scaled.jpeg,,,id:46708,,,,,,6,,,,,10,,الألوان,"bleu jean",,1,المقاس,41,,1,,,,,,,,,,,,,,,,,,,,,,,,,,,,,,,,,,,,,,,,,,yes,yes,,,,product,,,,,,,,,,,,,,,,,,,,24051215124504409,,,upload,,
46738,variation,,,"Sabot denim<span> - </span>bleu jean, 36",1,0,visible,,,,,taxable,parent,0,0,,0,0,,,,,0,,2800,5200,,,,https://boutique-she.com/wp-content/uploads/2025/06/AADC11DA-944A-4A9B-82A1-E0B10D465F9F-scaled.jpeg,,,id:46708,,,,,,1,,,,,10,,الألوان,"bleu jean",,1,المقاس,36,,1,,,,,,,,,,,,,,,,,,,,,,,,,,,,,,,,,,,,,,,,,,yes,yes,,,,product,,,,,,,,,,,,,,,,,,,,29661588363489198,,,upload,,
46739,variation,,,"Sabot denim<span> - </span>bleu jean, 38",1,0,visible,,,,,taxable,parent,0,0,,0,0,,,,,0,,2800,5200,,,,https://boutique-she.com/wp-content/uploads/2025/06/AADC11DA-944A-4A9B-82A1-E0B10D465F9F-scaled.jpeg,,,id:46708,,,,,,3,,,,,10,,الألوان,"bleu jean",,1,المقاس,38,,1,,,,,,,,,,,,,,,,,,,,,,,,,,,,,,,,,,,,,,,,,,yes,yes,,,,product,,,,,,,,,,,,,,,,,,,,9806190689430546,,,upload,,
46740,variation,,,"Sabot denim<span> - </span>bleu jean, 40",1,0,visible,,,,,taxable,parent,0,0,,0,0,,,,,0,,2800,5200,,,,https://boutique-she.com/wp-content/uploads/2025/06/AADC11DA-944A-4A9B-82A1-E0B10D465F9F-scaled.jpeg,,,id:46708,,,,,,5,,,,,10,,الألوان,"bleu jean",,1,المقاس,40,,1,,,,,,,,,,,,,,,,,,,,,,,,,,,,,,,,,,,,,,,,,,yes,yes,,,,product,,,,,,,,,,,,,,,,,,,,10047193012022962,,,upload,,
46741,variation,,,"Sabot denim<span> - </span>Denim beige, 37",1,0,visible,,,,,taxable,parent,0,0,,0,0,,,,,0,,2800,5200,,,,https://boutique-she.com/wp-content/uploads/2025/06/7F3D5ECC-8557-4299-A65F-9042403C5202-scaled.jpeg,,,id:46708,,,,,,8,,,,,10,,الألوان,"Denim beige",,1,المقاس,37,,1,,,,,,,,,,,,,,,,,,,,,,,,,,,,,,,,,,,,,,,,,,yes,yes,,,,product,,,,,,,,,,,,,,,,,,1778938897,,9896689040366263,,,upload,,
46742,variation,,,"Sabot denim<span> - </span>Denim beige, 39",1,0,visible,,,,,taxable,parent,0,,,0,0,,,,,0,,2800,5200,,,,https://boutique-she.com/wp-content/uploads/2025/06/7F3D5ECC-8557-4299-A65F-9042403C5202-scaled.jpeg,,,id:46708,,,,,,10,,,,,10,,الألوان,"Denim beige",,1,المقاس,39,,1,,,,,,,,,,,,,,,,,,,,,,,,,,,,,,,,,,,,,,,,,,yes,yes,,,,product,,,,,,,,,,,,,,,,,,,,29788724950773583,,,upload,,
46743,variation,,,"Sabot denim<span> - </span>Denim beige, 41",1,0,visible,,,,,taxable,parent,0,0,,0,0,,,,,0,,2800,5200,,,,https://boutique-she.com/wp-content/uploads/2025/06/7F3D5ECC-8557-4299-A65F-9042403C5202-scaled.jpeg,,,id:46708,,,,,,12,,,,,10,,الألوان,"Denim beige",,1,المقاس,41,,1,,,,,,,,,,,,,,,,,,,,,,,,,,,,,,,,,,,,,,,,,,yes,yes,,,,product,,,,,,,,,,,,,,,,,,1780326672,,23879396501698693,,,upload,,
46744,variation,,,"Sabot denim<span> - </span>Denim beige, 36",1,0,visible,,,,,taxable,parent,0,,,0,0,,,,,0,,2800,5200,,,,https://boutique-she.com/wp-content/uploads/2025/06/7F3D5ECC-8557-4299-A65F-9042403C5202-scaled.jpeg,,,id:46708,,,,,,7,,,,,10,,الألوان,"Denim beige",,1,المقاس,36,,1,,,,,,,,,,,,,,,,,,,,,,,,,,,,,,,,,,,,,,,,,,yes,yes,,,,product,,,,,,,,,,,,,,,,,,,,29630057839971611,,,upload,,
46745,variation,,,"Sabot denim<span> - </span>Denim beige, 38",1,0,visible,,,,,taxable,parent,0,,,0,0,,,,,0,,2800,5200,,,,https://boutique-she.com/wp-content/uploads/2025/06/7F3D5ECC-8557-4299-A65F-9042403C5202-scaled.jpeg,,,id:46708,,,,,,9,,,,,10,,الألوان,"Denim beige",,1,المقاس,38,,1,,,,,,,,,,,,,,,,,,,,,,,,,,,,,,,,,,,,,,,,,,yes,yes,,,,product,,,,,,,,,,,,,,,,,,,,9952421581500587,,,upload,,
46746,variation,,,"Sabot denim<span> - </span>Denim beige, 40",1,0,visible,,,,,taxable,parent,0,,,0,0,,,,,0,,2800,5200,,,,https://boutique-she.com/wp-content/uploads/2025/06/7F3D5ECC-8557-4299-A65F-9042403C5202-scaled.jpeg,,,id:46708,,,,,,11,,,,,10,,الألوان,"Denim beige",,1,المقاس,40,,1,,,,,,,,,,,,,,,,,,,,,,,,,,,,,,,,,,,,,,,,,,yes,yes,,,,product,,,,,,,,,,,,,,,,,,,,24345400055063799,,,upload,,
46747,variation,,,"Sabot denim<span> - </span>Denim noir, 37",1,0,visible,,,,,taxable,parent,1,1,,0,0,,,,,0,,2800,5200,,,,https://boutique-she.com/wp-content/uploads/2025/06/0303875B-08FD-4D27-B949-0CD4A00A8365-scaled.jpeg,,,id:46708,,,,,,13,,,,,10,,الألوان,"Denim noir",,1,المقاس,37,,1,,,,,,,,,,,,,,,,,,,,,,,,,,,,,,,,,,,,,,,,,,yes,yes,,,,product,,,,,,,,,,,,,,,,,,1778338316,,10004152426318442,,,upload,,
46748,variation,,,"Sabot denim<span> - </span>Denim noir, 39",1,0,visible,,,,,taxable,parent,0,0,,0,0,,,,,0,,2800,5200,,,,https://boutique-she.com/wp-content/uploads/2025/06/0303875B-08FD-4D27-B949-0CD4A00A8365-scaled.jpeg,,,id:46708,,,,,,14,,,,,10,,الألوان,"Denim noir",,1,المقاس,39,,1,,,,,,,,,,,,,,,,,,,,,,,,,,,,,,,,,,,,,,,,,,yes,yes,,,,product,,,,,,,,,,,,,,,,,,1779916634,,9994985530615131,,,upload,,
46749,variation,,,"Sabot denim<span> - </span>Denim noir, 41",1,0,visible,,,,,taxable,parent,0,0,,0,0,,,,,0,,2800,5200,,,,https://boutique-she.com/wp-content/uploads/2025/06/0303875B-08FD-4D27-B949-0CD4A00A8365-scaled.jpeg,,,id:46708,,,,,,15,,,,,10,,الألوان,"Denim noir",,1,المقاس,41,,1,,,,,,,,,,,,,,,,,,,,,,,,,,,,,,,,,,,,,,,,,,yes,yes,,,,product,,,,,,,,,,,,,,,,,,1778928355,,24360624646869044,,,upload,,
46750,variation,,,"Sabot denim<span> - </span>Denim noir, 36",1,0,visible,,,,,taxable,parent,1,1,,0,0,,,,,0,,2800,5200,,,,https://boutique-she.com/wp-content/uploads/2025/06/0303875B-08FD-4D27-B949-0CD4A00A8365-scaled.jpeg,,,id:46708,,,,,,16,,,,,10,,الألوان,"Denim noir",,1,المقاس,36,,1,,,,,,,,,,,,,,,,,,,,,,,,,,,,,,,,,,,,,,,,,,yes,yes,,,,product,,,,,,,,,,,,,,,,,,,,24782866467968010,,,upload,,
46751,variation,,,"Sabot denim<span> - </span>Denim noir, 38",1,0,visible,,,,,taxable,parent,0,0,,0,0,,,,,0,,2800,5200,,,,https://boutique-she.com/wp-content/uploads/2025/06/0303875B-08FD-4D27-B949-0CD4A00A8365-scaled.jpeg,,,id:46708,,,,,,17,,,,,10,,الألوان,"Denim noir",,1,المقاس,38,,1,,,,,,,,,,,,,,,,,,,,,,,,,,,,,,,,,,,,,,,,,,yes,yes,,,,product,,,,,,,,,,,,,,,,,,1778494130,,23891675170444656,,,upload,,
46752,variation,,,"Sabot denim<span> - </span>Denim noir, 40",1,0,visible,,,,,taxable,parent,0,0,,0,0,,,,,0,,2800,5200,,,,https://boutique-she.com/wp-content/uploads/2025/06/0303875B-08FD-4D27-B949-0CD4A00A8365-scaled.jpeg,,,id:46708,,,,,,18,,,,,10,,الألوان,"Denim noir",,1,المقاس,40,,1,,,,,,,,,,,,,,,,,,,,,,,,,,,,,,,,,,,,,,,,,,yes,yes,,,,product,,,,,,,,,,,,,,,,,,1779742328,,9784309828354842,,,upload,,
46756,variable,,,"Sabot transparent",1,0,visible,,,,,taxable,,0,,,0,0,,,,,0,,,,Chaussures,,,"https://boutique-she.com/wp-content/uploads/2025/06/A8B587E6-3AB3-483A-977E-AF995828ED7D-scaled.jpeg, https://boutique-she.com/wp-content/uploads/2025/06/A8B587E6-3AB3-483A-977E-AF995828ED7D-scaled.jpeg, https://boutique-she.com/wp-content/uploads/2025/06/952C30BF-B4E7-474D-8D84-30E3BB3F8822-scaled.jpeg, https://boutique-she.com/wp-content/uploads/2025/06/38A19C53-8D47-4F44-972B-EBC28F1AD7BA-scaled.jpeg",,,,,,,,,0,,,,0,10,,الألوان,"Beige, bleu",1,1,المقاس,"36, 37, 38, 39, 40, 41",1,1,none,,no,,,none,default,default,none,,,,,,,,inherit,inherit,,after,inherit,,,,text,,,,text,,,24271793305752138,,,,,,,,,,yes,yes,yes,,,product,,,,,text,,,,,text,,,,,text,,,1779544265,17,,,,,,
46778,variation,,,"Sabot transparent<span> - </span>Beige, 37",1,0,visible,,,,,taxable,parent,0,,,0,0,,,,,0,,2800,5200,,,,https://boutique-she.com/wp-content/uploads/2025/06/952C30BF-B4E7-474D-8D84-30E3BB3F8822-scaled.jpeg,,,id:46756,,,,,,1,,,,,10,,الألوان,Beige,,1,المقاس,37,,1,,,,,,,,,,,,,,,,,,,,,,,,,,,,,,,,,,,,,,,,,,yes,yes,,,,product,,,,,,,,,,,,,,,,,,,,9831114483676196,,,upload,,
46779,variation,,,"Sabot transparent<span> - </span>Beige, 39",1,0,visible,,,,,taxable,parent,0,,,0,0,,,,,0,,2800,5200,,,,https://boutique-she.com/wp-content/uploads/2025/06/952C30BF-B4E7-474D-8D84-30E3BB3F8822-scaled.jpeg,,,id:46756,,,,,,2,,,,,10,,الألوان,Beige,,1,المقاس,39,,1,,,,,,,,,,,,,,,,,,,,,,,,,,,,,,,,,,,,,,,,,,yes,yes,,,,product,,,,,,,,,,,,,,,,,,,,24143747995228874,,,upload,,
46780,variation,,,"Sabot transparent<span> - </span>Beige, 41",1,0,visible,,,,,taxable,parent,0,,,0,0,,,,,0,,2800,5200,,,,https://boutique-she.com/wp-content/uploads/2025/06/952C30BF-B4E7-474D-8D84-30E3BB3F8822-scaled.jpeg,,,id:46756,,,,,,3,,,,,10,,الألوان,Beige,,1,المقاس,41,,1,,,,,,,,,,,,,,,,,,,,,,,,,,,,,,,,,,,,,,,,,,yes,yes,,,,product,,,,,,,,,,,,,,,,,,,,30905876132344970,,,upload,,
46781,variation,,,"Sabot transparent<span> - </span>Beige, 36",1,0,visible,,,,,taxable,parent,0,,,0,0,,,,,0,,2800,5200,,,,https://boutique-she.com/wp-content/uploads/2025/06/952C30BF-B4E7-474D-8D84-30E3BB3F8822-scaled.jpeg,,,id:46756,,,,,,4,,,,,10,,الألوان,Beige,,1,المقاس,36,,1,,,,,,,,,,,,,,,,,,,,,,,,,,,,,,,,,,,,,,,,,,yes,yes,,,,product,,,,,,,,,,,,,,,,,,,,30394343576823261,,,upload,,
46782,variation,,,"Sabot transparent<span> - </span>Beige, 38",1,0,visible,,,,,taxable,parent,0,,,0,0,,,,,0,,2800,5200,,,,https://boutique-she.com/wp-content/uploads/2025/06/952C30BF-B4E7-474D-8D84-30E3BB3F8822-scaled.jpeg,,,id:46756,,,,,,5,,,,,10,,الألوان,Beige,,1,المقاس,38,,1,,,,,,,,,,,,,,,,,,,,,,,,,,,,,,,,,,,,,,,,,,yes,yes,,,,product,,,,,,,,,,,,,,,,,,,,9978373602219178,,,upload,,
46783,variation,,,"Sabot transparent<span> - </span>Beige, 40",1,0,visible,,,,,taxable,parent,0,,,0,0,,,,,0,,2800,5200,,,,https://boutique-she.com/wp-content/uploads/2025/06/952C30BF-B4E7-474D-8D84-30E3BB3F8822-scaled.jpeg,,,id:46756,,,,,,6,,,,,10,,الألوان,Beige,,1,المقاس,40,,1,,,,,,,,,,,,,,,,,,,,,,,,,,,,,,,,,,,,,,,,,,yes,yes,,,,product,,,,,,,,,,,,,,,,,,,,24443847178549666,,,upload,,
46784,variation,,,"Sabot transparent<span> - </span>bleu, 37",1,0,visible,,,,,taxable,parent,0,0,,0,0,,,,,0,,2800,5200,,,,https://boutique-she.com/wp-content/uploads/2025/06/38A19C53-8D47-4F44-972B-EBC28F1AD7BA-scaled.jpeg,,,id:46756,,,,,,7,,,,,10,,الألوان,bleu,,1,المقاس,37,,1,,,,,,,,,,,,,,,,,,,,,,,,,,,,,,,,,,,,,,,,,,yes,yes,,,,product,,,,,,,,,,,,,,,,,,1778938979,,23978783671753423,,,upload,,
46785,variation,,,"Sabot transparent<span> - </span>bleu, 39",1,0,visible,,,,,taxable,parent,0,,,0,0,,,,,0,,2800,5200,,,,https://boutique-she.com/wp-content/uploads/2025/06/38A19C53-8D47-4F44-972B-EBC28F1AD7BA-scaled.jpeg,,,id:46756,,,,,,8,,,,,10,,الألوان,bleu,,1,المقاس,39,,1,,,,,,,,,,,,,,,,,,,,,,,,,,,,,,,,,,,,,,,,,,yes,yes,,,,product,,,,,,,,,,,,,,,,,,,,9962708120483493,,,upload,,
46786,variation,,,"Sabot transparent<span> - </span>bleu, 41",1,0,visible,,,,,taxable,parent,0,,,0,0,,,,,0,,2800,5200,,,,https://boutique-she.com/wp-content/uploads/2025/06/38A19C53-8D47-4F44-972B-EBC28F1AD7BA-scaled.jpeg,,,id:46756,,,,,,9,,,,,10,,الألوان,bleu,,1,المقاس,41,,1,,,,,,,,,,,,,,,,,,,,,,,,,,,,,,,,,,,,,,,,,,yes,yes,,,,product,,,,,,,,,,,,,,,,,,,,30278729015045740,,,upload,,
46787,variation,,,"Sabot transparent<span> - </span>bleu, 36",1,0,visible,,,,,taxable,parent,0,0,,0,0,,,,,0,,2800,5200,,,,https://boutique-she.com/wp-content/uploads/2025/06/38A19C53-8D47-4F44-972B-EBC28F1AD7BA-scaled.jpeg,,,id:46756,,,,,,10,,,,,10,,الألوان,bleu,,1,المقاس,36,,1,,,,,,,,,,,,,,,,,,,,,,,,,,,,,,,,,,,,,,,,,,yes,yes,,,,product,,,,,,,,,,,,,,,,,,1778934410,,24222878337295939,,,upload,,
46788,variation,,,"Sabot transparent<span> - </span>bleu, 38",1,0,visible,,,,,taxable,parent,0,-1,,0,0,,,,,0,,2800,5200,,,,https://boutique-she.com/wp-content/uploads/2025/06/38A19C53-8D47-4F44-972B-EBC28F1AD7BA-scaled.jpeg,,,id:46756,,,,,,11,,,,,10,,الألوان,bleu,,1,المقاس,38,,1,,,,,,,,,,,,,,,,,,,,,,,,,,,,,,,,,,,,,,,,,,yes,yes,,,,product,,,,,,,,,,,,,,,,,,1779544265,,24193085510297165,,,upload,,
46789,variation,,,"Sabot transparent<span> - </span>bleu, 40",1,0,visible,,,,,taxable,parent,0,,,0,0,,,,,0,,2800,5200,,,,https://boutique-she.com/wp-content/uploads/2025/06/38A19C53-8D47-4F44-972B-EBC28F1AD7BA-scaled.jpeg,,,id:46756,,,,,,12,,,,,10,,الألوان,bleu,,1,المقاس,40,,1,,,,,,,,,,,,,,,,,,,,,,,,,,,,,,,,,,,,,,,,,,yes,yes,,,,product,,,,,,,,,,,,,,,,,,,,9875617375848656,,,upload,,
46791,variable,,,"Sabot daim",1,0,visible,,,,,taxable,,1,,,0,0,,,,,0,,,,Chaussures,,,"https://boutique-she.com/wp-content/uploads/2025/06/F2A2A620-72E6-42EC-ACF7-555323CBAA0B-scaled.jpeg, https://boutique-she.com/wp-content/uploads/2025/06/BEDD6568-C4FB-4898-9FCB-B8EEEB425415-scaled.jpeg, https://boutique-she.com/wp-content/uploads/2025/06/A1308334-8C1F-4986-877E-CB5712E6C92C-scaled.jpeg, https://boutique-she.com/wp-content/uploads/2025/06/F2A2A620-72E6-42EC-ACF7-555323CBAA0B-scaled.jpeg",,,,,,,,,0,,,,0,10,,الألوان,"Beige, Noir",1,1,المقاس,"36, 37, 38, 39, 40, 41",1,1,none,,no,,,none,default,default,none,,,,,,,,inherit,inherit,,after,inherit,,,,text,,,,text,,,9832542493510700,,,,,,,,,,yes,yes,yes,,,product,,,,,text,,,,,text,,,,,text,,,,12,,,,,,
46807,variation,,,"Sabot daim<span> - </span>Beige, 37",1,0,visible,,,,,taxable,parent,0,0,,0,0,,,,,0,,2800,4900,,,,https://boutique-she.com/wp-content/uploads/2025/06/A1308334-8C1F-4986-877E-CB5712E6C92C-scaled.jpeg,,,id:46791,,,,,,2,,,,,10,,الألوان,Beige,,1,المقاس,37,,1,,,,,,,,,,,,,,,,,,,,,,,,,,,,,,,,,,,,,,,,,,yes,yes,,,,product,,,,,,,,,,,,,,,,,,,,,,,upload,,
46808,variation,,,"Sabot daim<span> - </span>Beige, 39",1,0,visible,,,,,taxable,parent,0,0,,0,0,,,,,0,,2800,4900,,,,https://boutique-she.com/wp-content/uploads/2025/06/A1308334-8C1F-4986-877E-CB5712E6C92C-scaled.jpeg,,,id:46791,,,,,,4,,,,,10,,الألوان,Beige,,1,المقاس,39,,1,,,,,,,,,,,,,,,,,,,,,,,,,,,,,,,,,,,,,,,,,,yes,yes,,,,product,,,,,,,,,,,,,,,,,,,,,,,upload,,
46809,variation,,,"Sabot daim<span> - </span>Beige, 41",1,0,visible,,,,,taxable,parent,0,0,,0,0,,,,,0,,2800,4900,,,,https://boutique-she.com/wp-content/uploads/2025/06/A1308334-8C1F-4986-877E-CB5712E6C92C-scaled.jpeg,,,id:46791,,,,,,6,,,,,10,,الألوان,Beige,,1,المقاس,41,,1,,,,,,,,,,,,,,,,,,,,,,,,,,,,,,,,,,,,,,,,,,yes,yes,,,,product,,,,,,,,,,,,,,,,,,1778856942,,,,,upload,,
46810,variation,,,"Sabot daim<span> - </span>Beige, 36",1,0,visible,,,,,taxable,parent,0,0,,0,0,,,,,0,,2800,4900,,,,https://boutique-she.com/wp-content/uploads/2025/06/A1308334-8C1F-4986-877E-CB5712E6C92C-scaled.jpeg,,,id:46791,,,,,,1,,,,,10,,الألوان,Beige,,1,المقاس,36,,1,,,,,,,,,,,,,,,,,,,,,,,,,,,,,,,,,,,,,,,,,,yes,yes,,,,product,,,,,,,,,,,,,,,,,,,,,,,upload,,
46811,variation,,,"Sabot daim<span> - </span>Beige, 38",1,0,visible,,,,,taxable,parent,0,0,,0,0,,,,,0,,2800,4900,,,,https://boutique-she.com/wp-content/uploads/2025/06/A1308334-8C1F-4986-877E-CB5712E6C92C-scaled.jpeg,,,id:46791,,,,,,3,,,,,10,,الألوان,Beige,,1,المقاس,38,,1,,,,,,,,,,,,,,,,,,,,,,,,,,,,,,,,,,,,,,,,,,yes,yes,,,,product,,,,,,,,,,,,,,,,,,,,,,,upload,,
46812,variation,,,"Sabot daim<span> - </span>Beige, 40",1,0,visible,,,,,taxable,parent,0,0,,0,0,,,,,0,,2800,4900,,,,https://boutique-she.com/wp-content/uploads/2025/06/A1308334-8C1F-4986-877E-CB5712E6C92C-scaled.jpeg,,,id:46791,,,,,,5,,,,,10,,الألوان,Beige,,1,المقاس,40,,1,,,,,,,,,,,,,,,,,,,,,,,,,,,,,,,,,,,,,,,,,,yes,yes,,,,product,,,,,,,,,,,,,,,,,,,,,,,upload,,
46813,variation,,,"Sabot daim<span> - </span>Noir, 37",1,0,visible,,,,,taxable,parent,1,1,,0,0,,,,,0,,2800,4900,,,,https://boutique-she.com/wp-content/uploads/2025/06/BEDD6568-C4FB-4898-9FCB-B8EEEB425415-scaled.jpeg,,,id:46791,,,,,,8,,,,,10,,الألوان,Noir,,1,المقاس,37,,1,,,,,,,,,,,,,,,,,,,,,,,,,,,,,,,,,,,,,,,,,,yes,yes,,,,product,,,,,,,,,,,,,,,,,,1778338147,,,,,upload,,
46814,variation,,,"Sabot daim<span> - </span>Noir, 39",1,0,visible,,,,,taxable,parent,0,0,,0,0,,,,,0,,2800,4900,,,,https://boutique-she.com/wp-content/uploads/2025/06/BEDD6568-C4FB-4898-9FCB-B8EEEB425415-scaled.jpeg,,,id:46791,,,,,,10,,,,,10,,الألوان,Noir,,1,المقاس,39,,1,,,,,,,,,,,,,,,,,,,,,,,,,,,,,,,,,,,,,,,,,,yes,yes,,,,product,,,,,,,,,,,,,,,,,,,,,,,upload,,
46815,variation,,,"Sabot daim<span> - </span>Noir, 41",1,0,visible,,,,,taxable,parent,0,0,,0,0,,,,,0,,2800,4900,,,,https://boutique-she.com/wp-content/uploads/2025/06/BEDD6568-C4FB-4898-9FCB-B8EEEB425415-scaled.jpeg,,,id:46791,,,,,,12,,,,,10,,الألوان,Noir,,1,المقاس,41,,1,,,,,,,,,,,,,,,,,,,,,,,,,,,,,,,,,,,,,,,,,,yes,yes,,,,product,,,,,,,,,,,,,,,,,,,,,,,upload,,
46816,variation,,,"Sabot daim<span> - </span>Noir, 36",1,0,visible,,,,,taxable,parent,0,0,,0,0,,,,,0,,2800,4900,,,,https://boutique-she.com/wp-content/uploads/2025/06/BEDD6568-C4FB-4898-9FCB-B8EEEB425415-scaled.jpeg,,,id:46791,,,,,,7,,,,,10,,الألوان,Noir,,1,المقاس,36,,1,,,,,,,,,,,,,,,,,,,,,,,,,,,,,,,,,,,,,,,,,,yes,yes,,,,product,,,,,,,,,,,,,,,,,,,,,,,upload,,
46817,variation,,,"Sabot daim<span> - </span>Noir, 38",1,0,visible,,,,,taxable,parent,0,0,,0,0,,,,,0,,2800,4900,,,,https://boutique-she.com/wp-content/uploads/2025/06/BEDD6568-C4FB-4898-9FCB-B8EEEB425415-scaled.jpeg,,,id:46791,,,,,,9,,,,,10,,الألوان,Noir,,1,المقاس,38,,1,,,,,,,,,,,,,,,,,,,,,,,,,,,,,,,,,,,,,,,,,,yes,yes,,,,product,,,,,,,,,,,,,,,,,,1778595644,,,,,upload,,
46818,variation,,,"Sabot daim<span> - </span>Noir, 40",1,0,visible,,,,,taxable,parent,0,0,,0,0,,,,,0,,2800,4900,,,,https://boutique-she.com/wp-content/uploads/2025/06/BEDD6568-C4FB-4898-9FCB-B8EEEB425415-scaled.jpeg,,,id:46791,,,,,,11,,,,,10,,الألوان,Noir,,1,المقاس,40,,1,,,,,,,,,,,,,,,,,,,,,,,,,,,,,,,,,,,,,,,,,,yes,yes,,,,product,,,,,,,,,,,,,,,,,,,,,,,upload,,
46865,variable,,,"Sabot Alizé",1,0,visible,,,,,taxable,,1,,,0,0,,,,,0,,,,Chaussures,,,"https://boutique-she.com/wp-content/uploads/2025/06/57DDE2AF-FE5D-44AB-8785-5D2EA9602C1F-scaled.jpeg, https://boutique-she.com/wp-content/uploads/2025/06/4B62691B-9A40-4197-B226-5F659A00E23D-scaled.jpeg, https://boutique-she.com/wp-content/uploads/2025/06/57DDE2AF-FE5D-44AB-8785-5D2EA9602C1F-scaled.jpeg, https://boutique-she.com/wp-content/uploads/2025/06/F8A2A481-DD26-4EF0-A0F7-A78765305876-scaled.jpeg, https://boutique-she.com/wp-content/uploads/2025/06/1470292B-F1D7-4C2E-9E59-1E0593A05B21-scaled.jpeg, https://boutique-she.com/wp-content/uploads/2025/06/60306060-E8F1-4191-B51C-EAD08106B88C-scaled.jpeg, https://boutique-she.com/wp-content/uploads/2025/06/5BE9CAB2-B17F-4F86-9CEA-28DCE2533189-scaled.jpeg",,,,,,,,,0,,,,0,10,,الألوان,"blanc, Marron, Noir, Orange, Taupe",1,1,المقاس,"36, 37, 38, 39, 40, 41",1,1,none,,no,,,none,default,default,none,,,,,,,,inherit,inherit,,after,inherit,,,,text,,,,text,,,29785999501046582,,,,,,,,,,yes,yes,yes,,,product,,,,,text,,,,,text,,,,,text,,,,9,,,,,,2025-06-03
46890,variation,,,"Sabot Alizé<span> - </span>blanc, 37",1,0,visible,,,,,taxable,parent,0,0,,0,0,,,,,0,,2800,5200,,,,https://boutique-she.com/wp-content/uploads/2025/06/4B62691B-9A40-4197-B226-5F659A00E23D-scaled.jpeg,,,id:46865,,,,,,2,,,,,10,,الألوان,blanc,,1,المقاس,37,,1,,,,,,,,,,,,,,,,,,,,,,,,,,,,,,,,,,,,,,,,,,yes,yes,,,,product,,,,,,,,,,,,,,,,,,1778943159,,,,,upload,,
46891,variation,,,"Sabot Alizé<span> - </span>blanc, 39",1,0,visible,,,,,taxable,parent,0,0,,0,0,,,,,0,,2800,5200,,,,https://boutique-she.com/wp-content/uploads/2025/06/4B62691B-9A40-4197-B226-5F659A00E23D-scaled.jpeg,,,id:46865,,,,,,4,,,,,10,,الألوان,blanc,,1,المقاس,39,,1,,,,,,,,,,,,,,,,,,,,,,,,,,,,,,,,,,,,,,,,,,yes,yes,,,,product,,,,,,,,,,,,,,,,,,1778951258,,,,,upload,,
46892,variation,,,"Sabot Alizé<span> - </span>blanc, 41",1,0,visible,,,,,taxable,parent,0,0,,0,0,,,,,0,,2800,5200,,,,https://boutique-she.com/wp-content/uploads/2025/06/4B62691B-9A40-4197-B226-5F659A00E23D-scaled.jpeg,,,id:46865,,,,,,6,,,,,10,,الألوان,blanc,,1,المقاس,41,,1,,,,,,,,,,,,,,,,,,,,,,,,,,,,,,,,,,,,,,,,,,yes,yes,,,,product,,,,,,,,,,,,,,,,,,,,,,,upload,,
46893,variation,,,"Sabot Alizé<span> - </span>blanc, 36",1,0,visible,,,,,taxable,parent,0,,,0,0,,,,,0,,2800,5200,,,,https://boutique-she.com/wp-content/uploads/2025/06/4B62691B-9A40-4197-B226-5F659A00E23D-scaled.jpeg,,,id:46865,,,,,,1,,,,,10,,الألوان,blanc,,1,المقاس,36,,1,,,,,,,,,,,,,,,,,,,,,,,,,,,,,,,,,,,,,,,,,,yes,yes,,,,product,,,,,,,,,,,,,,,,,,,,,,,upload,,
46894,variation,,,"Sabot Alizé<span> - </span>blanc, 38",1,0,visible,,,,,taxable,parent,0,0,,0,0,,,,,0,,2800,5200,,,,https://boutique-she.com/wp-content/uploads/2025/06/4B62691B-9A40-4197-B226-5F659A00E23D-scaled.jpeg,,,id:46865,,,,,,3,,,,,10,,الألوان,blanc,,1,المقاس,38,,1,,,,,,,,,,,,,,,,,,,,,,,,,,,,,,,,,,,,,,,,,,yes,yes,,,,product,,,,,,,,,,,,,,,,,,1778948246,,,,,upload,,
46895,variation,,,"Sabot Alizé<span> - </span>blanc, 40",1,0,visible,,,,,taxable,parent,0,0,,0,0,,,,,0,,2800,5200,,,,https://boutique-she.com/wp-content/uploads/2025/06/4B62691B-9A40-4197-B226-5F659A00E23D-scaled.jpeg,,,id:46865,,,,,,5,,,,,10,,الألوان,blanc,,1,المقاس,40,,1,,,,,,,,,,,,,,,,,,,,,,,,,,,,,,,,,,,,,,,,,,yes,yes,,,,product,,,,,,,,,,,,,,,,,,,,,,,upload,,
46896,variation,,,"Sabot Alizé<span> - </span>Marron, 37",1,0,visible,,,,,taxable,parent,0,0,,0,0,,,,,0,,2800,5200,,,,https://boutique-she.com/wp-content/uploads/2025/06/F8A2A481-DD26-4EF0-A0F7-A78765305876-scaled.jpeg,,,id:46865,,,,,,8,,,,,10,,الألوان,Marron,,1,المقاس,37,,1,,,,,,,,,,,,,,,,,,,,,,,,,,,,,,,,,,,,,,,,,,yes,yes,,,,product,,,,,,,,,,,,,,,,,,,,,,,upload,,
46897,variation,,,"Sabot Alizé<span> - </span>Marron, 39",1,0,visible,,,,,taxable,parent,0,0,,0,0,,,,,0,,2800,5200,,,,https://boutique-she.com/wp-content/uploads/2025/06/F8A2A481-DD26-4EF0-A0F7-A78765305876-scaled.jpeg,,,id:46865,,,,,,10,,,,,10,,الألوان,Marron,,1,المقاس,39,,1,,,,,,,,,,,,,,,,,,,,,,,,,,,,,,,,,,,,,,,,,,yes,yes,,,,product,,,,,,,,,,,,,,,,,,,,,,,upload,,
46898,variation,,,"Sabot Alizé<span> - </span>Marron, 41",1,0,visible,,,,,taxable,parent,0,0,,0,0,,,,,0,,2800,5200,,,,https://boutique-she.com/wp-content/uploads/2025/06/F8A2A481-DD26-4EF0-A0F7-A78765305876-scaled.jpeg,,,id:46865,,,,,,12,,,,,10,,الألوان,Marron,,1,المقاس,41,,1,,,,,,,,,,,,,,,,,,,,,,,,,,,,,,,,,,,,,,,,,,yes,yes,,,,product,,,,,,,,,,,,,,,,,,,,,,,upload,,
46899,variation,,,"Sabot Alizé<span> - </span>Marron, 36",1,0,visible,,,,,taxable,parent,0,0,,0,0,,,,,0,,2800,5200,,,,https://boutique-she.com/wp-content/uploads/2025/06/F8A2A481-DD26-4EF0-A0F7-A78765305876-scaled.jpeg,,,id:46865,,,,,,7,,,,,10,,الألوان,Marron,,1,المقاس,36,,1,,,,,,,,,,,,,,,,,,,,,,,,,,,,,,,,,,,,,,,,,,yes,yes,,,,product,,,,,,,,,,,,,,,,,,1779209967,,,,,upload,,
46900,variation,,,"Sabot Alizé<span> - </span>Marron, 38",1,0,visible,,,,,taxable,parent,0,0,,0,0,,,,,0,,2800,5200,,,,https://boutique-she.com/wp-content/uploads/2025/06/F8A2A481-DD26-4EF0-A0F7-A78765305876-scaled.jpeg,,,id:46865,,,,,,9,,,,,10,,الألوان,Marron,,1,المقاس,38,,1,,,,,,,,,,,,,,,,,,,,,,,,,,,,,,,,,,,,,,,,,,yes,yes,,,,product,,,,,,,,,,,,,,,,,,1778494130,,,,,upload,,
46901,variation,,,"Sabot Alizé<span> - </span>Marron, 40",1,0,visible,,,,,taxable,parent,0,0,,0,0,,,,,0,,2800,5200,,,,https://boutique-she.com/wp-content/uploads/2025/06/F8A2A481-DD26-4EF0-A0F7-A78765305876-scaled.jpeg,,,id:46865,,,,,,11,,,,,10,,الألوان,Marron,,1,المقاس,40,,1,,,,,,,,,,,,,,,,,,,,,,,,,,,,,,,,,,,,,,,,,,yes,yes,,,,product,,,,,,,,,,,,,,,,,,,,,,,upload,,
46902,variation,,,"Sabot Alizé<span> - </span>Noir, 37",1,0,visible,,,,,taxable,parent,0,0,,0,0,,,,,0,,2800,5200,,,,https://boutique-she.com/wp-content/uploads/2025/06/60306060-E8F1-4191-B51C-EAD08106B88C-scaled.jpeg,,,id:46865,,,,,,13,,,,,10,,الألوان,Noir,,1,المقاس,37,,1,,,,,,,,,,,,,,,,,,,,,,,,,,,,,,,,,,,,,,,,,,yes,yes,,,,product,,,,,,,,,,,,,,,,,,,,,,,upload,,
46903,variation,,,"Sabot Alizé<span> - </span>Noir, 39",1,0,visible,,,,,taxable,parent,0,0,,0,0,,,,,0,,2800,5200,,,,https://boutique-she.com/wp-content/uploads/2025/06/60306060-E8F1-4191-B51C-EAD08106B88C-scaled.jpeg,,,id:46865,,,,,,14,,,,,10,,الألوان,Noir,,1,المقاس,39,,1,,,,,,,,,,,,,,,,,,,,,,,,,,,,,,,,,,,,,,,,,,yes,yes,,,,product,,,,,,,,,,,,,,,,,,1777489462,,,,,upload,,
46904,variation,,,"Sabot Alizé<span> - </span>Noir, 41",1,0,visible,,,,,taxable,parent,1,1,,0,0,,,,,0,,2800,5200,,,,https://boutique-she.com/wp-content/uploads/2025/06/60306060-E8F1-4191-B51C-EAD08106B88C-scaled.jpeg,,,id:46865,,,,,,15,,,,,10,,الألوان,Noir,,1,المقاس,41,,1,,,,,,,,,,,,,,,,,,,,,,,,,,,,,,,,,,,,,,,,,,yes,yes,,,,product,,,,,,,,,,,,,,,,,,1776601756,,,,,upload,,
46905,variation,,,"Sabot Alizé<span> - </span>Noir, 36",1,0,visible,,,,,taxable,parent,1,1,,0,0,,,,,0,,2800,5200,,,,https://boutique-she.com/wp-content/uploads/2025/06/60306060-E8F1-4191-B51C-EAD08106B88C-scaled.jpeg,,,id:46865,,,,,,16,,,,,10,,الألوان,Noir,,1,المقاس,36,,1,,,,,,,,,,,,,,,,,,,,,,,,,,,,,,,,,,,,,,,,,,yes,yes,,,,product,,,,,,,,,,,,,,,,,,,,,,,upload,,
46906,variation,,,"Sabot Alizé<span> - </span>Noir, 38",1,0,visible,,,,,taxable,parent,1,1,,0,0,,,,,0,,2800,5200,,,,https://boutique-she.com/wp-content/uploads/2025/06/60306060-E8F1-4191-B51C-EAD08106B88C-scaled.jpeg,,,id:46865,,,,,,17,,,,,10,,الألوان,Noir,,1,المقاس,38,,1,,,,,,,,,,,,,,,,,,,,,,,,,,,,,,,,,,,,,,,,,,yes,yes,,,,product,,,,,,,,,,,,,,,,,,,,,,,upload,,
46907,variation,,,"Sabot Alizé<span> - </span>Noir, 40",1,0,visible,,,,,taxable,parent,0,0,,0,0,,,,,0,,2800,5200,,,,https://boutique-she.com/wp-content/uploads/2025/06/60306060-E8F1-4191-B51C-EAD08106B88C-scaled.jpeg,,,id:46865,,,,,,18,,,,,10,,الألوان,Noir,,1,المقاس,40,,1,,,,,,,,,,,,,,,,,,,,,,,,,,,,,,,,,,,,,,,,,,yes,yes,,,,product,,,,,,,,,,,,,,,,,,,,,,,upload,,
46908,variation,,,"Sabot Alizé<span> - </span>Orange, 37",1,0,visible,,,,,taxable,parent,1,1,,0,0,,,,,0,,2800,5200,,,,https://boutique-she.com/wp-content/uploads/2025/06/1470292B-F1D7-4C2E-9E59-1E0593A05B21-scaled.jpeg,,,id:46865,,,,,,20,,,,,10,,الألوان,Orange,,1,المقاس,37,,1,,,,,,,,,,,,,,,,,,,,,,,,,,,,,,,,,,,,,,,,,,yes,yes,,,,product,,,,,,,,,,,,,,,,,,1778339367,,,,,upload,,
46909,variation,,,"Sabot Alizé<span> - </span>Orange, 39",1,0,visible,,,,,taxable,parent,1,1,,0,0,,,,,0,,2800,5200,,,,https://boutique-she.com/wp-content/uploads/2025/06/1470292B-F1D7-4C2E-9E59-1E0593A05B21-scaled.jpeg,,,id:46865,,,,,,22,,,,,10,,الألوان,Orange,,1,المقاس,39,,1,,,,,,,,,,,,,,,,,,,,,,,,,,,,,,,,,,,,,,,,,,yes,yes,,,,product,,,,,,,,,,,,,,,,,,1778339368,,,,,upload,,
46910,variation,,,"Sabot Alizé<span> - </span>Orange, 41",1,0,visible,,,,,taxable,parent,1,1,,0,0,,,,,0,,2800,5200,,,,https://boutique-she.com/wp-content/uploads/2025/06/1470292B-F1D7-4C2E-9E59-1E0593A05B21-scaled.jpeg,,,id:46865,,,,,,24,,,,,10,,الألوان,Orange,,1,المقاس,41,,1,,,,,,,,,,,,,,,,,,,,,,,,,,,,,,,,,,,,,,,,,,yes,yes,,,,product,,,,,,,,,,,,,,,,,,,,,,,upload,,
46911,variation,,,"Sabot Alizé<span> - </span>Orange, 36",1,0,visible,,,,,taxable,parent,1,2,,0,0,,,,,0,,2800,5200,,,,https://boutique-she.com/wp-content/uploads/2025/06/1470292B-F1D7-4C2E-9E59-1E0593A05B21-scaled.jpeg,,,id:46865,,,,,,19,,,,,10,,الألوان,Orange,,1,المقاس,36,,1,,,,,,,,,,,,,,,,,,,,,,,,,,,,,,,,,,,,,,,,,,yes,yes,,,,product,,,,,,,,,,,,,,,,,,1778340006,,,,,upload,,
46912,variation,,,"Sabot Alizé<span> - </span>Orange, 38",1,0,visible,,,,,taxable,parent,1,1,,0,0,,,,,0,,2800,5200,,,,https://boutique-she.com/wp-content/uploads/2025/06/1470292B-F1D7-4C2E-9E59-1E0593A05B21-scaled.jpeg,,,id:46865,,,,,,21,,,,,10,,الألوان,Orange,,1,المقاس,38,,1,,,,,,,,,,,,,,,,,,,,,,,,,,,,,,,,,,,,,,,,,,yes,yes,,,,product,,,,,,,,,,,,,,,,,,1778339368,,,,,upload,,
46913,variation,,,"Sabot Alizé<span> - </span>Orange, 40",1,0,visible,,,,,taxable,parent,1,2,,0,0,,,,,0,,2800,5200,,,,https://boutique-she.com/wp-content/uploads/2025/06/1470292B-F1D7-4C2E-9E59-1E0593A05B21-scaled.jpeg,,,id:46865,,,,,,23,,,,,10,,الألوان,Orange,,1,المقاس,40,,1,,,,,,,,,,,,,,,,,,,,,,,,,,,,,,,,,,,,,,,,,,yes,yes,,,,product,,,,,,,,,,,,,,,,,,1778340007,,,,,upload,,
46914,variation,,,"Sabot Alizé<span> - </span>Taupe, 37",1,0,visible,,,,,taxable,parent,0,0,,0,0,,,,,0,,2800,5200,,,,https://boutique-she.com/wp-content/uploads/2025/06/5BE9CAB2-B17F-4F86-9CEA-28DCE2533189-scaled.jpeg,,,id:46865,,,,,,26,,,,,10,,الألوان,Taupe,,1,المقاس,37,,1,,,,,,,,,,,,,,,,,,,,,,,,,,,,,,,,,,,,,,,,,,yes,yes,,,,product,,,,,,,,,,,,,,,,,,,,,,,upload,,
46915,variation,,,"Sabot Alizé<span> - </span>Taupe, 39",1,0,visible,,,,,taxable,parent,0,0,,0,0,,,,,0,,2800,5200,,,,https://boutique-she.com/wp-content/uploads/2025/06/5BE9CAB2-B17F-4F86-9CEA-28DCE2533189-scaled.jpeg,,,id:46865,,,,,,28,,,,,10,,الألوان,Taupe,,1,المقاس,39,,1,,,,,,,,,,,,,,,,,,,,,,,,,,,,,,,,,,,,,,,,,,yes,yes,,,,product,,,,,,,,,,,,,,,,,,,,,,,upload,,
46916,variation,,,"Sabot Alizé<span> - </span>Taupe, 41",1,0,visible,,,,,taxable,parent,0,,,0,0,,,,,0,,2800,5200,,,,https://boutique-she.com/wp-content/uploads/2025/06/5BE9CAB2-B17F-4F86-9CEA-28DCE2533189-scaled.jpeg,,,id:46865,,,,,,30,,,,,10,,الألوان,Taupe,,1,المقاس,41,,1,,,,,,,,,,,,,,,,,,,,,,,,,,,,,,,,,,,,,,,,,,yes,yes,,,,product,,,,,,,,,,,,,,,,,,,,,,,upload,,
46917,variation,,,"Sabot Alizé<span> - </span>Taupe, 36",1,0,visible,,,,,taxable,parent,0,,,0,0,,,,,0,,2800,5200,,,,,,,id:46865,,,,,,25,,,,,10,,الألوان,Taupe,,1,المقاس,36,,1,,,,,,,,,,,,,,,,,,,,,,,,,,,,,,,,,,,,,,,,,,yes,yes,,,,product,,,,,,,,,,,,,,,,,,,,,,,upload,,
46918,variation,,,"Sabot Alizé<span> - </span>Taupe, 38",1,0,visible,,,,,taxable,parent,0,0,,0,0,,,,,0,,2800,5200,,,,https://boutique-she.com/wp-content/uploads/2025/06/5BE9CAB2-B17F-4F86-9CEA-28DCE2533189-scaled.jpeg,,,id:46865,,,,,,27,,,,,10,,الألوان,Taupe,,1,المقاس,38,,1,,,,,,,,,,,,,,,,,,,,,,,,,,,,,,,,,,,,,,,,,,yes,yes,,,,product,,,,,,,,,,,,,,,,,,,,,,,upload,,
46919,variation,,,"Sabot Alizé<span> - </span>Taupe, 40",1,0,visible,,,,,taxable,parent,0,0,,0,0,,,,,0,,2800,5200,,,,https://boutique-she.com/wp-content/uploads/2025/06/5BE9CAB2-B17F-4F86-9CEA-28DCE2533189-scaled.jpeg,,,id:46865,,,,,,29,,,,,10,,الألوان,Taupe,,1,المقاس,40,,1,,,,,,,,,,,,,,,,,,,,,,,,,,,,,,,,,,,,,,,,,,yes,yes,,,,product,,,,,,,,,,,,,,,,,,,,,,,upload,,
46920,variable,,,"Mule Diane",1,0,visible,,,,,taxable,,1,,,0,0,,,,,0,,,,Chaussures,,,"https://boutique-she.com/wp-content/uploads/2025/06/659D0559-8CC3-4DF1-8B70-CD3EA01E2B21-scaled.jpeg, https://boutique-she.com/wp-content/uploads/2025/06/659D0559-8CC3-4DF1-8B70-CD3EA01E2B21-scaled.jpeg, https://boutique-she.com/wp-content/uploads/2025/06/1A13637E-1F8D-4168-9E4E-1DE49D9187F7-scaled.jpeg, https://boutique-she.com/wp-content/uploads/2025/06/B83E548B-9C45-4D8D-BDCC-305AFFB57E34-scaled.jpeg, https://boutique-she.com/wp-content/uploads/2025/06/574DF2C7-9CA6-42AA-B110-F9D0C6DC6413-scaled.jpeg",,,,,,,,,0,,,,0,10,,الألوان,"blanc, Marron, Noir",1,1,المقاس,"36, 37, 38, 39, 40, 41",1,1,none,,no,,,none,default,default,none,,,,,,,,inherit,inherit,,after,inherit,,,,text,,,,text,,,29834173882893714,,,,,,,,,,yes,yes,yes,,,product,,,,,text,,,,,text,,,,,text,,,,10,,,,,,2025-06-03
46955,variation,,,"Mule Diane<span> - </span>blanc, 37",1,0,visible,,,,,taxable,parent,1,1,,0,0,,,,,0,,2800,4800,,,,https://boutique-she.com/wp-content/uploads/2025/06/B83E548B-9C45-4D8D-BDCC-305AFFB57E34-scaled.jpeg,,,id:46920,,,,,,2,,,,,10,,الألوان,blanc,,1,المقاس,37,,1,,,,,,,,,,,,,,,,,,,,,,,,,,,,,,,,,,,,,,,,,,yes,yes,,,,product,,,,,,,,,,,,,,,,,,1778340537,,,,,upload,,
46956,variation,,,"Mule Diane<span> - </span>blanc, 39",1,0,visible,,,,,taxable,parent,0,0,,0,0,,,,,0,,2800,4800,,,,https://boutique-she.com/wp-content/uploads/2025/06/B83E548B-9C45-4D8D-BDCC-305AFFB57E34-scaled.jpeg,,,id:46920,,,,,,4,,,,,10,,الألوان,blanc,,1,المقاس,39,,1,,,,,,,,,,,,,,,,,,,,,,,,,,,,,,,,,,,,,,,,,,yes,yes,,,,product,,,,,,,,,,,,,,,,,,1778494130,,,,,upload,,
46957,variation,,,"Mule Diane<span> - </span>blanc, 41",1,0,visible,,,,,taxable,parent,0,,,0,0,,,,,0,,2800,4800,,,,https://boutique-she.com/wp-content/uploads/2025/06/B83E548B-9C45-4D8D-BDCC-305AFFB57E34-scaled.jpeg,,,id:46920,,,,,,6,,,,,10,,الألوان,blanc,,1,المقاس,41,,1,,,,,,,,,,,,,,,,,,,,,,,,,,,,,,,,,,,,,,,,,,yes,yes,,,,product,,,,,,,,,,,,,,,,,,,,,,,upload,,
46958,variation,,,"Mule Diane<span> - </span>blanc, 36",1,0,visible,,,,,taxable,parent,0,,,0,0,,,,,0,,2800,4800,,,,https://boutique-she.com/wp-content/uploads/2025/06/B83E548B-9C45-4D8D-BDCC-305AFFB57E34-scaled.jpeg,,,id:46920,,,,,,1,,,,,10,,الألوان,blanc,,1,المقاس,36,,1,,,,,,,,,,,,,,,,,,,,,,,,,,,,,,,,,,,,,,,,,,yes,yes,,,,product,,,,,,,,,,,,,,,,,,,,,,,upload,,
46959,variation,,,"Mule Diane<span> - </span>blanc, 38",1,0,visible,,,,,taxable,parent,0,0,,0,0,,,,,0,,2800,4800,,,,https://boutique-she.com/wp-content/uploads/2025/06/B83E548B-9C45-4D8D-BDCC-305AFFB57E34-scaled.jpeg,,,id:46920,,,,,,3,,,,,10,,الألوان,blanc,,1,المقاس,38,,1,,,,,,,,,,,,,,,,,,,,,,,,,,,,,,,,,,,,,,,,,,yes,yes,,,,product,,,,,,,,,,,,,,,,,,,,,,,upload,,
46960,variation,,,"Mule Diane<span> - </span>blanc, 40",1,0,visible,,,,,taxable,parent,0,0,,0,0,,,,,0,,2800,4800,,,,https://boutique-she.com/wp-content/uploads/2025/06/B83E548B-9C45-4D8D-BDCC-305AFFB57E34-scaled.jpeg,,,id:46920,,,,,,5,,,,,10,,الألوان,blanc,,1,المقاس,40,,1,,,,,,,,,,,,,,,,,,,,,,,,,,,,,,,,,,,,,,,,,,yes,yes,,,,product,,,,,,,,,,,,,,,,,,,,,,,upload,,
46961,variation,,,"Mule Diane<span> - </span>Marron, 37",1,0,visible,,,,,taxable,parent,0,0,,0,0,,,,,0,,2800,4800,,,,https://boutique-she.com/wp-content/uploads/2025/06/1A13637E-1F8D-4168-9E4E-1DE49D9187F7-scaled.jpeg,,,id:46920,,,,,,8,,,,,10,,الألوان,Marron,,1,المقاس,37,,1,,,,,,,,,,,,,,,,,,,,,,,,,,,,,,,,,,,,,,,,,,yes,yes,,,,product,,,,,,,,,,,,,,,,,,,,,,,upload,,
46962,variation,,,"Mule Diane<span> - </span>Marron, 39",1,0,visible,,,,,taxable,parent,0,0,,0,0,,,,,0,,2800,4800,,,,https://boutique-she.com/wp-content/uploads/2025/06/1A13637E-1F8D-4168-9E4E-1DE49D9187F7-scaled.jpeg,,,id:46920,,,,,,10,,,,,10,,الألوان,Marron,,1,المقاس,39,,1,,,,,,,,,,,,,,,,,,,,,,,,,,,,,,,,,,,,,,,,,,yes,yes,,,,product,,,,,,,,,,,,,,,,,,,,,,,upload,,
46963,variation,,,"Mule Diane<span> - </span>Marron, 41",1,0,visible,,,,,taxable,parent,0,,,0,0,,,,,0,,2800,4800,,,,https://boutique-she.com/wp-content/uploads/2025/06/1A13637E-1F8D-4168-9E4E-1DE49D9187F7-scaled.jpeg,,,id:46920,,,,,,12,,,,,10,,الألوان,Marron,,1,المقاس,41,,1,,,,,,,,,,,,,,,,,,,,,,,,,,,,,,,,,,,,,,,,,,yes,yes,,,,product,,,,,,,,,,,,,,,,,,,,,,,upload,,
46964,variation,,,"Mule Diane<span> - </span>Marron, 36",1,0,visible,,,,,taxable,parent,0,0,,0,0,,,,,0,,2800,4800,,,,https://boutique-she.com/wp-content/uploads/2025/06/1A13637E-1F8D-4168-9E4E-1DE49D9187F7-scaled.jpeg,,,id:46920,,,,,,7,,,,,10,,الألوان,Marron,,1,المقاس,36,,1,,,,,,,,,,,,,,,,,,,,,,,,,,,,,,,,,,,,,,,,,,yes,yes,,,,product,,,,,,,,,,,,,,,,,,,,,,,upload,,
46965,variation,,,"Mule Diane<span> - </span>Marron, 38",1,0,visible,,,,,taxable,parent,0,0,,0,0,,,,,0,,2800,4800,,,,https://boutique-she.com/wp-content/uploads/2025/06/1A13637E-1F8D-4168-9E4E-1DE49D9187F7-scaled.jpeg,,,id:46920,,,,,,9,,,,,10,,الألوان,Marron,,1,المقاس,38,,1,,,,,,,,,,,,,,,,,,,,,,,,,,,,,,,,,,,,,,,,,,yes,yes,,,,product,,,,,,,,,,,,,,,,,,,,,,,upload,,
46966,variation,,,"Mule Diane<span> - </span>Marron, 40",1,0,visible,,,,,taxable,parent,0,,,0,0,,,,,0,,2800,4800,,,,https://boutique-she.com/wp-content/uploads/2025/06/1A13637E-1F8D-4168-9E4E-1DE49D9187F7-scaled.jpeg,,,id:46920,,,,,,11,,,,,10,,الألوان,Marron,,1,المقاس,40,,1,,,,,,,,,,,,,,,,,,,,,,,,,,,,,,,,,,,,,,,,,,yes,yes,,,,product,,,,,,,,,,,,,,,,,,,,,,,upload,,
46967,variation,,,"Mule Diane<span> - </span>Noir, 37",1,0,visible,,,,,taxable,parent,1,1,,0,0,,,,,0,,2800,4800,,,,https://boutique-she.com/wp-content/uploads/2025/06/574DF2C7-9CA6-42AA-B110-F9D0C6DC6413-scaled.jpeg,,,id:46920,,,,,,13,,,,,10,,الألوان,Noir,,1,المقاس,37,,1,,,,,,,,,,,,,,,,,,,,,,,,,,,,,,,,,,,,,,,,,,yes,yes,,,,product,,,,,,,,,,,,,,,,,,,,,,,upload,,
46968,variation,,,"Mule Diane<span> - </span>Noir, 39",1,0,visible,,,,,taxable,parent,0,0,,0,0,,,,,0,,2800,4800,,,,https://boutique-she.com/wp-content/uploads/2025/06/574DF2C7-9CA6-42AA-B110-F9D0C6DC6413-scaled.jpeg,,,id:46920,,,,,,14,,,,,10,,الألوان,Noir,,1,المقاس,39,,1,,,,,,,,,,,,,,,,,,,,,,,,,,,,,,,,,,,,,,,,,,yes,yes,,,,product,,,,,,,,,,,,,,,,,,1778938472,,,,,upload,,
46969,variation,,,"Mule Diane<span> - </span>Noir, 41",1,0,visible,,,,,taxable,parent,0,,,0,0,,,,,0,,2800,4800,,,,https://boutique-she.com/wp-content/uploads/2025/06/574DF2C7-9CA6-42AA-B110-F9D0C6DC6413-scaled.jpeg,,,id:46920,,,,,,15,,,,,10,,الألوان,Noir,,1,المقاس,41,,1,,,,,,,,,,,,,,,,,,,,,,,,,,,,,,,,,,,,,,,,,,yes,yes,,,,product,,,,,,,,,,,,,,,,,,,,,,,upload,,
46970,variation,,,"Mule Diane<span> - </span>Noir, 36",1,0,visible,,,,,taxable,parent,1,1,,0,0,,,,,0,,2800,4800,,,,https://boutique-she.com/wp-content/uploads/2025/06/574DF2C7-9CA6-42AA-B110-F9D0C6DC6413-scaled.jpeg,,,id:46920,,,,,,16,,,,,10,,الألوان,Noir,,1,المقاس,36,,1,,,,,,,,,,,,,,,,,,,,,,,,,,,,,,,,,,,,,,,,,,yes,yes,,,,product,,,,,,,,,,,,,,,,,,,,,,,upload,,
46971,variation,,,"Mule Diane<span> - </span>Noir, 38",1,0,visible,,,,,taxable,parent,0,0,,0,0,,,,,0,,2800,4800,,,,https://boutique-she.com/wp-content/uploads/2025/06/574DF2C7-9CA6-42AA-B110-F9D0C6DC6413-scaled.jpeg,,,id:46920,,,,,,17,,,,,10,,الألوان,Noir,,1,المقاس,38,,1,,,,,,,,,,,,,,,,,,,,,,,,,,,,,,,,,,,,,,,,,,yes,yes,,,,product,,,,,,,,,,,,,,,,,,,,,,,upload,,
46972,variation,,,"Mule Diane<span> - </span>Noir, 40",1,0,visible,,,,,taxable,parent,0,0,,0,0,,,,,0,,2800,4800,,,,https://boutique-she.com/wp-content/uploads/2025/06/574DF2C7-9CA6-42AA-B110-F9D0C6DC6413-scaled.jpeg,,,id:46920,,,,,,18,,,,,10,,الألوان,Noir,,1,المقاس,40,,1,,,,,,,,,,,,,,,,,,,,,,,,,,,,,,,,,,,,,,,,,,yes,yes,,,,product,,,,,,,,,,,,,,,,,,,,,,,upload,,
46973,variable,,,"Mule Dorris",1,0,visible,,,,,taxable,,1,,,0,0,,,,,0,,,,Chaussures,,,"https://boutique-she.com/wp-content/uploads/2025/06/7BD90D62-74CC-4FF0-BA51-663C3F8638B2-scaled.jpeg, https://boutique-she.com/wp-content/uploads/2025/06/7BD90D62-74CC-4FF0-BA51-663C3F8638B2-scaled.jpeg, https://boutique-she.com/wp-content/uploads/2025/06/22B62B84-FB13-4363-BB0D-F80163193460-scaled.jpeg, https://boutique-she.com/wp-content/uploads/2025/06/B377F76A-8141-44E1-8F75-62D992FD11A9-scaled.jpeg",,,,,,,,,0,,,,0,10,,الألوان,"crème, Marron",1,1,المقاس,"36, 37, 38, 39, 40, 41",1,1,none,,no,,,none,default,default,none,,,,,,,,inherit,inherit,,after,inherit,,,,text,,,,text,,,29983139301334126,,,,,,,,,,yes,yes,yes,,,product,,,,,text,,,,,text,,,,,text,,,,5,,,,,,2025-06-03
47000,variable,,,"Sac Izzy",1,0,visible,,,,,taxable,,0,,,0,0,,,,,1,,,,Sacs,,,"https://boutique-she.com/wp-content/uploads/2025/06/6823597D-54DB-4CCE-B161-E954B1CCA787-scaled.jpeg, https://boutique-she.com/wp-content/uploads/2025/06/6823597D-54DB-4CCE-B161-E954B1CCA787-scaled.jpeg, https://boutique-she.com/wp-content/uploads/2025/06/34CDC006-DC4E-484A-803C-62D5087FDD22-scaled.jpeg, https://boutique-she.com/wp-content/uploads/2025/06/E6CE83B5-EDA5-4F74-80BD-C921207364C0-scaled.jpeg, https://boutique-she.com/wp-content/uploads/2025/06/697EC78D-CB70-4712-9C3F-EA27F66AE291-scaled.jpeg",,,,,,,,,0,,,,0,10,,الألوان,"caramel, Marron, Noir",1,1,,,,,none,,no,,,none,default,default,none,,,,,,,,inherit,inherit,,after,inherit,,,,text,,,,text,,,24166162212997065,,,,,,,,,,yes,yes,yes,,,product,,,,,text,,,,,text,,,,,text,,,1766190711,5,,,,,,
47001,variation,,,"Sac Izzy<span> - </span>Marron",1,0,visible,,,,,taxable,parent,0,,,0,0,,,,,0,,2500,4200,,,,https://boutique-she.com/wp-content/uploads/2025/06/E6CE83B5-EDA5-4F74-80BD-C921207364C0-scaled.jpeg,,,id:47000,,,,,,1,,,,,10,,الألوان,Marron,,1,,,,,,,,,,,,,,,,,,,,,,,,,,,,,,,,,,,,,,,,,,,,,,yes,yes,,,,product,,,,,,,,,,,,,,,,,,1766190711,,,,,upload,,
47002,variation,,,"Sac Izzy<span> - </span>caramel",1,0,visible,,,,,taxable,parent,0,,,0,0,,,,,0,,2500,4200,,,,https://boutique-she.com/wp-content/uploads/2025/06/34CDC006-DC4E-484A-803C-62D5087FDD22-scaled.jpeg,,,id:47000,,,,,,2,,,,,10,,الألوان,caramel,,1,,,,,,,,,,,,,,,,,,,,,,,,,,,,,,,,,,,,,,,,,,,,,,yes,yes,,,,product,,,,,,,,,,,,,,,,,,1766190711,,,,,upload,,
47003,variation,,,"Sac Izzy<span> - </span>Noir",1,0,visible,,,,,taxable,parent,0,,,0,0,,,,,0,,2500,4200,,,,https://boutique-she.com/wp-content/uploads/2025/06/697EC78D-CB70-4712-9C3F-EA27F66AE291-scaled.jpeg,,,id:47000,,,,,,3,,,,,10,,الألوان,Noir,,1,,,,,,,,,,,,,,,,,,,,,,,,,,,,,,,,,,,,,,,,,,,,,,yes,yes,,,,product,,,,,,,,,,,,,,,,,,1766190711,,,,,upload,,
47035,variable,,,"Sac Olly",1,0,visible,,,,,taxable,,1,,,0,0,,,,,0,,,,Sacs,,,"https://boutique-she.com/wp-content/uploads/2025/06/5481C7B7-FEF1-4E85-8098-A315F7294820-scaled.jpeg, https://boutique-she.com/wp-content/uploads/2025/06/5481C7B7-FEF1-4E85-8098-A315F7294820-scaled.jpeg, https://boutique-she.com/wp-content/uploads/2025/06/B8194459-061F-4C41-9535-D637687A32CB-scaled.jpeg, https://boutique-she.com/wp-content/uploads/2025/06/45A45A8B-8E4F-4A51-B2E2-6FF3C75A5BEC-scaled.jpeg, https://boutique-she.com/wp-content/uploads/2025/06/C8249B0C-8E8E-4FFA-A4D5-B6A44C6EE601-scaled.jpeg, https://boutique-she.com/wp-content/uploads/2025/06/4913AED0-B41C-4105-BC72-DE83A76663BD-scaled.jpeg",,,,,,,,,0,,,,0,10,,الألوان,"crème, Marron, Noir, Vert",1,1,,,,,none,,no,,,none,default,default,none,,,,,,,,inherit,inherit,,after,inherit,,,,text,,,,text,,,24094304670188128,,,,,,,,,,yes,yes,yes,,,product,,,,,text,,,,,text,,,,,text,,,,5,,,,,,
47047,variation,,,"Sac Olly<span> - </span>Marron",1,0,visible,,,,,taxable,parent,0,,,0,0,,,,,0,,2500,3500,,,,https://boutique-she.com/wp-content/uploads/2025/06/B8194459-061F-4C41-9535-D637687A32CB-scaled.jpeg,,,id:47035,,,,,,1,,,,,10,,الألوان,Marron,,1,,,,,,,,,,,,,,,,,,,,,,,,,,,,,,,,,,,,,,,,,,,,,,yes,yes,,,,product,,,,,,,,,,,,,,,,,,,,29898280549815775,,,upload,,
47048,variation,,,"Sac Olly<span> - </span>Noir",1,0,visible,,,,,taxable,parent,0,,,0,0,,,,,0,,2500,3500,,,,https://boutique-she.com/wp-content/uploads/2025/06/45A45A8B-8E4F-4A51-B2E2-6FF3C75A5BEC-scaled.jpeg,,,id:47035,,,,,,2,,,,,10,,الألوان,Noir,,1,,,,,,,,,,,,,,,,,,,,,,,,,,,,,,,,,,,,,,,,,,,,,,yes,yes,,,,product,,,,,,,,,,,,,,,,,,1778409095,,9722374164540026,,,upload,,
47049,variation,,,"Sac Olly<span> - </span>Vert",1,0,visible,,,,,taxable,parent,0,,,0,0,,,,,0,,2500,3500,,,,https://boutique-she.com/wp-content/uploads/2025/06/4913AED0-B41C-4105-BC72-DE83A76663BD-scaled.jpeg,,,id:47035,,,,,,3,,,,,10,,الألوان,Vert,,1,,,,,,,,,,,,,,,,,,,,,,,,,,,,,,,,,,,,,,,,,,,,,,yes,yes,,,,product,,,,,,,,,,,,,,,,,,1778409095,,9583078858467388,,,upload,,
47050,variation,,,"Sac Olly<span> - </span>crème",1,0,visible,,,,,taxable,parent,1,4,,0,0,,,,,0,,2500,3500,,,,https://boutique-she.com/wp-content/uploads/2025/06/C8249B0C-8E8E-4FFA-A4D5-B6A44C6EE601-scaled.jpeg,,,id:47035,,,,,,4,,,,,10,,الألوان,crème,,1,,,,,,,,,,,,,,,,,,,,,,,,,,,,,,,,,,,,,,,,,,,,,,yes,yes,,,,product,,,,,,,,,,,,,,,,,,1778409095,,10008697849209582,,,upload,,
47061,variable,,,"Sac lovely",1,0,visible,,,,,taxable,,0,,,0,0,,,,,1,,,,Sacs,,,"https://boutique-she.com/wp-content/uploads/2025/06/9857C37F-AFFD-4DEB-BDB8-6A343CC2C3E4-scaled.jpeg, https://boutique-she.com/wp-content/uploads/2025/06/9857C37F-AFFD-4DEB-BDB8-6A343CC2C3E4-scaled.jpeg, https://boutique-she.com/wp-content/uploads/2025/06/3B333329-3FBB-45FA-ADE3-2E0A146717B5-scaled.jpeg, https://boutique-she.com/wp-content/uploads/2025/06/D0B04E3D-AC2F-44E2-9034-18BB1E19708A-scaled.jpeg, https://boutique-she.com/wp-content/uploads/2025/06/4984BFE3-CC9C-4A7D-BDD3-C552664BF1A1-scaled.jpeg, https://boutique-she.com/wp-content/uploads/2025/06/8CB80FAE-A9A0-4470-B589-D820E8A09207-scaled.jpeg, https://boutique-she.com/wp-content/uploads/2025/06/3DCF72F0-F90B-4B34-9F1E-0EF27F08AA3B-scaled.jpeg",,,,,,,,,0,,,,0,10,,الألوان,"Beige, crème, Marron, Noir, Rose",1,1,,,,,none,,no,,,none,default,default,none,,,,,,,,inherit,inherit,,after,inherit,,,,text,,,,text,,,24197055519887012,,,,,,,,,,yes,yes,yes,,,product,,,,,text,,,,,text,,,,,text,,,,6,,,,,,
47062,variation,,,"Sac lovely<span> - </span>Marron",1,0,visible,,,,,taxable,parent,0,,,0,0,,,,,0,,2500,3500,,,,https://boutique-she.com/wp-content/uploads/2025/06/D0B04E3D-AC2F-44E2-9034-18BB1E19708A-scaled.jpeg,,,id:47061,,,,,,2,,,,,10,,الألوان,Marron,,1,,,,,,,,,,,,,,,,,,,,,,,,,,,,,,,,,,,,,,,,,,,,,,yes,yes,,,,product,,,,,,,,,,,,,,,,,,,,,,,,,
47063,variation,,,"Sac lovely<span> - </span>Noir",1,0,visible,,,,,taxable,parent,0,-1,,0,0,,,,,0,,2500,3500,,,,https://boutique-she.com/wp-content/uploads/2025/06/3B333329-3FBB-45FA-ADE3-2E0A146717B5-scaled.jpeg,,,id:47061,,,,,,3,,,,,10,,الألوان,Noir,,1,,,,,,,,,,,,,,,,,,,,,,,,,,,,,,,,,,,,,,,,,,,,,,yes,yes,,,,product,,,,,,,,,,,,,,,,,,,,,,,,,
47064,variation,,,"Sac lovely<span> - </span>Rose",1,0,visible,,,,,taxable,parent,0,,,0,0,,,,,0,,2500,3500,,,,https://boutique-she.com/wp-content/uploads/2025/06/8CB80FAE-A9A0-4470-B589-D820E8A09207-scaled.jpeg,,,id:47061,,,,,,4,,,,,10,,الألوان,Rose,,1,,,,,,,,,,,,,,,,,,,,,,,,,,,,,,,,,,,,,,,,,,,,,,yes,yes,,,,product,,,,,,,,,,,,,,,,,,,,,,,,,
47065,variation,,,"Sac lovely<span> - </span>crème",1,0,visible,,,,,taxable,parent,0,,,0,0,,,,,0,,2500,3500,,,,https://boutique-she.com/wp-content/uploads/2025/06/3DCF72F0-F90B-4B34-9F1E-0EF27F08AA3B-scaled.jpeg,,,id:47061,,,,,,5,,,,,10,,الألوان,crème,,1,,,,,,,,,,,,,,,,,,,,,,,,,,,,,,,,,,,,,,,,,,,,,,yes,yes,,,,product,,,,,,,,,,,,,,,,,,,,,,,,,
47071,variation,,,"Sac lovely<span> - </span>Beige",1,0,visible,,,,,taxable,parent,0,,,0,0,,,,,0,,2500,3500,,,,https://boutique-she.com/wp-content/uploads/2025/06/4984BFE3-CC9C-4A7D-BDD3-C552664BF1A1-scaled.jpeg,,,id:47061,,,,,,1,,,,,10,,الألوان,Beige,,1,,,,,,,,,,,,,,,,,,,,,,,,,,,,,,,,,,,,,,,,,,,,,,yes,yes,,,,product,,,,,,,,,,,,,,,,,,,,,,,,,
47094,variable,,,"Burkini Hawaï",1,1,visible,,,,,taxable,,1,,,0,0,,,,,0,,,,Burkini,,,"https://boutique-she.com/wp-content/uploads/2025/06/IMG_3532.jpeg, https://boutique-she.com/wp-content/uploads/2025/06/IMG_3532.jpeg, https://boutique-she.com/wp-content/uploads/2025/06/IMG_3533.jpeg",,,,,,,,,0,,,,0,10,,المقاس,"3Xl 46, L 40, M 38, S 36, Xl 42, XXL 44",1,1,,,,,none,,no,,,none,default,default,none,,,,,,,,inherit,inherit,,after,inherit,,,,text,,,,text,,,29846640241649106,,,,,,,,,,yes,yes,yes,,,product,,,,,text,,,,,text,,,,,text,,,1778104426,91,,,,,,
47103,variation,,,"Burkini Hawaï<span> - </span>3Xl 46",1,0,visible,,,,,taxable,parent,0,,,0,0,,,,,0,,5800,6500,,,,,,,id:47094,,,,,,6,,,,,10,,المقاس,"3Xl 46",,1,,,,,,,,,,,,,,,,,,,,,,,,,,,,,,,,,,,,,,,,,,,,,,yes,yes,,,,product,,,,,,,,,,,,,,,,,,1778770806,,9755828081203703,,,upload,,
47104,variation,,,"Burkini Hawaï<span> - </span>L 40",1,0,visible,,,,,taxable,parent,0,0,,0,0,,,,,0,,5800,6500,,,,,,,id:47094,,,,,,3,,,,,10,,المقاس,"L 40",,1,,,,,,,,,,,,,,,,,,,,,,,,,,,,,,,,,,,,,,,,,,,,,,yes,yes,,,,product,,,,,,,,,,,,,,,,,,1778770806,,10053604231343677,,,upload,,
47105,variation,,,"Burkini Hawaï<span> - </span>M 38",1,0,visible,,,,,taxable,parent,1,27,,0,0,,,,,0,,5800,6500,,,,,,,id:47094,,,,,,2,,,,,10,,المقاس,"M 38",,1,,,,,,,,,,,,,,,,,,,,,,,,,,,,,,,,,,,,,,,,,,,,,,yes,yes,,,,product,,,,,,,,,,,,,,,,,,1778770806,,30369254359355293,,,upload,,
47106,variation,,,"Burkini Hawaï<span> - </span>S 36",1,0,visible,,,,,taxable,parent,1,50,,0,0,,,,,0,,5800,6500,,,,,,,id:47094,,,,,,1,,,,,10,,المقاس,"S 36",,1,,,,,,,,,,,,,,,,,,,,,,,,,,,,,,,,,,,,,,,,,,,,,,yes,yes,,,,product,,,,,,,,,,,,,,,,,,1778770806,,29863208696659336,,,upload,,
47107,variation,,,"Burkini Hawaï<span> - </span>Xl 42",1,0,visible,,,,,taxable,parent,0,0,,0,0,,,,,0,,5800,6500,,,,,,,id:47094,,,,,,4,,,,,10,,المقاس,"Xl 42",,1,,,,,,,,,,,,,,,,,,,,,,,,,,,,,,,,,,,,,,,,,,,,,,yes,yes,,,,product,,,,,,,,,,,,,,,,,,1778770806,,23942496802052784,,,upload,,
47108,variation,,,"Burkini Hawaï<span> - </span>XXL 44",1,0,visible,,,,,taxable,parent,0,,,0,0,,,,,0,,5800,6500,,,,,,,id:47094,,,,,,5,,,,,10,,المقاس,"XXL 44",,1,,,,,,,,,,,,,,,,,,,,,,,,,,,,,,,,,,,,,,,,,,,,,,yes,yes,,,,product,,,,,,,,,,,,,,,,,,1778770806,,9866565106787096,,,upload,,
47109,variable,,,"Burkini Mykonos",1,1,visible,,,,,taxable,,1,,,0,0,,,,,0,,,,Burkini,,,"https://boutique-she.com/wp-content/uploads/2025/06/IMG_0691.jpeg, https://boutique-she.com/wp-content/uploads/2025/06/IMG_3525.jpeg, https://boutique-she.com/wp-content/uploads/2025/06/IMG_0691.jpeg",,,,,,,,,0,,,,0,10,,المقاس,"3Xl 46, 4XL 48, L 40, M 38, S 36, Xl 42, XXL 44",1,1,,,,,none,,no,,,,,,,,,,,,,,,,,,,,,,,,,,,,,10065653946804252,,,,,,,,,,yes,yes,yes,,,product,,,,,,,,,,,,,,,,,,1778104505,776,,,,,,2025-06-12
47110,variation,,,"Burkini Mykonos<span> - </span>3Xl 46",1,0,visible,,,,,taxable,parent,1,18,,0,0,,,,,0,,5800,6500,,,,,,,id:47109,,,,,,1,,,,,10,,المقاس,"3Xl 46",,1,,,,,,,,,,,,,,,,,,,,,,,,,,,,,,,,,,,,,,,,,,,,,,yes,yes,yes,,,product,,,,,,,,,,,,,,,,,,1780508192,,9958734647550099,,,upload,,
47111,variation,,,"Burkini Mykonos<span> - </span>L 40",1,0,visible,,,,,taxable,parent,1,5,,0,0,,,,,0,,5800,6500,,,,,,,id:47109,,,,,,2,,,,,10,,المقاس,"L 40",,1,,,,,,,,,,,,,,,,,,,,,,,,,,,,,,,,,,,,,,,,,,,,,,yes,yes,yes,,,product,,,,,,,,,,,,,,,,,,1780508192,,9841216285974860,,,upload,,
47112,variation,,,"Burkini Mykonos<span> - </span>M 38",1,0,visible,,,,,taxable,parent,1,13,,0,0,,,,,0,,5800,6500,,,,,,,id:47109,,,,,,3,,,,,10,,المقاس,"M 38",,1,,,,,,,,,,,,,,,,,,,,,,,,,,,,,,,,,,,,,,,,,,,,,,yes,yes,yes,,,product,,,,,,,,,,,,,,,,,,1780355468,,29929492670027939,,,upload,,
47113,variation,,,"Burkini Mykonos<span> - </span>S 36",1,0,visible,,,,,taxable,parent,1,22,,0,0,,,,,0,,5800,6500,,,,,,,id:47109,,,,,,4,,,,,10,,المقاس,"S 36",,1,,,,,,,,,,,,,,,,,,,,,,,,,,,,,,,,,,,,,,,,,,,,,,yes,yes,yes,,,product,,,,,,,,,,,,,,,,,,1778771124,,10069295116520701,,,upload,,
47114,variation,,,"Burkini Mykonos<span> - </span>Xl 42",1,0,visible,,,,,taxable,parent,1,6,,0,0,,,,,0,,5800,6500,,,,,,,id:47109,,,,,,5,,,,,10,,المقاس,"Xl 42",,1,,,,,,,,,,,,,,,,,,,,,,,,,,,,,,,,,,,,,,,,,,,,,,yes,yes,yes,,,product,,,,,,,,,,,,,,,,,,1780508193,,24123434357293637,,,upload,,
47115,variation,,,"Burkini Mykonos<span> - </span>XXL 44",1,0,visible,,,,,taxable,parent,1,13,,0,0,,,,,0,,5800,6500,,,,,,,id:47109,,,,,,6,,,,,10,,المقاس,"XXL 44",,1,,,,,,,,,,,,,,,,,,,,,,,,,,,,,,,,,,,,,,,,,,,,,,yes,yes,yes,,,product,,,,,,,,,,,,,,,,,,1780508193,,9861043143949666,,,upload,,
47120,variable,,,"Burkini Bali",1,1,visible,,,,,taxable,,1,,,0,0,,,,,0,,,,Burkini,,,"https://boutique-she.com/wp-content/uploads/2025/06/IMG_3530.jpeg, https://boutique-she.com/wp-content/uploads/2025/06/IMG_3530.jpeg, https://boutique-she.com/wp-content/uploads/2025/06/IMG_3531.jpeg",,,,,,,,,0,,,,0,10,,المقاس,"3Xl 46, 4XL 48, L 40, M 38, S 36, Xl 42, XXL 44",1,1,,,,,none,,no,,,none,default,default,none,,,,,,,,inherit,inherit,,after,inherit,,,,text,,,,text,,,9086486621454274,,,,,,,,,,yes,yes,yes,,,product,,,,,text,,,,,text,,,,,text,,,1778104708,444,,,,,,2025-06-12
47156,variable,,,"Burkini Ibiza",1,1,visible,,,,,taxable,,1,,,0,0,,,,,0,,,,Burkini,,,"https://boutique-she.com/wp-content/uploads/2025/06/IMG_3540.jpeg, https://boutique-she.com/wp-content/uploads/2025/06/IMG_3541.jpeg, https://boutique-she.com/wp-content/uploads/2025/06/IMG_3540.jpeg",,,,,,,,,0,,,,0,10,,المقاس,"3Xl 46, 4XL 48, L 40, M 38, S 36, Xl 42, XXL 44",1,1,,,,,none,,no,,,none,default,default,none,,,,,,,,inherit,inherit,,after,inherit,,,,text,,,,text,,,23975417912069901,,,,,,,,,,yes,yes,yes,,,product,,,,,text,,,,,text,,,,,text,,,1778104642,338,,,,,,2025-06-12
47157,variation,,,"Burkini Ibiza<span> - </span>3Xl 46",1,0,visible,,,,,taxable,parent,1,11,,0,0,,,,,0,,5800,6500,,,,,,,id:47156,,,,,,6,,,,,10,,المقاس,"3Xl 46",,1,,,,,,,,,,,,,,,,,,,,,,,,,,,,,,,,,,,,,,,,,,,,,,yes,yes,,,,product,,,,,,,,,,,,,,,,,,1779279541,,9794897493940850,,,upload,,
47158,variation,,,"Burkini Ibiza<span> - </span>L 40",1,0,visible,,,,,taxable,parent,1,11,,0,0,,,,,0,,5800,6500,,,,,,,id:47156,,,,,,3,,,,,10,,المقاس,"L 40",,1,,,,,,,,,,,,,,,,,,,,,,,,,,,,,,,,,,,,,,,,,,,,,,yes,yes,,,,product,,,,,,,,,,,,,,,,,,1780355294,,29992773513702792,,,upload,,
47159,variation,,,"Burkini Ibiza<span> - </span>M 38",1,0,visible,,,,,taxable,parent,1,13,,0,0,,,,,0,,5800,6500,,,,,,,id:47156,,,,,,2,,,,,10,,المقاس,"M 38",,1,,,,,,,,,,,,,,,,,,,,,,,,,,,,,,,,,,,,,,,,,,,,,,yes,yes,,,,product,,,,,,,,,,,,,,,,,,1780170812,,29841476318831831,,,upload,,
47160,variation,,,"Burkini Ibiza<span> - </span>S 36",1,0,visible,,,,,taxable,parent,1,21,,0,0,,,,,0,,5800,6500,,,,,,,id:47156,,,,,,1,,,,,10,,المقاس,"S 36",,1,,,,,,,,,,,,,,,,,,,,,,,,,,,,,,,,,,,,,,,,,,,,,,yes,yes,,,,product,,,,,,,,,,,,,,,,,,1779279540,,24256103050653892,,,upload,,
47161,variation,,,"Burkini Ibiza<span> - </span>Xl 42",1,0,visible,,,,,taxable,parent,1,15,,0,0,,,,,0,,5800,6500,,,,,,,id:47156,,,,,,4,,,,,10,,المقاس,"Xl 42",,1,,,,,,,,,,,,,,,,,,,,,,,,,,,,,,,,,,,,,,,,,,,,,,yes,yes,,,,product,,,,,,,,,,,,,,,,,,1780170812,,30061969396785044,,,upload,,
47162,variation,,,"Burkini Ibiza<span> - </span>XXL 44",1,0,visible,,,,,taxable,parent,1,11,,0,0,,,,,0,,5800,6500,,,,,,,id:47156,,,,,,5,,,,,10,,المقاس,"XXL 44",,1,,,,,,,,,,,,,,,,,,,,,,,,,,,,,,,,,,,,,,,,,,,,,,yes,yes,,,,product,,,,,,,,,,,,,,,,,,1779279540,,9898864926829538,,,upload,,
47165,variable,,,"Burkini Maldives",1,1,visible,,,,,taxable,,1,,,0,0,,,,,0,,,,Burkini,,,"https://boutique-she.com/wp-content/uploads/2025/06/IMG_3536.jpeg, https://boutique-she.com/wp-content/uploads/2025/06/IMG_3536.jpeg, https://boutique-she.com/wp-content/uploads/2025/06/IMG_3537.jpeg",,,,,,,,,0,,,,0,10,,المقاس,"3Xl 46, 4XL 48, L 40, M 38, S 36/38, Xl 42, XXL 44",1,1,,,,,none,,no,,,,,,,,,,,,,,,,,,,,,,,,,,,,,10055345794580353,,,,,,,,,,yes,yes,yes,,,product,,,,,,,,,,,,,,,,,,1778104348,473,,,,,,2025-06-12
47166,variation,,,"Burkini Maldives<span> - </span>3Xl 46",1,0,visible,,,,,taxable,parent,1,19,,0,0,,,,,0,,5800,6500,,,,,,,id:47165,,,,,,6,,,,,10,,المقاس,"3Xl 46",,1,,,,,,,,,,,,,,,,,,,,,,,,,,,,,,,,,,,,,,,,,,,,,,yes,yes,,,,product,,,,,,,,,,,,,,,,,,1780355534,,9847567345318884,,,upload,,
47167,variation,,,"Burkini Maldives<span> - </span>XXL 44",1,0,visible,,,,,taxable,parent,1,9,,0,0,,,,,0,,5800,6500,,,,,,,id:47165,,,,,,5,,,,,10,,المقاس,"XXL 44",,1,,,,,,,,,,,,,,,,,,,,,,,,,,,,,,,,,,,,,,,,,,,,,,yes,yes,,,,product,,,,,,,,,,,,,,,,,,1780355534,,9983095005070461,,,upload,,
47168,variation,,,"Burkini Maldives<span> - </span>L 40",1,0,visible,,,,,taxable,parent,1,10,,0,0,,,,,0,,5800,6500,,,,,,,id:47165,,,,,,3,,,,,10,,المقاس,"L 40",,1,,,,,,,,,,,,,,,,,,,,,,,,,,,,,,,,,,,,,,,,,,,,,,yes,yes,,,,product,,,,,,,,,,,,,,,,,,1780508601,,23862758370079025,,,upload,,
47169,variation,,,"Burkini Maldives<span> - </span>M 38",1,0,visible,,,,,taxable,parent,1,9,,0,0,,,,,0,,5800,6500,,,,,,,id:47165,,,,,,2,,,,,10,,المقاس,"M 38",,1,,,,,,,,,,,,,,,,,,,,,,,,,,,,,,,,,,,,,,,,,,,,,,yes,yes,,,,product,,,,,,,,,,,,,,,,,,1780355533,,24157932143801197,,,upload,,
47170,variation,,,"Burkini Maldives<span> - </span>S 36/38",1,0,visible,,,,,taxable,parent,1,15,,0,0,,,,,0,,5800,6500,,,,,,,id:47165,,,,,,1,,,,,10,,المقاس,"S 36/38",,1,,,,,,,,,,,,,,,,,,,,,,,,,,,,,,,,,,,,,,,,,,,,,,yes,yes,,,,product,,,,,,,,,,,,,,,,,,1778773950,,23998300319782001,,,upload,,
47171,variation,,,"Burkini Maldives<span> - </span>Xl 42",1,0,visible,,,,,taxable,parent,0,,,0,0,,,,,0,,5800,6500,,,,,,,id:47165,,,,,,4,,,,,10,,المقاس,"Xl 42",,1,,,,,,,,,,,,,,,,,,,,,,,,,,,,,,,,,,,,,,,,,,,,,,yes,yes,,,,product,,,,,,,,,,,,,,,,,,1780508601,,24299188049679353,,,upload,,
47174,variable,,,"Burkini Phuket",1,1,visible,,,,,taxable,,1,,,0,0,,,,,0,,,,Burkini,,,"https://boutique-she.com/wp-content/uploads/2025/06/IMG_3527.jpeg, https://boutique-she.com/wp-content/uploads/2025/06/IMG_3527.jpeg, https://boutique-she.com/wp-content/uploads/2025/06/IMG_0703.jpeg",,,,,,,,,0,,,,0,10,,المقاس,"3Xl 46, L 40, M 38, S 36, Xl 42, XXL 44",1,1,,,,,none,,no,,,none,default,default,none,,,,,,,,inherit,inherit,,after,inherit,,,,text,,,,text,,,10013563242071897,,,,,,,,,,yes,yes,yes,,,product,,,,,text,,,,,text,,,,,text,,,1778104913,136,,,,,,
47175,variation,,,"Burkini Phuket<span> - </span>3Xl 46",1,0,visible,,,,,taxable,parent,0,0,,0,0,,,,,0,,5800,6500,,,,,,,id:47174,,,,,,6,,,,,10,,المقاس,"3Xl 46",,1,,,,,,,,,,,,,,,,,,,,,,,,,,,,,,,,,,,,,,,,,,,,,,yes,yes,,,,product,,,,,,,,,,,,,,,,,,1778772944,,9927101924034476,,,upload,,
47176,variation,,,"Burkini Phuket<span> - </span>L 40",1,0,visible,,,,,taxable,parent,0,0,,0,0,,,,,0,,5800,6500,,,,,,,id:47174,,,,,,3,,,,,10,,المقاس,"L 40",,1,,,,,,,,,,,,,,,,,,,,,,,,,,,,,,,,,,,,,,,,,,,,,,yes,yes,,,,product,,,,,,,,,,,,,,,,,,1778794680,,24240966648844389,,,upload,,
47177,variation,,,"Burkini Phuket<span> - </span>M 38",1,0,visible,,,,,taxable,parent,0,0,,0,0,,,,,0,,5800,6500,,,,,,,id:47174,,,,,,2,,,,,10,,المقاس,"M 38",,1,,,,,,,,,,,,,,,,,,,,,,,,,,,,,,,,,,,,,,,,,,,,,,yes,yes,,,,product,,,,,,,,,,,,,,,,,,1778916307,,9669806533145551,,,upload,,
47178,variation,,,"Burkini Phuket<span> - </span>S 36",1,0,visible,,,,,taxable,parent,1,41,,0,0,,,,,0,,5800,6500,,,,,,,id:47174,,,,,,1,,,,,10,,المقاس,"S 36",,1,,,,,,,,,,,,,,,,,,,,,,,,,,,,,,,,,,,,,,,,,,,,,,yes,yes,,,,product,,,,,,,,,,,,,,,,,,1778772944,,9678623565593874,,,upload,,
47179,variation,,,"Burkini Phuket<span> - </span>Xl 42",1,0,visible,,,,,taxable,parent,0,0,,0,0,,,,,0,,5800,6500,,,,,,,id:47174,,,,,,4,,,,,10,,المقاس,"Xl 42",,1,,,,,,,,,,,,,,,,,,,,,,,,,,,,,,,,,,,,,,,,,,,,,,yes,yes,,,,product,,,,,,,,,,,,,,,,,,1778794680,,30370612922583467,,,upload,,
47180,variation,,,"Burkini Phuket<span> - </span>XXL 44",1,0,visible,,,,,taxable,parent,0,0,,0,0,,,,,0,,5800,6500,,,,,,,id:47174,,,,,,5,,,,,10,,المقاس,"XXL 44",,1,,,,,,,,,,,,,,,,,,,,,,,,,,,,,,,,,,,,,,,,,,,,,,yes,yes,,,,product,,,,,,,,,,,,,,,,,,1778772944,,8560453387412673,,,upload,,
47184,variable,,,"Burkini Bora Bora",1,1,visible,,,,,taxable,,1,,,0,0,,,,,0,,,,Burkini,,,"https://boutique-she.com/wp-content/uploads/2025/06/IMG_3538.jpeg, https://boutique-she.com/wp-content/uploads/2025/06/IMG_3539.jpeg, https://boutique-she.com/wp-content/uploads/2025/06/IMG_3538.jpeg",,,,,,,,,0,,,,0,10,,المقاس,"3Xl 46, L 40, M 38, S 36, Xl 42, XXL 44",1,1,,,,,none,,no,,,none,default,default,none,,,,,,,,inherit,inherit,,after,inherit,,,,text,,,,text,,,24556127983987143,,,,,,,,,,yes,yes,yes,,,product,,,,,text,,,,,text,,,,,text,,,1778104560,99,,,,,,
47185,variation,,,"Burkini Bora Bora<span> - </span>3Xl 46",1,0,visible,,,,,taxable,parent,0,,,0,0,,,,,0,,5800,6500,,,,,,,id:47184,,,,,,1,,,,,10,,المقاس,"3Xl 46",,1,,,,,,,,,,,,,,,,,,,,,,,,,,,,,,,,,,,,,,,,,,,,,,yes,yes,,,,product,,,,,,,,,,,,,,,,,,1778794768,,9963289713796549,,,upload,,
47186,variation,,,"Burkini Bora Bora<span> - </span>L 40",1,0,visible,,,,,taxable,parent,0,,,0,0,,,,,0,,5800,6500,,,,,,,id:47184,,,,,,2,,,,,10,,المقاس,"L 40",,1,,,,,,,,,,,,,,,,,,,,,,,,,,,,,,,,,,,,,,,,,,,,,,yes,yes,,,,product,,,,,,,,,,,,,,,,,,1778794768,,9320354868064682,,,upload,,
47187,variation,,,"Burkini Bora Bora<span> - </span>M 38",1,0,visible,,,,,taxable,parent,1,16,,0,0,,,,,0,,5800,6500,,,,,,,id:47184,,,,,,3,,,,,10,,المقاس,"M 38",,1,,,,,,,,,,,,,,,,,,,,,,,,,,,,,,,,,,,,,,,,,,,,,,yes,yes,,,,product,,,,,,,,,,,,,,,,,,1778794768,,29975448248770088,,,upload,,
47188,variation,,,"Burkini Bora Bora<span> - </span>S 36",1,0,visible,,,,,taxable,parent,1,62,,0,0,,,,,0,,5800,6500,,,,,,,id:47184,,,,,,4,,,,,10,,المقاس,"S 36",,1,,,,,,,,,,,,,,,,,,,,,,,,,,,,,,,,,,,,,,,,,,,,,,yes,yes,,,,product,,,,,,,,,,,,,,,,,,1778794768,,23958495580457927,,,upload,,
47189,variation,,,"Burkini Bora Bora<span> - </span>Xl 42",1,0,visible,,,,,taxable,parent,0,,,0,0,,,,,0,,5800,6500,,,,,,,id:47184,,,,,,5,,,,,10,,المقاس,"Xl 42",,1,,,,,,,,,,,,,,,,,,,,,,,,,,,,,,,,,,,,,,,,,,,,,,yes,yes,,,,product,,,,,,,,,,,,,,,,,,1778794768,,9919276938141123,,,upload,,
47190,variation,,,"Burkini Bora Bora<span> - </span>XXL 44",1,0,visible,,,,,taxable,parent,0,0,,0,0,,,,,0,,5800,6500,,,,,,,id:47184,,,,,,6,,,,,10,,المقاس,"XXL 44",,1,,,,,,,,,,,,,,,,,,,,,,,,,,,,,,,,,,,,,,,,,,,,,,yes,yes,,,,product,,,,,,,,,,,,,,,,,,1778794769,,9966466620116380,,,upload,,
47193,variable,,,"Burkini seychelles",1,1,visible,,,,,taxable,,1,,,0,0,,,,,0,,,,Burkini,,,"https://boutique-she.com/wp-content/uploads/2025/06/IMG_3534.jpeg, https://boutique-she.com/wp-content/uploads/2025/06/IMG_3534.jpeg, https://boutique-she.com/wp-content/uploads/2025/06/IMG_3535.jpeg",,,,,,,,,0,,,,0,10,,المقاس,"3Xl 46, L 40, M 38, S 36, Xl 42, XXL 44",1,1,,,,,none,,no,,,none,default,default,none,,,,,,,,inherit,inherit,,after,inherit,,,,text,,,,text,,,30309755981971569,,,,,,,,,,yes,yes,yes,,,product,,,,,text,,,,,text,,,,,text,,,1778316846,253,,,,,,
47194,variation,,,"Burkini seychelles<span> - </span>3Xl 46",1,0,visible,,,,,taxable,parent,0,0,,0,0,,,,,0,,5800,6500,,,,,,,id:47193,,,,,,6,,,,,10,,المقاس,"3Xl 46",,1,,,,,,,,,,,,,,,,,,,,,,,,,,,,,,,,,,,,,,,,,,,,,,yes,yes,,,,product,,,,,,,,,,,,,,,,,,1778770443,,9815810561851048,,,upload,,
47195,variation,,,"Burkini seychelles<span> - </span>L 40",1,0,visible,,,,,taxable,parent,0,0,,0,0,,,,,0,,5800,6500,,,,,,,id:47193,,,,,,3,,,,,10,,المقاس,"L 40",,1,,,,,,,,,,,,,,,,,,,,,,,,,,,,,,,,,,,,,,,,,,,,,,yes,yes,,,,product,,,,,,,,,,,,,,,,,,1778770442,,9897512020317004,,,upload,,
47196,variation,,,"Burkini seychelles<span> - </span>M 38",1,0,visible,,,,,taxable,parent,0,0,,0,0,,,,,0,,5800,6500,,,,,,,id:47193,,,,,,2,,,,,10,,المقاس,"M 38",,1,,,,,,,,,,,,,,,,,,,,,,,,,,,,,,,,,,,,,,,,,,,,,,yes,yes,,,,product,,,,,,,,,,,,,,,,,,1778770442,,9493643204073567,,,upload,,
47197,variation,,,"Burkini seychelles<span> - </span>S 36",1,0,visible,,,,,taxable,parent,1,64,,0,0,,,,,0,,5800,6500,,,,,,,id:47193,,,,,,1,,,,,10,,المقاس,"S 36",,1,,,,,,,,,,,,,,,,,,,,,,,,,,,,,,,,,,,,,,,,,,,,,,yes,yes,,,,product,,,,,,,,,,,,,,,,,,1778770442,,9960742414011935,,,upload,,
47198,variation,,,"Burkini seychelles<span> - </span>Xl 42",1,0,visible,,,,,taxable,parent,0,,,0,0,,,,,0,,5800,6500,,,,,,,id:47193,,,,,,4,,,,,10,,المقاس,"Xl 42",,1,,,,,,,,,,,,,,,,,,,,,,,,,,,,,,,,,,,,,,,,,,,,,,yes,yes,,,,product,,,,,,,,,,,,,,,,,,1778770442,,9849095355210399,,,upload,,
47199,variation,,,"Burkini seychelles<span> - </span>XXL 44",1,0,visible,,,,,taxable,parent,0,0,,0,0,,,,,0,,5800,6500,,,,,,,id:47193,,,,,,5,,,,,10,,المقاس,"XXL 44",,1,,,,,,,,,,,,,,,,,,,,,,,,,,,,,,,,,,,,,,,,,,,,,,yes,yes,,,,product,,,,,,,,,,,,,,,,,,1778770443,,23884579597829193,,,upload,,
47299,variable,,,"Burkini Fondu",1,1,visible,,,,,taxable,,1,,,0,0,,,,,0,,,,Burkini,,,"https://boutique-she.com/wp-content/uploads/2025/06/IMG_3676.jpeg, https://boutique-she.com/wp-content/uploads/2025/06/IMG_3677.jpeg, https://boutique-she.com/wp-content/uploads/2025/06/IMG_3676.jpeg",,,,,,,,,0,,,,0,10,,المقاس,"1, 2, 2Xl 44, 3, 34, 36, 37, 38, 39, 3XL, 3Xl 46, 3Xl 46/48, 40, 41, 42, 42/44, 44, 44/46, 46, 46/48, 48, 48/50, 4Xl 46/48, 4XL 48, 5, 50, 50/52, 52, 54, 56, 5XL 50, 5Xl 50/52, 6XL 52, 6Xl 52/54, 7XL 54, L, L (40->42), L (40-42-44), L (42), L (42-44-46), L 40, L 40/42, L(42-44), L/XL, L/Xl ( 40-42-44), L/Xl ( 42-44), L/Xl ( 42-44-46), L/Xl (44-46-48), LXL, LXL (42-44-46), LXl (44-46), M, M (38-40-42), M (40), M (40-42-44), M 38, M 38/40, M(40-42), M/L, M/L ( 42-44-46), M/L (38-40-42), M/L (40-42-44), ML, ML (38-40-42), ML (40-42), Mule Dorris, S, S ( 36-38-40), S (36-38), S (38), S 36, S 36/38, S(38-40), S/M, S/M ( 38-40-42), S/M (36-38-40), SM, SM ( 38-40-42), SM (36-38), SM (36-38-40), SM (38-40), Standard ( du 38 au 52), Standard (36-42), Standard (36-44), Standard (36–>46), standard (38-44), standard (38-46), Standard (38-48), Standard (du 38 au 44/46), standard (du 42 au 50), Standard du 38 au 44, Standard Du 38 au 50, Standard du 38 au 52, Standard du 40 au 52, Standard Oversize, Stardard Over size, Tail 1 (36.38.40), Tail 2 (42.44.46), Taille 1 ( 36-38-40), taille 1 (36-38), Taille 1 (36-38-40 faible), Taille 1 : 38-40-42, Taille 2 ( 40-42 fort), taille 2 (40-42), Taille 2 (40-42-44), taille 2 (42- 44 ), Taille 2 (42-44-46), Taille 2 : 42-44-46, Taille 3 (44-46 faible), taille 3 (44-46), Taille 3 (44/46), Taille 4 (46-48), Taille 5 ( 48-50), XL, Xl (42-> 44), Xl (44), Xl 42, Xl 42/44, XL(44-46), Xl/XXL, XL/XXL (42-44-46), Xl/xxl (44-46-48), XS, XS(36-38), XXL, XXL (44->46), XXL 44, XXL 44/46",1,1,,,,,none,,no,,,,,,,,,,,,,,,,,,,,,,,,,,,,,29901738066107862,,,,,,,,,,yes,yes,yes,,,product,,,,,,,,,,,,,,,,,,1778104223,714,,,,,,
47303,variation,,,"Burkini Fondu<span> - </span>3Xl 46",1,0,visible,,,,,taxable,parent,0,,,0,0,,,,,0,,5800,6500,,,,,,,id:47299,,,,,,2,,,,,10,,المقاس,"3Xl 46",,1,,,,,,,,,,,,,,,,,,,,,,,,,,,,,,,,,,,,,,,,,,,,,,yes,yes,,,,product,,,,,,,,,,,,,,,,,,1780508508,,9787953311301956,,,upload,,
47304,variation,,,"Burkini Fondu<span> - </span>4XL 48",1,0,visible,,,,,taxable,parent,0,0,,0,0,,,,,0,,5800,6500,,,,,,,id:47299,,,,,,3,,,,,10,,المقاس,"4XL 48",,1,,,,,,,,,,,,,,,,,,,,,,,,,,,,,,,,,,,,,,,,,,,,,,yes,yes,,,,product,,,,,,,,,,,,,,,,,,1780652395,,9682142165247393,,,upload,,
47305,variation,,,"Burkini Fondu<span> - </span>5XL 50",1,0,visible,,,,,taxable,parent,0,,,0,0,,,,,0,,5800,6500,,,,,,,id:47299,,,,,,4,,,,,10,,المقاس,"5XL 50",,1,,,,,,,,,,,,,,,,,,,,,,,,,,,,,,,,,,,,,,,,,,,,,,yes,yes,,,,product,,,,,,,,,,,,,,,,,,1780508508,,24046114485018186,,,upload,,
47306,variation,,,"Burkini Fondu<span> - </span>6XL 52",1,0,visible,,,,,taxable,parent,1,5,,0,0,,,,,0,,5800,6500,,,,,,,id:47299,,,,,,5,,,,,10,,المقاس,"6XL 52",,1,,,,,,,,,,,,,,,,,,,,,,,,,,,,,,,,,,,,,,,,,,,,,,yes,yes,,,,product,,,,,,,,,,,,,,,,,,1780356149,,30502494712682354,,,upload,,
47307,variation,,,"Burkini Fondu<span> - </span>L 40",1,0,visible,,,,,taxable,parent,0,,,0,0,,,,,0,,5800,6500,,,,,,,id:47299,,,,,,6,,,,,10,,المقاس,"L 40",,1,,,,,,,,,,,,,,,,,,,,,,,,,,,,,,,,,,,,,,,,,,,,,,yes,yes,,,,product,,,,,,,,,,,,,,,,,,1780508508,,24155364950734257,,,upload,,
47308,variation,,,"Burkini Fondu<span> - </span>M 38",1,0,visible,,,,,taxable,parent,1,25,,0,0,,,,,0,,5800,6500,,,,,,,id:47299,,,,,,7,,,,,10,,المقاس,"M 38",,1,,,,,,,,,,,,,,,,,,,,,,,,,,,,,,,,,,,,,,,,,,,,,,yes,yes,,,,product,,,,,,,,,,,,,,,,,,1778769505,,10081737978607218,,,upload,,
47309,variation,,,"Burkini Fondu<span> - </span>Xl 42",1,0,visible,,,,,taxable,parent,0,,,0,0,,,,,0,,5800,6500,,,,,,,id:47299,,,,,,8,,,,,10,,المقاس,"Xl 42",,1,,,,,,,,,,,,,,,,,,,,,,,,,,,,,,,,,,,,,,,,,,,,,,yes,yes,,,,product,,,,,,,,,,,,,,,,,,1780508508,,23923482284007838,,,upload,,
47310,variation,,,"Burkini Fondu<span> - </span>XXL 44",1,0,visible,,,,,taxable,parent,0,-1,,0,0,,,,,0,,5800,6500,,,,,,,id:47299,,,,,,9,,,,,10,,المقاس,"XXL 44",,1,,,,,,,,,,,,,,,,,,,,,,,,,,,,,,,,,,,,,,,,,,,,,,yes,yes,,,,product,,,,,,,,,,,,,,,,,,1780565215,,24418181501101645,,,upload,,
47311,variable,,,"Burkini Chaîne",1,1,visible,,,,,taxable,,1,,,0,0,,,,,0,,,,Burkini,,,"https://boutique-she.com/wp-content/uploads/2025/06/IMG_3670-scaled.jpeg, https://boutique-she.com/wp-content/uploads/2025/06/IMG_3670-scaled.jpeg, https://boutique-she.com/wp-content/uploads/2025/06/IMG_3671.jpeg",,,,,,,,,0,,,,0,10,,المقاس,"3Xl 46, 4XL 48, 5XL 50, 6XL 52, L 40, M 38, Xl 42, XXL 44",1,1,,,,,none,,no,,,none,default,default,none,,,,,,,,inherit,inherit,,after,inherit,,,,text,,,,text,,,24043767488584770,,,,,,,,,,yes,yes,yes,,,product,,,,,text,,,,,text,,,,,text,,,1778104026,369,,,,,,
47312,variation,,,"Burkini Chaîne<span> - </span>3Xl 46",1,0,visible,,,,,taxable,parent,0,0,,0,0,,,,,0,,5800,6500,,,,,,,id:47311,,,,,,5,,,,,10,,المقاس,"3Xl 46",,1,,,,,,,,,,,,,,,,,,,,,,,,,,,,,,,,,,,,,,,,,,,,,,yes,yes,,,,product,,,,,,,,,,,,,,,,,,1778767722,,8712125585578985,,,upload,,
47313,variation,,,"Burkini Chaîne<span> - </span>4XL 48",1,0,visible,,,,,taxable,parent,0,0,,0,0,,,,,0,,5800,6500,,,,,,,id:47311,,,,,,6,,,,,10,,المقاس,"4XL 48",,1,,,,,,,,,,,,,,,,,,,,,,,,,,,,,,,,,,,,,,,,,,,,,,yes,yes,,,,product,,,,,,,,,,,,,,,,,,1778767722,,24607872208814579,,,upload,,
47314,variation,,,"Burkini Chaîne<span> - </span>5XL 50",1,0,visible,,,,,taxable,parent,0,0,,0,0,,,,,0,,5800,6500,,,,,,,id:47311,,,,,,7,,,,,10,,المقاس,"5XL 50",,1,,,,,,,,,,,,,,,,,,,,,,,,,,,,,,,,,,,,,,,,,,,,,,yes,yes,,,,product,,,,,,,,,,,,,,,,,,1778767722,,29929621440017606,,,upload,,
47315,variation,,,"Burkini Chaîne<span> - </span>6XL 52",1,0,visible,,,,,taxable,parent,0,0,,0,0,,,,,0,,5800,6500,,,,,,,id:47311,,,,,,8,,,,,10,,المقاس,"6XL 52",,1,,,,,,,,,,,,,,,,,,,,,,,,,,,,,,,,,,,,,,,,,,,,,,yes,yes,,,,product,,,,,,,,,,,,,,,,,,1779114846,,30008451322132181,,,upload,,
47316,variation,,,"Burkini Chaîne<span> - </span>L 40",1,0,visible,,,,,taxable,parent,1,29,,0,0,,,,,0,,5800,6500,,,,,,,id:47311,,,,,,2,,,,,10,,المقاس,"L 40",,1,,,,,,,,,,,,,,,,,,,,,,,,,,,,,,,,,,,,,,,,,,,,,,yes,yes,,,,product,,,,,,,,,,,,,,,,,,1778767722,,9936082103151663,,,upload,,
47317,variation,,,"Burkini Chaîne<span> - </span>M 38",1,0,visible,,,,,taxable,parent,1,90,,0,0,,,,,0,,5800,6500,,,,,,,id:47311,,,,,,1,,,,,10,,المقاس,"M 38",,1,,,,,,,,,,,,,,,,,,,,,,,,,,,,,,,,,,,,,,,,,,,,,,yes,yes,,,,product,,,,,,,,,,,,,,,,,,1778767722,,9952426254837103,,,upload,,
47318,variation,,,"Burkini Chaîne<span> - </span>Xl 42",1,0,visible,,,,,taxable,parent,0,0,,0,0,,,,,0,,5800,6500,,,,,,,id:47311,,,,,,3,,,,,10,,المقاس,"Xl 42",,1,,,,,,,,,,,,,,,,,,,,,,,,,,,,,,,,,,,,,,,,,,,,,,yes,yes,,,,product,,,,,,,,,,,,,,,,,,1778767722,,23980672918287356,,,upload,,
47319,variation,,,"Burkini Chaîne<span> - </span>XXL 44",1,0,visible,,,,,taxable,parent,0,0,,0,0,,,,,0,,5800,6500,,,,,,,id:47311,,,,,,4,,,,,10,,المقاس,"XXL 44",,1,,,,,,,,,,,,,,,,,,,,,,,,,,,,,,,,,,,,,,,,,,,,,,yes,yes,,,,product,,,,,,,,,,,,,,,,,,1778767722,,23971601842478202,,,upload,,
47322,variable,,,"Burkini Aqua Flora",1,1,visible,,,,,taxable,,1,,,0,0,,,,,0,,,,"Burkini, Manteaux et vestes",,,"https://boutique-she.com/wp-content/uploads/2025/06/IMG_3674.jpeg, https://boutique-she.com/wp-content/uploads/2025/06/IMG_3675.jpeg, https://boutique-she.com/wp-content/uploads/2025/06/IMG_3674.jpeg",,,,,,,,,0,,,,0,10,,المقاس,"3Xl 46, 4XL 48, 5XL 50, 6XL 52, L 40, M 38, Xl 42, XXL 44",1,1,,,,,none,,no,,,none,default,default,none,,,,,,,,inherit,inherit,,after,inherit,,,,text,,,,text,,,23904498372504147,,,,,,,,,,yes,yes,yes,,,product,,,,,text,,,,,text,,,,,text,,,1778104297,296,,,,,,
47323,variation,,,"Burkini Aqua Flora<span> - </span>3Xl 46",1,0,visible,,,,,taxable,parent,0,,,0,0,,,,,0,,5800,6500,,,,,,,id:47322,,,,,,4,,,,,10,,المقاس,"3Xl 46",,1,,,,,,,,,,,,,,,,,,,,,,,,,,,,,,,,,,,,,,,,,,,,,,yes,yes,,,,product,,,,,,,,,,,,,,,,,,1778686876,,9976523712439456,,,upload,,
47324,variation,,,"Burkini Aqua Flora<span> - </span>4XL 48",1,0,visible,,,,,taxable,parent,0,,,0,0,,,,,0,,5800,6500,,,,,,,id:47322,,,,,,5,,,,,10,,المقاس,"4XL 48",,1,,,,,,,,,,,,,,,,,,,,,,,,,,,,,,,,,,,,,,,,,,,,,,yes,yes,,,,product,,,,,,,,,,,,,,,,,,1778686876,,24006973648936396,,,upload,,
47325,variation,,,"Burkini Aqua Flora<span> - </span>5XL 50",1,0,visible,,,,,taxable,parent,0,0,,0,0,,,,,0,,5800,6500,,,,,,,id:47322,,,,,,7,,,,,10,,المقاس,"5XL 50",,1,,,,,,,,,,,,,,,,,,,,,,,,,,,,,,,,,,,,,,,,,,,,,,yes,yes,,,,product,,,,,,,,,,,,,,,,,,1779872748,,30356399493973685,,,upload,,
47326,variation,,,"Burkini Aqua Flora<span> - </span>6XL 52",1,0,visible,,,,,taxable,parent,0,0,,0,0,,,,,0,,5800,6500,,,,,,,id:47322,,,,,,8,,,,,10,,المقاس,"6XL 52",,1,,,,,,,,,,,,,,,,,,,,,,,,,,,,,,,,,,,,,,,,,,,,,,yes,yes,,,,product,,,,,,,,,,,,,,,,,,1778686876,,24115828281363617,,,upload,,
47327,variation,,,"Burkini Aqua Flora<span> - </span>L 40",1,0,visible,,,,,taxable,parent,1,3,,0,0,,,,,0,,5800,6500,,,,,,,id:47322,,,,,,2,,,,,10,,المقاس,"L 40",,1,,,,,,,,,,,,,,,,,,,,,,,,,,,,,,,,,,,,,,,,,,,,,,yes,yes,,,,product,,,,,,,,,,,,,,,,,,1778686876,,9927427500682008,,,upload,,
47328,variation,,,"Burkini Aqua Flora<span> - </span>M 38",1,0,visible,,,,,taxable,parent,1,63,,0,0,,,,,0,,5800,6500,,,,,,,id:47322,,,,,,1,,,,,10,,المقاس,"M 38",,1,,,,,,,,,,,,,,,,,,,,,,,,,,,,,,,,,,,,,,,,,,,,,,yes,yes,,,,product,,,,,,,,,,,,,,,,,,1778686876,,24040967315557296,,,upload,,
47329,variation,,,"Burkini Aqua Flora<span> - </span>Xl 42",1,0,visible,,,,,taxable,parent,0,,,0,0,,,,,0,,5800,6500,,,,,,,id:47322,,,,,,3,,,,,10,,المقاس,"Xl 42",,1,,,,,,,,,,,,,,,,,,,,,,,,,,,,,,,,,,,,,,,,,,,,,,yes,yes,,,,product,,,,,,,,,,,,,,,,,,1778686876,,24248723701398536,,,upload,,
47330,variation,,,"Burkini Aqua Flora<span> - </span>XXL 44",1,0,visible,,,,,taxable,parent,0,,,0,0,,,,,0,,5800,6500,,,,,,,id:47322,,,,,,6,,,,,10,,المقاس,"XXL 44",,1,,,,,,,,,,,,,,,,,,,,,,,,,,,,,,,,,,,,,,,,,,,,,,yes,yes,,,,product,,,,,,,,,,,,,,,,,,1778686876,,24281423818109774,,,upload,,
47336,variable,,,"Burkini Cap Horizon",1,1,visible,,,,,taxable,,1,,,0,0,,,,,0,,,,Burkini,,,"https://boutique-she.com/wp-content/uploads/2025/06/IMG_3672.jpeg, https://boutique-she.com/wp-content/uploads/2025/06/IMG_3672.jpeg, https://boutique-she.com/wp-content/uploads/2025/06/IMG_3673.jpeg",,,,,,,,,0,,,,0,10,,المقاس,"3Xl 46, 4XL 48, 5XL 50, 6XL 52, L 40, M 38, Xl 42, XXL 44",1,1,,,,,none,,no,,,none,default,default,none,,,,,,,,inherit,inherit,,after,inherit,,,,text,,,,text,,,23956093954022540,,,,,,,,,,yes,yes,yes,,,product,,,,,text,,,,,text,,,,,text,,,1778184407,409,,,,,,
47337,variation,,,"Burkini Cap Horizon<span> - </span>3Xl 46",1,0,visible,,,,,taxable,parent,0,,,0,0,,,,,0,,5800,6500,,,,,,,id:47336,,,,,,5,,,,,10,,المقاس,"3Xl 46",,1,,,,,,,,,,,,,,,,,,,,,,,,,,,,,,,,,,,,,,,,,,,,,,yes,yes,,,,product,,,,,,,,,,,,,,,,,,1778685061,,24009458458714967,,,upload,,
47338,variation,,,"Burkini Cap Horizon<span> - </span>4XL 48",1,0,visible,,,,,taxable,parent,0,0,,0,0,,,,,0,,5800,6500,,,,,,,id:47336,,,,,,6,,,,,10,,المقاس,"4XL 48",,1,,,,,,,,,,,,,,,,,,,,,,,,,,,,,,,,,,,,,,,,,,,,,,yes,yes,,,,product,,,,,,,,,,,,,,,,,,1780588913,,29849964677985603,,,upload,,
47339,variation,,,"Burkini Cap Horizon<span> - </span>5XL 50",1,0,visible,,,,,taxable,parent,1,27,,0,0,,,,,0,,5800,6500,,,,,,,id:47336,,,,,,7,,,,,10,,المقاس,"5XL 50",,1,,,,,,,,,,,,,,,,,,,,,,,,,,,,,,,,,,,,,,,,,,,,,,yes,yes,,,,product,,,,,,,,,,,,,,,,,,1778685061,,30811837045081685,,,upload,,
47340,variation,,,"Burkini Cap Horizon<span> - </span>6XL 52",1,0,visible,,,,,taxable,parent,0,0,,0,0,,,,,0,,5800,6500,,,,,,,id:47336,,,,,,8,,,,,10,,المقاس,"6XL 52",,1,,,,,,,,,,,,,,,,,,,,,,,,,,,,,,,,,,,,,,,,,,,,,,yes,yes,,,,product,,,,,,,,,,,,,,,,,,1780338822,,10057238211024940,,,upload,,
47341,variation,,,"Burkini Cap Horizon<span> - </span>L 40",1,0,visible,,,,,taxable,parent,1,29,,0,0,,,,,0,,5800,6500,,,,,,,id:47336,,,,,,2,,,,,10,,المقاس,"L 40",,1,,,,,,,,,,,,,,,,,,,,,,,,,,,,,,,,,,,,,,,,,,,,,,yes,yes,,,,product,,,,,,,,,,,,,,,,,,1778685061,,24394770810129951,,,upload,,
47342,variation,,,"Burkini Cap Horizon<span> - </span>M 38",1,0,visible,,,,,taxable,parent,1,60,,0,0,,,,,0,,5800,6500,,,,,,,id:47336,,,,,,1,,,,,10,,المقاس,"M 38",,1,,,,,,,,,,,,,,,,,,,,,,,,,,,,,,,,,,,,,,,,,,,,,,yes,yes,,,,product,,,,,,,,,,,,,,,,,,1778685061,,23983229541327052,,,upload,,
47343,variation,,,"Burkini Cap Horizon<span> - </span>Xl 42",1,0,visible,,,,,taxable,parent,0,,,0,0,,,,,0,,5800,6500,,,,,,,id:47336,,,,,,3,,,,,10,,المقاس,"Xl 42",,1,,,,,,,,,,,,,,,,,,,,,,,,,,,,,,,,,,,,,,,,,,,,,,yes,yes,,,,product,,,,,,,,,,,,,,,,,,1778685061,,9646814142084339,,,upload,,
47344,variation,,,"Burkini Cap Horizon<span> - </span>XXL 44",1,0,visible,,,,,taxable,parent,0,0,20,0,0,,,,,0,,5800,6500,,,,,,,id:47336,,,,,,4,,,,,10,,المقاس,"XXL 44",,1,,,,,,,,,,,,,,,,,,,,,,,,,,,,,,,,,,,,,,,,,,,,,,yes,yes,,,,product,,,,,,,,,,,,,,,,,,1778685061,,9939751659412327,,,upload,,
47348,variable,,,"Burkini Fleur Noir",1,1,visible,,,,,taxable,,1,,,0,0,,,,,0,,,,"Burkini, Manteaux et vestes",,,"https://boutique-she.com/wp-content/uploads/2025/06/IMG_3678.jpeg, https://boutique-she.com/wp-content/uploads/2025/06/IMG_3678.jpeg, https://boutique-she.com/wp-content/uploads/2025/06/IMG_3679.jpeg",,,,,,,,,0,,,,0,10,,المقاس,"3Xl 46, 4XL 48, 5XL 50, 6XL 52, L 40, M 38, Xl 42, XXL 44",1,1,,,,,none,,no,,,none,default,default,none,,,,,,,,inherit,inherit,,after,inherit,,,,text,,,,text,,,24137012069262642,,,,,,,,,,yes,yes,yes,,,product,,,,,text,,,,,text,,,,,text,,,1777975398,428,,,,,,
47484,variation,,,"Burkini Bali<span> - </span>3Xl 46",1,0,visible,,,,,taxable,parent,1,15,,0,0,,,,,0,,5800,6500,,,,,,,id:47120,,,,,,1,,,,,10,,المقاس,"3Xl 46",,1,,,,,,,,,,,,,,,,,,,,,,,,,,,,,,,,,,,,,,,,,,,,,,yes,yes,,,,product,,,,,,,,,,,,,,,,,,1780355382,,10027936827297173,,,upload,,
47485,variation,,,"Burkini Bali<span> - </span>L 40",1,0,visible,,,,,taxable,parent,1,11,,0,0,,,,,0,,5800,6500,,,,,,,id:47120,,,,,,2,,,,,10,,المقاس,"L 40",,1,,,,,,,,,,,,,,,,,,,,,,,,,,,,,,,,,,,,,,,,,,,,,,yes,yes,,,,product,,,,,,,,,,,,,,,,,,1780355382,,24791614137105103,,,upload,,
47486,variation,,,"Burkini Bali<span> - </span>M 38",1,0,visible,,,,,taxable,parent,1,11,,0,0,,,,,0,,5800,6500,,,,,,,id:47120,,,,,,3,,,,,10,,المقاس,"M 38",,1,,,,,,,,,,,,,,,,,,,,,,,,,,,,,,,,,,,,,,,,,,,,,,yes,yes,,,,product,,,,,,,,,,,,,,,,,,1779279631,,10028418967252991,,,upload,,
47487,variation,,,"Burkini Bali<span> - </span>S 36",1,0,visible,,,,,taxable,parent,1,44,,0,0,,,,,0,,5800,6500,,,,,,,id:47120,,,,,,4,,,,,10,,المقاس,"S 36",,1,,,,,,,,,,,,,,,,,,,,,,,,,,,,,,,,,,,,,,,,,,,,,,yes,yes,,,,product,,,,,,,,,,,,,,,,,,1778771745,,10051102708344512,,,upload,,
47488,variation,,,"Burkini Bali<span> - </span>Xl 42",1,0,visible,,,,,taxable,parent,1,10,,0,0,,,,,0,,5800,6500,,,,,,,id:47120,,,,,,5,,,,,10,,المقاس,"Xl 42",,1,,,,,,,,,,,,,,,,,,,,,,,,,,,,,,,,,,,,,,,,,,,,,,yes,yes,,,,product,,,,,,,,,,,,,,,,,,1780355382,,9943988909029574,,,upload,,
47489,variation,,,"Burkini Bali<span> - </span>XXL 44",1,0,visible,,,,,taxable,parent,1,14,,0,0,,,,,0,,5800,6500,,,,,,,id:47120,,,,,,6,,,,,10,,المقاس,"XXL 44",,1,,,,,,,,,,,,,,,,,,,,,,,,,,,,,,,,,,,,,,,,,,,,,,yes,yes,,,,product,,,,,,,,,,,,,,,,,,1780355382,,9873587936084206,,,upload,,
47490,variable,,,"Burkini Miami",1,1,visible,,,,,taxable,,1,,,0,0,,,,,0,,,,"Burkini, Manteaux et vestes",,,"https://boutique-she.com/wp-content/uploads/2025/06/IMG_3528.jpeg, https://boutique-she.com/wp-content/uploads/2025/06/IMG_3528.jpeg, https://boutique-she.com/wp-content/uploads/2025/06/IMG_3529.jpeg",,,,,,,,,0,,,,0,10,,المقاس,"2Xl 44, 3Xl 46, L 40, M 38, S 36, Xl 42",1,1,,,,,none,,no,,,none,default,default,none,,,,,,,,inherit,inherit,,after,inherit,,,,text,,,,text,,,9989127927867134,,,,,,,,,,yes,yes,yes,,,product,,,,,text,,,,,text,,,,,text,,,1777841885,291,,,,,,2025-06-14
47491,variation,,,"Burkini Miami<span> - </span>2Xl 44",1,0,visible,,,,,taxable,parent,0,0,,0,0,,,,,0,,5800,6500,,,,,,,id:47490,,,,,,5,,,,,10,,المقاس,"2Xl 44",,1,,,,,,,,,,,,,,,,,,,,,,,,,,,,,,,,,,,,,,,,,,,,,,yes,yes,,,,product,,,,,,,,,,,,,,,,,,1778678197,,29807487118895173,,,upload,,
47492,variation,,,"Burkini Miami<span> - </span>3Xl 46",1,0,visible,,,,,taxable,parent,0,,,0,0,,,,,0,,5800,6500,,,,,,,id:47490,,,,,,6,,,,,10,,المقاس,"3Xl 46",,1,,,,,,,,,,,,,,,,,,,,,,,,,,,,,,,,,,,,,,,,,,,,,,yes,yes,,,,product,,,,,,,,,,,,,,,,,,1778678197,,9161589917276826,,,upload,,
47493,variation,,,"Burkini Miami<span> - </span>L 40",1,0,visible,,,,,taxable,parent,0,,,0,0,,,,,0,,5800,6500,,,,,,,id:47490,,,,,,3,,,,,10,,المقاس,"L 40",,1,,,,,,,,,,,,,,,,,,,,,,,,,,,,,,,,,,,,,,,,,,,,,,yes,yes,,,,product,,,,,,,,,,,,,,,,,,1778678197,,24136005206004266,,,upload,,
47494,variation,,,"Burkini Miami<span> - </span>M 38",1,0,visible,,,,,taxable,parent,0,0,,0,0,,,,,0,,5800,6500,,,,,,,id:47490,,,,,,2,,,,,10,,المقاس,"M 38",,1,,,,,,,,,,,,,,,,,,,,,,,,,,,,,,,,,,,,,,,,,,,,,,yes,yes,,,,product,,,,,,,,,,,,,,,,,,1778678197,,24219794787683298,,,upload,,
47495,variation,,,"Burkini Miami<span> - </span>Xl 42",1,0,visible,,,,,taxable,parent,0,,,0,0,,,,,0,,5800,6500,,,,,,,id:47490,,,,,,4,,,,,10,,المقاس,"Xl 42",,1,,,,,,,,,,,,,,,,,,,,,,,,,,,,,,,,,,,,,,,,,,,,,,yes,yes,,,,product,,,,,,,,,,,,,,,,,,1778678197,,9985530291502549,,,upload,,
47625,variable,,,"Sac coeur",1,0,visible,,,,,taxable,,1,,,0,0,,,,,0,,,,Sacs,,,"https://boutique-she.com/wp-content/uploads/2025/06/IMG_3502-scaled.jpeg, https://boutique-she.com/wp-content/uploads/2025/06/IMG_3502-scaled.jpeg, https://boutique-she.com/wp-content/uploads/2025/06/IMG_3505-scaled.jpeg, https://boutique-she.com/wp-content/uploads/2025/06/IMG_3503-scaled.jpeg, https://boutique-she.com/wp-content/uploads/2025/06/IMG_3504-scaled.jpeg",,,,,,,,,0,,,,0,10,,الألوان,"Noir, Pistache, Rose",1,1,,,,,none,,no,,,none,default,default,none,,,,,,,,inherit,inherit,,after,inherit,,,,text,,,,text,,,23871331909222644,,,,,,,,,,yes,yes,yes,,,product,,,,,text,,,,,text,,,,,text,,,1778410927,8,,,,,,
47628,variation,,,"Sac coeur<span> - </span>Noir",1,0,visible,,,,,taxable,parent,1,10,,0,0,,,,,0,,2500,3500,,,,https://boutique-she.com/wp-content/uploads/2025/06/IMG_3503-scaled.jpeg,,,id:47625,,,,,,1,,,,,10,,الألوان,Noir,,1,,,,,,,,,,,,,,,,,,,,,,,,,,,,,,,,,,,,,,,,,,,,,,yes,yes,,,,product,,,,,,,,,,,,,,,,,,1778410927,,29886692580975763,,,upload,,
47629,variation,,,"Sac coeur<span> - </span>Rose",1,0,visible,,,,,taxable,parent,0,,,0,0,,,,,0,,2500,3500,,,,https://boutique-she.com/wp-content/uploads/2025/06/IMG_3504-scaled.jpeg,,,id:47625,,,,,,2,,,,,10,,الألوان,Rose,,1,,,,,,,,,,,,,,,,,,,,,,,,,,,,,,,,,,,,,,,,,,,,,,yes,yes,,,,product,,,,,,,,,,,,,,,,,,,,24805657432367646,,,upload,,
47630,variation,,,"Sac coeur<span> - </span>Pistache",1,0,visible,,,,,taxable,parent,1,2,,0,0,,,,,0,,2500,3500,,,,https://boutique-she.com/wp-content/uploads/2025/06/IMG_3505-scaled.jpeg,,,id:47625,,,,,,3,,,,,10,,الألوان,Pistache,,1,,,,,,,,,,,,,,,,,,,,,,,,,,,,,,,,,,,,,,,,,,,,,,yes,yes,,,,product,,,,,,,,,,,,,,,,,,1778410927,,9789002811209513,,,upload,,
47666,variation,,,"Burkini Fleur Noir<span> - </span>3Xl 46",1,0,visible,,,,,taxable,parent,0,0,,0,0,,,,,0,,5800,6500,,,,,,,id:47348,,,,,,5,,,,,10,,المقاس,"3Xl 46",,1,,,,,,,,,,,,,,,,,,,,,,,,,,,,,,,,,,,,,,,,,,,,,,yes,yes,,,,product,,,,,,,,,,,,,,,,,,1778680609,,10098617163553355,,,upload,,
47667,variation,,,"Burkini Fleur Noir<span> - </span>L 40",1,0,visible,,,,,taxable,parent,1,12,,0,0,,,,,0,,5800,6500,,,,,,,id:47348,,,,,,2,,,,,10,,المقاس,"L 40",,1,,,,,,,,,,,,,,,,,,,,,,,,,,,,,,,,,,,,,,,,,,,,,,yes,yes,,,,product,,,,,,,,,,,,,,,,,,1778680608,,10089828681055881,,,upload,,
47668,variation,,,"Burkini Fleur Noir<span> - </span>M 38",1,0,visible,,,,,taxable,parent,1,86,,0,0,,,,,0,,5800,6500,,,,,,,id:47348,,,,,,1,,,,,10,,المقاس,"M 38",,1,,,,,,,,,,,,,,,,,,,,,,,,,,,,,,,,,,,,,,,,,,,,,,yes,yes,,,,product,,,,,,,,,,,,,,,,,,1778680608,,9920601638027585,,,upload,,
47669,variation,,,"Burkini Fleur Noir<span> - </span>Xl 42",1,0,visible,,,,,taxable,parent,0,0,,0,0,,,,,0,,5800,6500,,,,,,,id:47348,,,,,,3,,,,,10,,المقاس,"Xl 42",,1,,,,,,,,,,,,,,,,,,,,,,,,,,,,,,,,,,,,,,,,,,,,,,yes,yes,,,,product,,,,,,,,,,,,,,,,,,1778680609,,24197734083144433,,,upload,,
47670,variation,,,"Burkini Fleur Noir<span> - </span>XXL 44",1,0,visible,,,,,taxable,parent,0,0,,0,0,,,,,0,,5800,6500,,,,,,,id:47348,,,,,,4,,,,,10,,المقاس,"XXL 44",,1,,,,,,,,,,,,,,,,,,,,,,,,,,,,,,,,,,,,,,,,,,,,,,yes,yes,,,,product,,,,,,,,,,,,,,,,,,1778680609,,29946374128342727,,,upload,,
47671,variation,,,"Burkini Fleur Noir<span> - </span>4XL 48",1,0,visible,,,,,taxable,parent,0,0,,0,0,,,,,0,,5800,6500,,,,,,,id:47348,,,,,,6,,,,,10,,المقاس,"4XL 48",,1,,,,,,,,,,,,,,,,,,,,,,,,,,,,,,,,,,,,,,,,,,,,,,yes,yes,,,,product,,,,,,,,,,,,,,,,,,1778907923,,24172187949034188,,,upload,,
47672,variation,,,"Burkini Fleur Noir<span> - </span>5XL 50",1,0,visible,,,,,taxable,parent,0,0,,0,0,,,,,0,,5800,6500,,,,,,,id:47348,,,,,,7,,,,,10,,المقاس,"5XL 50",,1,,,,,,,,,,,,,,,,,,,,,,,,,,,,,,,,,,,,,,,,,,,,,,yes,yes,,,,product,,,,,,,,,,,,,,,,,,1779559320,,9259848400782458,,,upload,,
47673,variation,,,"Burkini Fleur Noir<span> - </span>6XL 52",1,0,visible,,,,,taxable,parent,0,,,0,0,,,,,0,,5800,6500,,,,,,,id:47348,,,,,,8,,,,,10,,المقاس,"6XL 52",,1,,,,,,,,,,,,,,,,,,,,,,,,,,,,,,,,,,,,,,,,,,,,,,yes,yes,,,,product,,,,,,,,,,,,,,,,,,1778680609,,9957143994354279,,,upload,,
47675,variation,,,"Burkini Miami<span> - </span>S 36",1,0,visible,,,,,taxable,parent,1,70,,0,0,,,,,0,,5800,6500,,,,,,,id:47490,,,,,,1,,,,,10,,المقاس,"S 36",,1,,,,,,,,,,,,,,,,,,,,,,,,,,,,,,,,,,,,,,,,,,,,,,yes,yes,,,,product,,,,,,,,,,,,,,,,,,1778678197,,9859612100759987,,,upload,,
47763,variable,,,"Sac  Infinity",1,0,visible,,,,,taxable,,1,,,0,0,,,,,0,,,,Sacs,,,"https://boutique-she.com/wp-content/uploads/2025/06/IMG_1015-scaled.jpeg, https://boutique-she.com/wp-content/uploads/2025/06/IMG_1005.jpeg, https://boutique-she.com/wp-content/uploads/2025/06/IMG_1006-scaled.jpeg, https://boutique-she.com/wp-content/uploads/2025/06/IMG_1007-scaled.jpeg, https://boutique-she.com/wp-content/uploads/2025/06/IMG_1008-scaled.jpeg, https://boutique-she.com/wp-content/uploads/2025/06/IMG_1010-scaled.jpeg, https://boutique-she.com/wp-content/uploads/2025/06/IMG_1011-scaled.jpeg, https://boutique-she.com/wp-content/uploads/2025/06/IMG_1012-scaled.jpeg, https://boutique-she.com/wp-content/uploads/2025/06/IMG_1015-scaled.jpeg, https://boutique-she.com/wp-content/uploads/2025/06/IMG_1016-scaled.jpeg",,,,,,,,,0,,,,0,10,,الألوان,"Beige, bleu ciel, crème, Noir, Rose, Vert",1,1,,,,,none,,no,,,none,default,default,none,,,,,,,,inherit,inherit,,after,inherit,,,,text,,,,text,,,23954675840838743,,,,,,,,,,yes,yes,yes,,,product,,,,,text,,,,,text,,,,,text,,,,2,,,,,,
47764,variation,,,"Sac  Infinity<span> - </span>bleu ciel",1,0,visible,,,,,taxable,parent,0,0,,0,0,,,,,0,,2500,3500,,,,https://boutique-she.com/wp-content/uploads/2025/06/IMG_1006-scaled.jpeg,,,id:47763,,,,,,1,,,,,10,,الألوان,"bleu ciel",,1,,,,,,,,,,,,,,,,,,,,,,,,,,,,,,,,,,,,,,,,,,,,,,yes,yes,,,,product,,,,,,,,,,,,,,,,,,,,,,,upload,,
47765,variation,,,"Sac  Infinity<span> - </span>Rose",1,0,visible,,,,,taxable,parent,0,0,,0,0,,,,,0,,2500,3500,,,,https://boutique-she.com/wp-content/uploads/2025/06/IMG_1007-scaled.jpeg,,,id:47763,,,,,,2,,,,,10,,الألوان,Rose,,1,,,,,,,,,,,,,,,,,,,,,,,,,,,,,,,,,,,,,,,,,,,,,,yes,yes,,,,product,,,,,,,,,,,,,,,,,,,,,,,upload,,
47766,variation,,,"Sac  Infinity<span> - </span>crème",1,0,visible,,,,,taxable,parent,0,,,0,0,,,,,0,,2500,3500,,,,https://boutique-she.com/wp-content/uploads/2025/06/IMG_1011-scaled.jpeg,,,id:47763,,,,,,3,,,,,10,,الألوان,crème,,1,,,,,,,,,,,,,,,,,,,,,,,,,,,,,,,,,,,,,,,,,,,,,,yes,yes,,,,product,,,,,,,,,,,,,,,,,,,,,,,upload,,
47767,variation,,,"Sac  Infinity<span> - </span>Beige",1,0,visible,,,,,taxable,parent,0,0,,0,0,,,,,0,,2500,3500,,,,https://boutique-she.com/wp-content/uploads/2025/06/IMG_1010-scaled.jpeg,,,id:47763,,,,,,4,,,,,10,,الألوان,Beige,,1,,,,,,,,,,,,,,,,,,,,,,,,,,,,,,,,,,,,,,,,,,,,,,yes,yes,,,,product,,,,,,,,,,,,,,,,,,1779705639,,,,,upload,,
47768,variation,,,"Sac  Infinity<span> - </span>Vert",1,0,visible,,,,,taxable,parent,1,2,,0,0,,,,,0,,2500,3500,,,,https://boutique-she.com/wp-content/uploads/2025/06/IMG_1008-scaled.jpeg,,,id:47763,,,,,,5,,,,,10,,الألوان,Vert,,1,,,,,,,,,,,,,,,,,,,,,,,,,,,,,,,,,,,,,,,,,,,,,,yes,yes,,,,product,,,,,,,,,,,,,,,,,,1778410268,,,,,upload,,
47769,variation,,,"Sac  Infinity<span> - </span>Noir",1,0,visible,,,,,taxable,parent,1,2,,0,0,,,,,0,,2500,3500,,,,https://boutique-she.com/wp-content/uploads/2025/06/IMG_1012-scaled.jpeg,,,id:47763,,,,,,6,,,,,10,,الألوان,Noir,,1,,,,,,,,,,,,,,,,,,,,,,,,,,,,,,,,,,,,,,,,,,,,,,yes,yes,,,,product,,,,,,,,,,,,,,,,,,1778410268,,,,,upload,,
47783,variable,,,"Sac Chic Chic",1,0,visible,,,,,taxable,,1,,,0,0,,,,,0,,,,Sacs,,,"https://boutique-she.com/wp-content/uploads/2025/06/IMG_3511-scaled.jpeg, https://boutique-she.com/wp-content/uploads/2025/06/IMG_3516-scaled.jpeg, https://boutique-she.com/wp-content/uploads/2025/06/IMG_3515-scaled.jpeg, https://boutique-she.com/wp-content/uploads/2025/06/IMG_3514-scaled.jpeg, https://boutique-she.com/wp-content/uploads/2025/06/IMG_3513-scaled.jpeg, https://boutique-she.com/wp-content/uploads/2025/06/IMG_3511-scaled.jpeg",,,,,,,,,0,,,,0,10,,الألوان,"caramel, Gris claire, Marron, Noir, Rose, Vert",1,1,,,,,none,,no,,,none,default,default,none,,,,,,,,inherit,inherit,,after,inherit,,,,text,,,,text,,,30869362809317737,,,,,,,,,,yes,yes,yes,,,product,,,,,text,,,,,text,,,,,text,,,1759053903,12,,,,,,
47803,variable,,,"Sac Mindy",1,0,visible,,,,,taxable,,0,,,0,0,,,,,0,,,,Sacs,,,"https://boutique-she.com/wp-content/uploads/2025/06/IMG_3492-scaled.jpeg, https://boutique-she.com/wp-content/uploads/2025/06/IMG_3492-scaled.jpeg, https://boutique-she.com/wp-content/uploads/2025/06/IMG_3493-scaled.jpeg, https://boutique-she.com/wp-content/uploads/2025/06/IMG_3494-scaled.jpeg, https://boutique-she.com/wp-content/uploads/2025/06/IMG_3495-scaled.jpeg, https://boutique-she.com/wp-content/uploads/2025/06/IMG_3496-scaled.jpeg, https://boutique-she.com/wp-content/uploads/2025/06/IMG_3497-scaled.jpeg",,,,,,,,,0,,,,0,10,,الألوان,"caramel, crème, Marron, Noir",1,1,,,,,none,,no,,,none,default,default,none,,,,,,,,inherit,inherit,,after,inherit,,,,text,,,,text,,,24163214279938644,,,,,,,,,,yes,yes,yes,,,product,,,,,text,,,,,text,,,,,text,,,1778408308,7,,,,,,
47817,variation,,,"Sac Mindy<span> - </span>Marron",1,0,visible,,,,,taxable,parent,0,,,0,0,,,,,0,,2500,4500,,,,https://boutique-she.com/wp-content/uploads/2025/06/IMG_3497-scaled.jpeg,,,id:47803,,,,,,1,,,,,10,,الألوان,Marron,,1,,,,,,,,,,,,,,,,,,,,,,,,,,,,,,,,,,,,,,,,,,,,,,yes,yes,,,,product,,,,,,,,,,,,,,,,,,,,,,,upload,,
47818,variation,,,"Sac Mindy<span> - </span>Noir",1,0,visible,,,,,taxable,parent,0,0,,0,0,,,,,0,,2500,4500,,,,https://boutique-she.com/wp-content/uploads/2025/06/IMG_3495-scaled.jpeg,,,id:47803,,,,,,2,,,,,10,,الألوان,Noir,,1,,,,,,,,,,,,,,,,,,,,,,,,,,,,,,,,,,,,,,,,,,,,,,yes,yes,,,,product,,,,,,,,,,,,,,,,,,1759097773,,,,,upload,,
47819,variation,,,"Sac Mindy<span> - </span>caramel",1,0,visible,,,,,taxable,parent,0,0,,0,0,,,,,0,,2500,4500,,,,https://boutique-she.com/wp-content/uploads/2025/06/IMG_3496-scaled.jpeg,,,id:47803,,,,,,3,,,,,10,,الألوان,caramel,,1,,,,,,,,,,,,,,,,,,,,,,,,,,,,,,,,,,,,,,,,,,,,,,yes,yes,,,,product,,,,,,,,,,,,,,,,,,1778408308,,,,,upload,,
47820,variation,,,"Sac Mindy<span> - </span>crème",1,0,visible,,,,,taxable,parent,0,,,0,0,,,,,0,,2500,4500,,,,https://boutique-she.com/wp-content/uploads/2025/06/IMG_3494-scaled.jpeg,,,id:47803,,,,,,4,,,,,10,,الألوان,crème,,1,,,,,,,,,,,,,,,,,,,,,,,,,,,,,,,,,,,,,,,,,,,,,,yes,yes,,,,product,,,,,,,,,,,,,,,,,,,,,,,upload,,
47864,variable,,,"Sac Kelly",1,0,visible,,,,,taxable,,1,,,0,0,,,,,0,,,,Sacs,,,"https://boutique-she.com/wp-content/uploads/2025/06/IMG_3499-scaled.jpeg, https://boutique-she.com/wp-content/uploads/2025/06/IMG_3499-scaled.jpeg, https://boutique-she.com/wp-content/uploads/2025/06/IMG_3500-scaled.jpeg, https://boutique-she.com/wp-content/uploads/2025/06/IMG_3501-scaled.jpeg",,,,,,,,,0,,,,0,10,,الألوان,"crème, Marron, Noir, Vert kaki",1,1,,,,,none,,no,,,none,default,default,none,,,,,,,,inherit,inherit,,after,inherit,,,,text,,,,text,,,9606038279501003,,,,,,,,,,yes,yes,yes,,,product,,,,,text,,,,,text,,,,,text,,,,14,,,,,,
47865,variation,,,"Sac Kelly<span> - </span>Marron",1,0,visible,,,,,taxable,parent,0,,,0,0,,,,,0,,2500,4200,,,,https://boutique-she.com/wp-content/uploads/2025/06/IMG_3501-scaled.jpeg,,,id:47864,,,,,,1,,,,,10,,الألوان,Marron,,1,,,,,,,,,,,,,,,,,,,,,,,,,,,,,,,,,,,,,,,,,,,,,,yes,yes,,,,product,,,,,,,,,,,,,,,,,,1778409321,,23864591973202553,,,upload,,
47866,variation,,,"Sac Kelly<span> - </span>Noir",1,0,visible,,,,,taxable,parent,1,6,,0,0,,,,,0,,2500,4200,,,,https://boutique-she.com/wp-content/uploads/2025/06/IMG_3500-scaled.jpeg,,,id:47864,,,,,,2,,,,,10,,الألوان,Noir,,1,,,,,,,,,,,,,,,,,,,,,,,,,,,,,,,,,,,,,,,,,,,,,,yes,yes,,,,product,,,,,,,,,,,,,,,,,,1778409321,,24721815170758291,,,upload,,
47867,variation,,,"Sac Kelly<span> - </span>Vert kaki",1,0,visible,,,,,taxable,parent,1,10,,0,0,,,,,0,,2500,4200,,,,https://boutique-she.com/wp-content/uploads/2025/06/IMG_3501-scaled.jpeg,,,id:47864,,,,,,3,,,,,10,,الألوان,"Vert kaki",,1,,,,,,,,,,,,,,,,,,,,,,,,,,,,,,,,,,,,,,,,,,,,,,yes,yes,,,,product,,,,,,,,,,,,,,,,,,1778409321,,24179945891636500,,,upload,,
47868,variation,,,"Sac Kelly<span> - </span>crème",1,0,visible,,,,,taxable,parent,1,1,,0,0,,,,,0,,2500,4200,,,,https://boutique-she.com/wp-content/uploads/2025/06/IMG_3500-scaled.jpeg,,,id:47864,,,,,,4,,,,,10,,الألوان,crème,,1,,,,,,,,,,,,,,,,,,,,,,,,,,,,,,,,,,,,,,,,,,,,,,yes,yes,,,,product,,,,,,,,,,,,,,,,,,1778409321,,10035839023119289,,,upload,,
52371,variable,,,"Pareo leopard",1,1,visible,,,,,taxable,,1,,,0,0,,,,,0,,,,"PAREO, تنورة شاطئ",,,"https://boutique-she.com/wp-content/uploads/2025/07/IMG_5658-1.jpeg, https://boutique-she.com/wp-content/uploads/2025/07/IMG_5658-1.jpeg",,,,,,,,,0,,,,0,10,,المقاس,"Standard du 38 au 52",1,1,,,,,none,,no,,,,,,,,,,,,,,,,,,,,,,,,,,,,,,,,,,,,,,,yes,yes,,,,product,,,,,,,,,,,,,,,,,,1778594700,17,,,,,,
52378,variation,,,"Pareo leopard<span> - </span>Standard du 38 au 52",1,0,visible,,,,,taxable,parent,1,,,0,0,,,,,0,,2000,2500,,,,https://boutique-she.com/wp-content/uploads/2025/07/IMG_5658-1.jpeg,,,id:52371,,,,,,1,,,,,10,,المقاس,"Standard du 38 au 52",,1,,,,,,,,,,,,,,,,,,,,,,,,,,,,,,,,,,,,,,,,,,,,,,yes,yes,,,,product,,,,,,,,,,,,,,,,,,1778594700,,,,,upload,,
52379,variable,,,"Pareo feuille bleu nuit",1,1,visible,,,,,taxable,,1,,,0,0,,,,,0,,,,"PAREO, تنورة شاطئ",,,"https://boutique-she.com/wp-content/uploads/2025/07/IMG_5659.jpeg, https://boutique-she.com/wp-content/uploads/2025/07/IMG_5659.jpeg",,,,,,,,,0,,,,0,10,,المقاس,"Standard du 38 au 52",1,1,,,,,none,,no,,,,,,,,,,,,,,,,,,,,,,,,,,,,,,,,,,,,,,,yes,yes,,,,product,,,,,,,,,,,,,,,,,,1778594416,51,,,,,,
52380,variation,,,"Pareo feuille bleu nuit<span> - </span>Standard du 38 au 52",1,0,visible,,,,,taxable,parent,1,,,0,0,,,,,0,,2000,2500,,,,https://boutique-she.com/wp-content/uploads/2025/07/IMG_5659.jpeg,,,id:52379,,,,,,1,,,,,10,,المقاس,"Standard du 38 au 52",,1,,,,,,,,,,,,,,,,,,,,,,,,,,,,,,,,,,,,,,,,,,,,,,yes,yes,,,,product,,,,,,,,,,,,,,,,,,1778594395,,,,,upload,,
52381,variable,,,"Pareo feuille noir",1,1,visible,,,,,taxable,,1,,,0,0,,,,,0,,,,"PAREO, تنورة شاطئ",,,"https://boutique-she.com/wp-content/uploads/2025/07/IMG_5657.jpeg, https://boutique-she.com/wp-content/uploads/2025/07/IMG_5657.jpeg",,,,,,,,,0,,,,0,10,,المقاس,"Standard du 38 au 52",1,1,,,,,none,,no,,,,,,,,,,,,,,,,,,,,,,,,,,,,,,,,,,,,,,,yes,yes,,,,product,,,,,,,,,,,,,,,,,,1778594512,42,,,,,,
52382,variation,,,"Pareo feuille noir<span> - </span>Standard du 38 au 52",1,0,visible,,,,,taxable,parent,1,,,0,0,,,,,0,,2000,2500,,,,https://boutique-she.com/wp-content/uploads/2025/07/IMG_5657.jpeg,,,id:52381,,,,,,1,,,,,10,,المقاس,"Standard du 38 au 52",,1,,,,,,,,,,,,,,,,,,,,,,,,,,,,,,,,,,,,,,,,,,,,,,yes,yes,,,,product,,,,,,,,,,,,,,,,,,1778594489,,,,,upload,,
52383,variable,,,"Pareo croco bleu nuit",1,1,visible,,,,,taxable,,0,,,0,0,,,,,0,,,,"PAREO, تنورة شاطئ",,,"https://boutique-she.com/wp-content/uploads/2025/07/IMG_5656.jpeg, https://boutique-she.com/wp-content/uploads/2025/07/IMG_5656.jpeg",,,,,,,,,0,,,,0,10,,المقاس,"Standard du 38 au 52",1,1,,,,,none,,no,,,,,,,,,,,,,,,,,,,,,,,,,,,,,,,,,,,,,,,yes,yes,,,,product,,,,,,,,,,,,,,,,,,1780582746,65,,,,,,
52384,variation,,,"Pareo croco bleu nuit<span> - </span>Standard du 38 au 52",1,0,visible,,,,,taxable,parent,0,,,0,0,,,,,0,,2000,2500,,,,https://boutique-she.com/wp-content/uploads/2025/07/IMG_5656.jpeg,,,id:52383,,,,,,1,,,,,10,,المقاس,"Standard du 38 au 52",,1,,,,,,,,,,,,,,,,,,,,,,,,,,,,,,,,,,,,,,,,,,,,,,yes,yes,,,,product,,,,,,,,,,,,,,,,,,1780582746,,,,,upload,,
52385,variable,,,"Pareo zebre noir",1,1,visible,,,,,taxable,,1,,,0,0,,,,,0,,,,"PAREO, تنورة شاطئ",,,"https://boutique-she.com/wp-content/uploads/2025/07/IMG_5655.jpeg, https://boutique-she.com/wp-content/uploads/2025/07/IMG_5655.jpeg",,,,,,,,,0,,,,0,10,,المقاس,"Standard du 38 au 52",1,1,,,,,none,,no,,,,,,,,,,,,,,,,,,,,,,,,,,,,,,,,,,,,,,,yes,yes,,,,product,,,,,,,,,,,,,,,,,,1780564331,92,,,,,,
52386,variation,,,"Pareo zebre noir<span> - </span>Standard du 38 au 52",1,0,visible,,,,,taxable,parent,1,1,,0,0,,,,,0,,2000,2500,,,,https://boutique-she.com/wp-content/uploads/2025/07/IMG_5655.jpeg,,,id:52385,,,,,,1,,,,,10,,المقاس,"Standard du 38 au 52",,1,,,,,,,,,,,,,,,,,,,,,,,,,,,,,,,,,,,,,,,,,,,,,,yes,yes,,,,product,,,,,,,,,,,,,,,,,,1780564331,,,,,upload,,
54068,variation,,,"Mule Dorris<span> - </span>Marron, 37",1,0,visible,,,,,taxable,parent,1,1,,0,0,,,,,0,,2800,4800,,,,,,,id:46973,,,,,,12,,,,,10,,الألوان,Marron,,1,المقاس,37,,1,,,,,,,,,,,,,,,,,,,,,,,,,,,,,,,,,,,,,,,,,,yes,yes,,,,product,,,,,,,,,,,,,,,,,,1778340283,,,,,upload,,
54069,variation,,,"Mule Dorris<span> - </span>Marron, 36",1,0,visible,,,,,taxable,parent,1,1,,0,0,,,,,0,,2800,4800,,,,,,,id:46973,,,,,,1,,,,,10,,الألوان,Marron,,1,المقاس,36,,1,,,,,,,,,,,,,,,,,,,,,,,,,,,,,,,,,,,,,,,,,,yes,yes,,,,product,,,,,,,,,,,,,,,,,,,,,,,upload,,
54070,variation,,,"Mule Dorris<span> - </span>Marron, 38",1,0,visible,,,,,taxable,parent,0,0,,0,0,,,,,0,,2800,4800,,,,,,,id:46973,,,,,,2,,,,,10,,الألوان,Marron,,1,المقاس,38,,1,,,,,,,,,,,,,,,,,,,,,,,,,,,,,,,,,,,,,,,,,,yes,yes,,,,product,,,,,,,,,,,,,,,,,,,,,,,upload,,
54071,variation,,,"Mule Dorris<span> - </span>Marron, 39",1,0,visible,,,,,taxable,parent,0,0,,0,0,,,,,0,,2800,4800,,,,,,,id:46973,,,,,,3,,,,,10,,الألوان,Marron,,1,المقاس,39,,1,,,,,,,,,,,,,,,,,,,,,,,,,,,,,,,,,,,,,,,,,,yes,yes,,,,product,,,,,,,,,,,,,,,,,,,,,,,upload,,
54072,variation,,,"Mule Dorris<span> - </span>Marron, 40",1,0,visible,,,,,taxable,parent,1,1,,0,0,,,,,0,,2800,4800,,,,,,,id:46973,,,,,,4,,,,,10,,الألوان,Marron,,1,المقاس,40,,1,,,,,,,,,,,,,,,,,,,,,,,,,,,,,,,,,,,,,,,,,,yes,yes,,,,product,,,,,,,,,,,,,,,,,,1778340282,,,,,upload,,
54073,variation,,,"Mule Dorris<span> - </span>Marron, 41",1,0,visible,,,,,taxable,parent,0,0,,0,0,,,,,0,,2800,4800,,,,,,,id:46973,,,,,,5,,,,,10,,الألوان,Marron,,1,المقاس,41,,1,,,,,,,,,,,,,,,,,,,,,,,,,,,,,,,,,,,,,,,,,,yes,yes,,,,product,,,,,,,,,,,,,,,,,,,,,,,upload,,
54074,variation,,,"Mule Dorris<span> - </span>crème, 40",1,0,visible,,,,,taxable,parent,0,,,0,0,,,,,0,,2800,4800,,,,,,,id:46973,,,,,,6,,,,,10,,الألوان,crème,,1,المقاس,40,,1,,,,,,,,,,,,,,,,,,,,,,,,,,,,,,,,,,,,,,,,,,yes,yes,,,,product,,,,,,,,,,,,,,,,,,,,,,,upload,,
54075,variation,,,"Mule Dorris<span> - </span>crème, 41",1,0,visible,,,,,taxable,parent,0,,,0,0,,,,,0,,2800,4800,,,,,,,id:46973,,,,,,7,,,,,10,,الألوان,crème,,1,المقاس,41,,1,,,,,,,,,,,,,,,,,,,,,,,,,,,,,,,,,,,,,,,,,,yes,yes,,,,product,,,,,,,,,,,,,,,,,,,,,,,upload,,
54076,variation,,,"Mule Dorris<span> - </span>crème, 39",1,0,visible,,,,,taxable,parent,0,0,,0,0,,,,,0,,2800,4800,,,,,,,id:46973,,,,,,8,,,,,10,,الألوان,crème,,1,المقاس,39,,1,,,,,,,,,,,,,,,,,,,,,,,,,,,,,,,,,,,,,,,,,,yes,yes,,,,product,,,,,,,,,,,,,,,,,,1778410239,,,,,upload,,
54077,variation,,,"Mule Dorris<span> - </span>crème, 38",1,0,visible,,,,,taxable,parent,0,0,,0,0,,,,,0,,2800,4800,,,,,,,id:46973,,,,,,9,,,,,10,,الألوان,crème,,1,المقاس,38,,1,,,,,,,,,,,,,,,,,,,,,,,,,,,,,,,,,,,,,,,,,,yes,yes,,,,product,,,,,,,,,,,,,,,,,,,,,,,upload,,
54078,variation,,,"Mule Dorris<span> - </span>crème, 37",1,0,visible,,,,,taxable,parent,0,0,,0,0,,,,,0,,2800,4800,,,,,,,id:46973,,,,,,10,,,,,10,,الألوان,crème,,1,المقاس,37,,1,,,,,,,,,,,,,,,,,,,,,,,,,,,,,,,,,,,,,,,,,,yes,yes,,,,product,,,,,,,,,,,,,,,,,,1778938841,,,,,upload,,
54079,variation,,,"Mule Dorris<span> - </span>crème, 36",1,0,visible,,,,,taxable,parent,1,1,,0,0,,,,,0,,2800,4800,,,,,,,id:46973,,,,,,11,,,,,10,,الألوان,crème,,1,المقاس,36,,1,,,,,,,,,,,,,,,,,,,,,,,,,,,,,,,,,,,,,,,,,,yes,yes,,,,product,,,,,,,,,,,,,,,,,,1778340283,,,,,upload,,
54081,variation,,,"Sac Chic Chic<span> - </span>Gris claire",1,0,visible,,,,,taxable,parent,0,,,0,0,,,,,0,,2500,4500,,,,https://boutique-she.com/wp-content/uploads/2025/06/IMG_3514-scaled.jpeg,,,id:47783,,,,,,1,,,,,10,,الألوان,"Gris claire",,1,,,,,,,,,,,,,,,,,,,,,,,,,,,,,,,,,,,,,,,,,,,,,,yes,yes,,,,product,,,,,,,,,,,,,,,,,,,,,,,upload,,
54082,variation,,,"Sac Chic Chic<span> - </span>Marron",1,0,visible,,,,,taxable,parent,0,,,0,0,,,,,0,,2500,4500,,,,https://boutique-she.com/wp-content/uploads/2025/06/IMG_3516-scaled.jpeg,,,id:47783,,,,,,2,,,,,10,,الألوان,Marron,,1,,,,,,,,,,,,,,,,,,,,,,,,,,,,,,,,,,,,,,,,,,,,,,yes,yes,,,,product,,,,,,,,,,,,,,,,,,1778408033,,,,,upload,,
54083,variation,,,"Sac Chic Chic<span> - </span>Noir",1,0,visible,,,,,taxable,parent,0,,,0,0,,,,,0,,2500,4500,,,,https://boutique-she.com/wp-content/uploads/2025/06/IMG_3513-scaled.jpeg,,,id:47783,,,,,,3,,,,,10,,الألوان,Noir,,1,,,,,,,,,,,,,,,,,,,,,,,,,,,,,,,,,,,,,,,,,,,,,,yes,yes,,,,product,,,,,,,,,,,,,,,,,,1759053645,,,,,upload,,
54084,variation,,,"Sac Chic Chic<span> - </span>Rose",1,0,visible,,,,,taxable,parent,0,,,0,0,,,,,0,,2500,4500,,,,https://boutique-she.com/wp-content/uploads/2025/06/IMG_3514-scaled.jpeg,,,id:47783,,,,,,4,,,,,10,,الألوان,Rose,,1,,,,,,,,,,,,,,,,,,,,,,,,,,,,,,,,,,,,,,,,,,,,,,yes,yes,,,,product,,,,,,,,,,,,,,,,,,,,,,,upload,,
54085,variation,,,"Sac Chic Chic<span> - </span>Vert",1,0,visible,,,,,taxable,parent,0,,,0,0,,,,,0,,2500,4500,,,,https://boutique-she.com/wp-content/uploads/2025/06/IMG_3513-scaled.jpeg,,,id:47783,,,,,,5,,,,,10,,الألوان,Vert,,1,,,,,,,,,,,,,,,,,,,,,,,,,,,,,,,,,,,,,,,,,,,,,,yes,yes,,,,product,,,,,,,,,,,,,,,,,,,,,,,upload,,
54086,variation,,,"Sac Chic Chic<span> - </span>caramel",1,0,visible,,,,,taxable,parent,1,9,,0,0,,,,,0,,2500,4500,,,,https://boutique-she.com/wp-content/uploads/2025/06/IMG_3515-scaled.jpeg,,,id:47783,,,,,,6,,,,,10,,الألوان,caramel,,1,,,,,,,,,,,,,,,,,,,,,,,,,,,,,,,,,,,,,,,,,,,,,,yes,yes,,,,product,,,,,,,,,,,,,,,,,,1778408033,,,,,upload,,
54092,variation,,,"sac Océane<span> - </span>Beige",1,0,visible,,,,,taxable,parent,0,0,,0,0,,,,,0,,2500,4800,,,,,,,id:46425,,,,,,1,,,,,10,,الألوان,Beige,,1,,,,,,,,,,,,,,,,,,,,,,,,,,,,,,,,,,,,,,,,,,,,,,yes,yes,,,,product,,,,,,,,,,,,,,,,,,1779450268,,,,,upload,,
54093,variation,,,"sac Océane<span> - </span>crème",1,0,visible,,,,,taxable,parent,0,,,0,0,,,,,0,,2500,4800,,,,,,,id:46425,,,,,,2,,,,,10,,الألوان,crème,,1,,,,,,,,,,,,,,,,,,,,,,,,,,,,,,,,,,,,,,,,,,,,,,yes,yes,,,,product,,,,,,,,,,,,,,,,,,,,,,,upload,,
54102,variation,,,"sac à Rayures fines<span> - </span>blanc",1,0,visible,,,,,taxable,parent,0,,,0,0,,,,,0,,2500,4200,,,,,,,id:46409,,,,,,1,,,,,10,,الألوان,blanc,,1,,,,,,,,,,,,,,,,,,,,,,,,,,,,,,,,,,,,,,,,,,,,,,yes,yes,,,,product,,,,,,,,,,,,,,,,,,,,,,,upload,,
54103,"variation, downloadable",,,"sac à Rayures fines<span> - </span>Noir",1,0,visible,,,,,taxable,parent,0,0,,0,0,,,,,0,,2500,4200,,,,,-1,-1,id:46409,,,,,,2,,,,,10,,الألوان,Noir,,1,,,,,,,,,,,,,,,,,,,,,,,,,,,,,,,,,,,,,,,,,,,,,,yes,yes,,,,product,,,,,,,,,,,,,,,,,,1777903825,,,,,upload,,
56031,variable,,,"Sac Jane",1,0,visible,,,,,taxable,,0,,,0,0,,,,,0,,,,Sacs,,,"https://boutique-she.com/wp-content/uploads/2025/09/IMG_3506-scaled.jpeg, https://boutique-she.com/wp-content/uploads/2025/09/IMG_3510-scaled.jpeg, https://boutique-she.com/wp-content/uploads/2025/09/IMG_3508-scaled.jpeg, https://boutique-she.com/wp-content/uploads/2025/09/IMG_3507-scaled.jpeg, https://boutique-she.com/wp-content/uploads/2025/09/IMG_3506-scaled.jpeg",,,,,,,,,0,,,,0,10,,الألوان,"Noir, Rose cerise, Taupe",1,1,,,,,none,,no,,,none,default,default,none,,,,,,,,inherit,inherit,,after,inherit,,,,text,,,,text,,,,,,,,,,,,,yes,yes,,,,product,,,,,text,,,,,text,,,,,text,,,,3,,,,,,
56032,variation,,,"Sac Jane<span> - </span>Noir",1,0,visible,,,,,taxable,parent,0,,,0,0,,,,,0,,2500,4500,,,,https://boutique-she.com/wp-content/uploads/2025/09/IMG_3508-scaled.jpeg,,,id:56031,,,,,,1,,,,,10,,الألوان,Noir,,1,,,,,,,,,,,,,,,,,,,,,,,,,,,,,,,,,,,,,,,,,,,,,,yes,yes,,,,product,,,,,,,,,,,,,,,,,,,,,,,,,
56033,variation,,,"Sac Jane<span> - </span>Rose cerise",1,0,visible,,,,,taxable,parent,0,0,,0,0,,,,,0,,2500,4500,,,,https://boutique-she.com/wp-content/uploads/2025/09/IMG_3507-scaled.jpeg,,,id:56031,,,,,,2,,,,,10,,الألوان,"Rose cerise",,1,,,,,,,,,,,,,,,,,,,,,,,,,,,,,,,,,,,,,,,,,,,,,,yes,yes,,,,product,,,,,,,,,,,,,,,,,,,,,,,,,
56034,variation,,,"Sac Jane<span> - </span>Taupe",1,0,visible,,,,,taxable,parent,0,,,0,0,,,,,0,,2500,4500,,,,https://boutique-she.com/wp-content/uploads/2025/09/IMG_3510-scaled.jpeg,,,id:56031,,,,,,3,,,,,10,,الألوان,Taupe,,1,,,,,,,,,,,,,,,,,,,,,,,,,,,,,,,,,,,,,,,,,,,,,,yes,yes,,,,product,,,,,,,,,,,,,,,,,,,,,,,,,
56035,variable,,,"Sac Lettre",1,0,visible,,,,,taxable,,1,,,0,0,,,,,0,,,,Sacs,,,"https://boutique-she.com/wp-content/uploads/2025/09/IMG_0992-scaled.jpeg, https://boutique-she.com/wp-content/uploads/2025/09/IMG_0992-scaled.jpeg, https://boutique-she.com/wp-content/uploads/2025/09/IMG_0998-scaled.jpeg, https://boutique-she.com/wp-content/uploads/2025/09/IMG_0995-scaled.jpeg, https://boutique-she.com/wp-content/uploads/2025/09/IMG_0999-scaled.jpeg",,,,,,,,,0,,,,0,10,,الألوان,"crème, Noir, Pistache",1,1,,,,,none,,no,,,none,default,default,none,,,,,,,,inherit,inherit,,after,inherit,,,,text,,,,text,,,,,,,,,,,,,yes,yes,,,,product,,,,,text,,,,,text,,,,,text,,,,6,,,,,,
56036,variation,,,"Sac Lettre<span> - </span>Noir",1,0,visible,,,,,taxable,parent,1,2,,0,0,,,,,0,,2500,3500,,,,https://boutique-she.com/wp-content/uploads/2025/09/IMG_0999-scaled.jpeg,,,id:56035,,,,,,1,,,,,10,,الألوان,Noir,,1,,,,,,,,,,,,,,,,,,,,,,,,,,,,,,,,,,,,,,,,,,,,,,yes,yes,,,,product,,,,,,,,,,,,,,,,,,1778410384,,,,,upload,,
56037,variation,,,"Sac Lettre<span> - </span>Pistache",1,0,visible,,,,,taxable,parent,0,0,,0,0,,,,,0,,2500,3500,,,,https://boutique-she.com/wp-content/uploads/2025/09/IMG_0998-scaled.jpeg,,,id:56035,,,,,,2,,,,,10,,الألوان,Pistache,,1,,,,,,,,,,,,,,,,,,,,,,,,,,,,,,,,,,,,,,,,,,,,,,yes,yes,,,,product,,,,,,,,,,,,,,,,,,1778410384,,,,,upload,,
56038,variation,,,"Sac Lettre<span> - </span>crème",1,0,visible,,,,,taxable,parent,0,0,,0,0,,,,,0,,2500,3500,,,,https://boutique-she.com/wp-content/uploads/2025/09/IMG_0995-scaled.jpeg,,,id:56035,,,,,,3,,,,,10,,الألوان,crème,,1,,,,,,,,,,,,,,,,,,,,,,,,,,,,,,,,,,,,,,,,,,,,,,yes,yes,,,,product,,,,,,,,,,,,,,,,,,,,,,,upload,,
58566,variable,,,"Jabador Majesté",1,0,visible,,,,,taxable,,1,,,0,0,,,,,0,,,,"Manteaux et vestes",,,"https://boutique-she.com/wp-content/uploads/2026/02/IMG_5677.jpeg, https://boutique-she.com/wp-content/uploads/2026/02/IMG_5670-scaled.jpeg, https://boutique-she.com/wp-content/uploads/2026/02/IMG_5671-scaled.jpeg, https://boutique-she.com/wp-content/uploads/2026/02/IMG_5677.jpeg, https://boutique-she.com/wp-content/uploads/2026/02/IMG_5678-scaled.jpeg, https://boutique-she.com/wp-content/uploads/2026/02/IMG_5686-scaled.jpeg, https://boutique-she.com/wp-content/uploads/2026/02/IMG_5687.jpeg",,,,,,,,,0,,,,0,10,,الألوان,"Marron, Noir, Vert",0,1,المقاس,"LXL (42-44-46), ML (38-40-42), SM (36-38-40)",1,1,none,,no,,,none,default,default,none,,,,,,,,inherit,inherit,,after,inherit,,,,text,,,,text,,,,,,,,,,,,,yes,yes,,,,product,,,,,text,,,,,text,,,,,text,,,1772136535,2,,,,,,
58568,variation,,,"Jabador Majesté<span> - </span>Marron, LXL (42-44-46)",1,0,visible,,,,,taxable,parent,1,1,,0,0,,,,,0,,5750,11500,,,,https://boutique-she.com/wp-content/uploads/2026/02/IMG_5671-scaled.jpeg,,,id:58566,,,,,,3,,,,,10,,الألوان,Marron,,1,المقاس,"LXL (42-44-46)",,1,,,,,,,,,,,,,,,,,,,,,,,,,,,,,,,,,,,,,,,,,,yes,yes,,,,product,,,,,,,,,,,,,,,,,,1776602116,,,,,upload,,
58569,variation,,,"Jabador Majesté<span> - </span>Marron, ML (38-40-42)",1,0,visible,,,,,taxable,parent,0,0,,0,0,,,,,0,,5750,11500,,,,https://boutique-she.com/wp-content/uploads/2026/02/IMG_5670-scaled.jpeg,,,id:58566,,,,,,2,,,,,10,,الألوان,Marron,,1,المقاس,"ML (38-40-42)",,1,,,,,,,,,,,,,,,,,,,,,,,,,,,,,,,,,,,,,,,,,,yes,yes,,,,product,,,,,,,,,,,,,,,,,,1776177404,,,,,upload,,
58570,variation,,,"Jabador Majesté<span> - </span>Marron, SM (36-38-40)",1,0,visible,,,,,taxable,parent,1,2,,0,0,,,,,0,,5750,11500,,,,https://boutique-she.com/wp-content/uploads/2026/02/IMG_5671-scaled.jpeg,,,id:58566,,,,,,1,,,,,10,,الألوان,Marron,,1,المقاس,"SM (36-38-40)",,1,,,,,,,,,,,,,,,,,,,,,,,,,,,,,,,,,,,,,,,,,,yes,yes,,,,product,,,,,,,,,,,,,,,,,,1776177404,,,,,upload,,
58571,variation,,,"Jabador Majesté<span> - </span>Noir, LXL (42-44-46)",1,0,visible,,,,,taxable,parent,1,2,,0,0,,,,,0,,5750,11500,,,,https://boutique-she.com/wp-content/uploads/2026/02/IMG_5687.jpeg,,,id:58566,,,,,,6,,,,,10,,الألوان,Noir,,1,المقاس,"LXL (42-44-46)",,1,,,,,,,,,,,,,,,,,,,,,,,,,,,,,,,,,,,,,,,,,,yes,yes,,,,product,,,,,,,,,,,,,,,,,,1776177405,,,,,upload,,
58572,variation,,,"Jabador Majesté<span> - </span>Noir, ML (38-40-42)",1,0,visible,,,,,taxable,parent,1,2,,0,0,,,,,0,,5750,11500,,,,https://boutique-she.com/wp-content/uploads/2026/02/IMG_5686-scaled.jpeg,,,id:58566,,,,,,5,,,,,10,,الألوان,Noir,,1,المقاس,"ML (38-40-42)",,1,,,,,,,,,,,,,,,,,,,,,,,,,,,,,,,,,,,,,,,,,,yes,yes,,,,product,,,,,,,,,,,,,,,,,,1776177371,,,,,upload,,
58573,variation,,,"Jabador Majesté<span> - </span>Noir, SM (36-38-40)",1,0,visible,,,,,taxable,parent,1,1,,0,0,,,,,0,,5750,11500,,,,https://boutique-she.com/wp-content/uploads/2026/02/IMG_5687.jpeg,,,id:58566,,,,,,4,,,,,10,,الألوان,Noir,,1,المقاس,"SM (36-38-40)",,1,,,,,,,,,,,,,,,,,,,,,,,,,,,,,,,,,,,,,,,,,,yes,yes,,,,product,,,,,,,,,,,,,,,,,,1776177405,,,,,upload,,
58574,variation,,,"Jabador Majesté<span> - </span>Vert, LXL (42-44-46)",1,0,visible,,,,,taxable,parent,1,1,,0,0,,,,,0,,5750,11500,,,,https://boutique-she.com/wp-content/uploads/2026/02/IMG_5678-scaled.jpeg,,,id:58566,,,,,,7,,,,,10,,الألوان,Vert,,1,المقاس,"LXL (42-44-46)",,1,,,,,,,,,,,,,,,,,,,,,,,,,,,,,,,,,,,,,,,,,,yes,yes,,,,product,,,,,,,,,,,,,,,,,,1776686874,,,,,upload,,
58575,variation,,,"Jabador Majesté<span> - </span>Vert, ML (38-40-42)",1,0,visible,,,,,taxable,parent,1,1,,0,0,,,,,0,,5750,11500,,,,https://boutique-she.com/wp-content/uploads/2026/02/IMG_5677.jpeg,,,id:58566,,,,,,8,,,,,10,,الألوان,Vert,,1,المقاس,"ML (38-40-42)",,1,,,,,,,,,,,,,,,,,,,,,,,,,,,,,,,,,,,,,,,,,,yes,yes,,,,product,,,,,,,,,,,,,,,,,,1776602117,,,,,upload,,
58576,variation,,,"Jabador Majesté<span> - </span>Vert, SM (36-38-40)",1,0,visible,,,,,taxable,parent,1,1,,0,0,,,,,0,,5750,11500,,,,https://boutique-she.com/wp-content/uploads/2026/02/IMG_5678-scaled.jpeg,,,id:58566,,,,,,9,,,,,10,,الألوان,Vert,,1,المقاس,"SM (36-38-40)",,1,,,,,,,,,,,,,,,,,,,,,,,,,,,,,,,,,,,,,,,,,,yes,yes,,,,product,,,,,,,,,,,,,,,,,,1778231988,,,,,upload,,
58583,variable,,,"Abaya bijoutée",1,0,visible,,,,,taxable,,1,,,0,0,,,,,0,,,,"Manteaux et vestes",,,"https://boutique-she.com/wp-content/uploads/2026/02/IMG_5576.jpeg, https://boutique-she.com/wp-content/uploads/2026/02/IMG_5563-scaled.jpeg, https://boutique-she.com/wp-content/uploads/2026/02/IMG_5564-scaled.jpeg, https://boutique-she.com/wp-content/uploads/2026/02/IMG_5582-scaled.jpeg, https://boutique-she.com/wp-content/uploads/2026/02/IMG_5580.jpeg, https://boutique-she.com/wp-content/uploads/2026/02/IMG_5576.jpeg, https://boutique-she.com/wp-content/uploads/2026/02/IMG_5577-scaled.jpeg",,,,,,,,,0,,,,0,10,,الألوان,"Beige rosé, crème, Vert clair",1,1,المقاس,"standard (38-46)",1,1,none,,no,,,none,default,default,none,,,,,,,,inherit,inherit,,after,inherit,,,,text,,,,text,,,,,,,,,,,,,yes,yes,,,,,,,,,text,,,,,text,,,,,text,,,1777971616,1,,,,,,
58585,variation,,,"Abaya bijoutée<span> - </span>Vert clair, standard (38-46)",1,0,visible,,,,,taxable,parent,0,0,,0,0,,,,,0,,5400,10800,,,,https://boutique-she.com/wp-content/uploads/2026/02/IMG_5577-scaled.jpeg,,,id:58583,,,,,,1,,,,,10,,الألوان,"Vert clair",,1,المقاس,"standard (38-46)",,1,,,,,,,,,,,,,,,,,,,,,,,,,,,,,,,,,,,,,,,,,,yes,yes,,,,product,,,,,,,,,,,,,,,,,,1776176406,,,,,upload,,
58586,variation,,,"Abaya bijoutée<span> - </span>Beige rosé, standard (38-46)",1,0,visible,,,,,taxable,parent,0,0,,0,0,,,,,0,,5400,10800,,,,https://boutique-she.com/wp-content/uploads/2026/02/IMG_5564-scaled.jpeg,,,id:58583,,,,,,2,,,,,10,,الألوان,"Beige rosé",,1,المقاس,"standard (38-46)",,1,,,,,,,,,,,,,,,,,,,,,,,,,,,,,,,,,,,,,,,,,,yes,yes,,,,product,,,,,,,,,,,,,,,,,,1776182235,,,,,upload,,
58587,variation,,,"Abaya bijoutée<span> - </span>crème, standard (38-46)",1,0,visible,,,,,taxable,parent,1,1,,0,0,,,,,0,,5400,10800,,,,https://boutique-she.com/wp-content/uploads/2026/02/IMG_5580.jpeg,,,id:58583,,,,,,3,,,,,10,,الألوان,crème,,1,المقاس,"standard (38-46)",,1,,,,,,,,,,,,,,,,,,,,,,,,,,,,,,,,,,,,,,,,,,yes,yes,,,,product,,,,,,,,,,,,,,,,,,1777971615,,,,,upload,,
58594,variable,,,"Djellaba Perlée",1,0,visible,,,,,taxable,,0,,,0,0,,,,,0,,,,"Manteaux et vestes",,,"https://boutique-she.com/wp-content/uploads/2026/02/IMG_5649-scaled.jpeg, https://boutique-she.com/wp-content/uploads/2026/02/IMG_5643.jpeg, https://boutique-she.com/wp-content/uploads/2026/02/IMG_5644-scaled.jpeg, https://boutique-she.com/wp-content/uploads/2026/02/IMG_5647-scaled.jpeg, https://boutique-she.com/wp-content/uploads/2026/02/IMG_5649-scaled.jpeg, https://boutique-she.com/wp-content/uploads/2026/02/IMG_5657-scaled.jpeg, https://boutique-she.com/wp-content/uploads/2026/02/IMG_5658.jpeg",,,,,,,,,0,,,,0,10,,الألوان,"Noir, Taupe, Vert",1,1,المقاس,"LXL (42-44-46), SM ( 38-40-42)",1,1,none,,no,,,none,default,default,none,,,,,,,,inherit,inherit,,after,inherit,,,,text,,,,text,,,,,,,,,,,,,yes,yes,,,,product,,,,,text,,,,,text,,,,,text,,,1776692764,1,,,,,,
58610,variation,,,"Djellaba Perlée<span> - </span>Noir, LXL (42-44-46)",1,0,visible,,,,,taxable,parent,0,0,,0,0,,,,,0,,4900,9800,,,,https://boutique-she.com/wp-content/uploads/2026/02/IMG_5649-scaled.jpeg,,,id:58594,,,,,,1,,,,,10,,الألوان,Noir,,1,المقاس,"LXL (42-44-46)",,1,,,,,,,,,,,,,,,,,,,,,,,,,,,,,,,,,,,,,,,,,,yes,yes,,,,product,,,,,,,,,,,,,,,,,,1776177167,,,,,upload,,
58611,variation,,,"Djellaba Perlée<span> - </span>Noir, SM ( 38-40-42)",1,0,visible,,,,,taxable,parent,0,0,,0,0,,,,,0,,4900,9800,,,,https://boutique-she.com/wp-content/uploads/2026/02/IMG_5647-scaled.jpeg,,,id:58594,,,,,,2,,,,,10,,الألوان,Noir,,1,المقاس,"SM ( 38-40-42)",,1,,,,,,,,,,,,,,,,,,,,,,,,,,,,,,,,,,,,,,,,,,yes,yes,,,,product,,,,,,,,,,,,,,,,,,1776692763,,,,,upload,,
58612,variation,,,"Djellaba Perlée<span> - </span>Vert, LXL (42-44-46)",1,0,visible,,,,,taxable,parent,0,0,,0,0,,,,,0,,4900,9800,,,,https://boutique-she.com/wp-content/uploads/2026/02/IMG_5658.jpeg,,,id:58594,,,,,,3,,,,,10,,الألوان,Vert,,1,المقاس,"LXL (42-44-46)",,1,,,,,,,,,,,,,,,,,,,,,,,,,,,,,,,,,,,,,,,,,,yes,yes,,,,product,,,,,,,,,,,,,,,,,,1776181001,,,,,upload,,
58613,variation,,,"Djellaba Perlée<span> - </span>Vert, SM ( 38-40-42)",1,0,visible,,,,,taxable,parent,0,0,,0,0,,,,,0,,4900,9800,,,,https://boutique-she.com/wp-content/uploads/2026/02/IMG_5657-scaled.jpeg,,,id:58594,,,,,,4,,,,,10,,الألوان,Vert,,1,المقاس,"SM ( 38-40-42)",,1,,,,,,,,,,,,,,,,,,,,,,,,,,,,,,,,,,,,,,,,,,yes,yes,,,,product,,,,,,,,,,,,,,,,,,1776692763,,,,,upload,,
58614,variation,,,"Djellaba Perlée<span> - </span>Taupe, LXL (42-44-46)",1,0,visible,,,,,taxable,parent,0,0,,0,0,,,,,0,,4900,9800,,,,https://boutique-she.com/wp-content/uploads/2026/02/IMG_5644-scaled.jpeg,,,id:58594,,,,,,5,,,,,10,,الألوان,Taupe,,1,المقاس,"LXL (42-44-46)",,1,,,,,,,,,,,,,,,,,,,,,,,,,,,,,,,,,,,,,,,,,,yes,yes,,,,product,,,,,,,,,,,,,,,,,,1776177168,,,,,upload,,
58615,variation,,,"Djellaba Perlée<span> - </span>Taupe, SM ( 38-40-42)",1,0,visible,,,,,taxable,parent,0,0,,0,0,,,,,0,,4900,9800,,,,https://boutique-she.com/wp-content/uploads/2026/02/IMG_5643.jpeg,,,id:58594,,,,,,6,,,,,10,,الألوان,Taupe,,1,المقاس,"SM ( 38-40-42)",,1,,,,,,,,,,,,,,,,,,,,,,,,,,,,,,,,,,,,,,,,,,yes,yes,,,,product,,,,,,,,,,,,,,,,,,1776195489,,,,,upload,,
58618,variable,,,"Jabador Kamar",1,0,visible,,,,,taxable,,1,,,0,0,,,,,0,,,,"Manteaux et vestes",,,"https://boutique-she.com/wp-content/uploads/2026/02/IMG_5704.jpeg, https://boutique-she.com/wp-content/uploads/2026/02/IMG_5704.jpeg, https://boutique-she.com/wp-content/uploads/2026/02/IMG_5697.jpeg, https://boutique-she.com/wp-content/uploads/2026/02/IMG_5693-scaled.jpeg, https://boutique-she.com/wp-content/uploads/2026/02/IMG_5694.jpeg, https://boutique-she.com/wp-content/uploads/2026/02/IMG_5703-scaled.jpeg, https://boutique-she.com/wp-content/uploads/2026/02/IMG_5698-scaled.jpeg",,,,,,,,,0,,,,0,10,,الألوان,"Marron, Noir, Vert",0,1,المقاس,"LXL (42-44-46), ML (38-40-42), SM (36-38-40)",1,1,none,,no,,,none,default,default,none,,,,,,,,inherit,inherit,,after,inherit,,,,text,,,,text,,,,,,,,,,,,,yes,yes,,,,product,,,,,text,,,,,text,,,,,text,,,1772137766,,,,,,,
58619,variation,,,"Jabador Kamar<span> - </span>Marron, LXL (42-44-46)",1,0,visible,,,,,taxable,parent,0,0,,0,0,,,,,0,,5900,11800,,,,https://boutique-she.com/wp-content/uploads/2026/02/IMG_5703-scaled.jpeg,,,id:58618,,,,,,1,,,,,10,,الألوان,Marron,,1,المقاس,"LXL (42-44-46)",,1,,,,,,,,,,,,,,,,,,,,,,,,,,,,,,,,,,,,,,,,,,yes,yes,,,,product,,,,,,,,,,,,,,,,,,1776203502,,,,,upload,,
58620,variation,,,"Jabador Kamar<span> - </span>Marron, ML (38-40-42)",1,0,visible,,,,,taxable,parent,0,0,,0,0,,,,,0,,5900,11800,,,,https://boutique-she.com/wp-content/uploads/2026/02/IMG_5704.jpeg,,,id:58618,,,,,,2,,,,,10,,الألوان,Marron,,1,المقاس,"ML (38-40-42)",,1,,,,,,,,,,,,,,,,,,,,,,,,,,,,,,,,,,,,,,,,,,yes,yes,,,,product,,,,,,,,,,,,,,,,,,1776176554,,,,,upload,,
58621,variation,,,"Jabador Kamar<span> - </span>Marron, SM (36-38-40)",1,0,visible,,,,,taxable,parent,1,1,,0,0,,,,,0,,5900,11800,,,,https://boutique-she.com/wp-content/uploads/2026/02/IMG_5703-scaled.jpeg,,,id:58618,,,,,,3,,,,,10,,الألوان,Marron,,1,المقاس,"SM (36-38-40)",,1,,,,,,,,,,,,,,,,,,,,,,,,,,,,,,,,,,,,,,,,,,yes,yes,,,,product,,,,,,,,,,,,,,,,,,1776176555,,,,,upload,,
58622,variation,,,"Jabador Kamar<span> - </span>Noir, LXL (42-44-46)",1,0,visible,,,,,taxable,parent,1,1,,0,0,,,,,0,,5900,11800,,,,https://boutique-she.com/wp-content/uploads/2026/02/IMG_5694.jpeg,,,id:58618,,,,,,4,,,,,10,,الألوان,Noir,,1,المقاس,"LXL (42-44-46)",,1,,,,,,,,,,,,,,,,,,,,,,,,,,,,,,,,,,,,,,,,,,yes,yes,,,,product,,,,,,,,,,,,,,,,,,1776176555,,,,,upload,,
58623,variation,,,"Jabador Kamar<span> - </span>Noir, ML (38-40-42)",1,0,visible,,,,,taxable,parent,1,1,,0,0,,,,,0,,5900,11800,,,,https://boutique-she.com/wp-content/uploads/2026/02/IMG_5693-scaled.jpeg,,,id:58618,,,,,,5,,,,,10,,الألوان,Noir,,1,المقاس,"ML (38-40-42)",,1,,,,,,,,,,,,,,,,,,,,,,,,,,,,,,,,,,,,,,,,,,yes,yes,,,,product,,,,,,,,,,,,,,,,,,1776176555,,,,,upload,,
58624,variation,,,"Jabador Kamar<span> - </span>Noir, SM (36-38-40)",1,0,visible,,,,,taxable,parent,1,2,,0,0,,,,,0,,5900,11800,,,,https://boutique-she.com/wp-content/uploads/2026/02/IMG_5694.jpeg,,,id:58618,,,,,,6,,,,,10,,الألوان,Noir,,1,المقاس,"SM (36-38-40)",,1,,,,,,,,,,,,,,,,,,,,,,,,,,,,,,,,,,,,,,,,,,yes,yes,,,,product,,,,,,,,,,,,,,,,,,1776176555,,,,,upload,,
58625,variation,,,"Jabador Kamar<span> - </span>Vert, LXL (42-44-46)",1,0,visible,,,,,taxable,parent,0,0,,0,0,,,,,0,,5900,11800,,,,https://boutique-she.com/wp-content/uploads/2026/02/IMG_5697.jpeg,,,id:58618,,,,,,7,,,,,10,,الألوان,Vert,,1,المقاس,"LXL (42-44-46)",,1,,,,,,,,,,,,,,,,,,,,,,,,,,,,,,,,,,,,,,,,,,yes,yes,,,,product,,,,,,,,,,,,,,,,,,1776176555,,,,,upload,,
58626,variation,,,"Jabador Kamar<span> - </span>Vert, ML (38-40-42)",1,0,visible,,,,,taxable,parent,1,1,,0,0,,,,,0,,5900,11800,,,,https://boutique-she.com/wp-content/uploads/2026/02/IMG_5697.jpeg,,,id:58618,,,,,,8,,,,,10,,الألوان,Vert,,1,المقاس,"ML (38-40-42)",,1,,,,,,,,,,,,,,,,,,,,,,,,,,,,,,,,,,,,,,,,,,yes,yes,,,,product,,,,,,,,,,,,,,,,,,1776334471,,,,,upload,,
58627,variation,,,"Jabador Kamar<span> - </span>Vert, SM (36-38-40)",1,0,visible,,,,,taxable,parent,0,0,,0,0,,,,,0,,5900,11800,,,,https://boutique-she.com/wp-content/uploads/2026/02/IMG_5698-scaled.jpeg,,,id:58618,,,,,,9,,,,,10,,الألوان,Vert,,1,المقاس,"SM (36-38-40)",,1,,,,,,,,,,,,,,,,,,,,,,,,,,,,,,,,,,,,,,,,,,yes,yes,,,,product,,,,,,,,,,,,,,,,,,1776176555,,,,,upload,,
58634,variable,,,"Abaya Noor",1,0,visible,,,,,taxable,,1,,,0,0,,,,,0,,,,"Manteaux et vestes",,,"https://boutique-she.com/wp-content/uploads/2026/02/IMG_5589-scaled.jpeg, https://boutique-she.com/wp-content/uploads/2026/02/IMG_5589-scaled.jpeg, https://boutique-she.com/wp-content/uploads/2026/02/IMG_5590-scaled.jpeg, https://boutique-she.com/wp-content/uploads/2026/02/IMG_5597-scaled.jpeg, https://boutique-she.com/wp-content/uploads/2026/02/IMG_5599.jpeg, https://boutique-she.com/wp-content/uploads/2026/02/IMG_5603-scaled.jpeg, https://boutique-she.com/wp-content/uploads/2026/02/IMG_5604.jpeg, https://boutique-she.com/wp-content/uploads/2026/02/IMG_5607.jpeg, https://boutique-she.com/wp-content/uploads/2026/02/IMG_5608-scaled.jpeg",,,,,,,,,0,,,,0,10,,الألوان,"crème, Noir, Rose, Vert",1,1,المقاس,"LXL (42-44-46), ML (38-40-42), SM (36-38-40)",1,1,none,,no,,,none,default,default,none,,,,,,,,inherit,inherit,,after,inherit,,,,text,,,,text,,,,,,,,,,,,,yes,yes,,,,product,,,,,text,,,,,text,,,,,text,,,1772138400,,,,,,,
58652,variation,,,"Abaya Noor<span> - </span>Noir, LXL (42-44-46)",1,0,visible,,,,,taxable,parent,0,0,,0,0,,,,,0,,4900,9800,,,,https://boutique-she.com/wp-content/uploads/2026/02/IMG_5607.jpeg,,,id:58634,,,,,,3,,,,,10,,الألوان,Noir,,1,المقاس,"LXL (42-44-46)",,1,,,,,,,,,,,,,,,,,,,,,,,,,,,,,,,,,,,,,,,,,,yes,yes,,,,product,,,,,,,,,,,,,,,,,,1776273464,,,,,upload,,
58653,variation,,,"Abaya Noor<span> - </span>Noir, ML (38-40-42)",1,0,visible,,,,,taxable,parent,0,0,,0,0,,,,,0,,4900,9800,,,,https://boutique-she.com/wp-content/uploads/2026/02/IMG_5608-scaled.jpeg,,,id:58634,,,,,,2,,,,,10,,الألوان,Noir,,1,المقاس,"ML (38-40-42)",,1,,,,,,,,,,,,,,,,,,,,,,,,,,,,,,,,,,,,,,,,,,yes,yes,,,,product,,,,,,,,,,,,,,,,,,1777152216,,,,,upload,,
58654,variation,,,"Abaya Noor<span> - </span>Noir, SM (36-38-40)",1,0,visible,,,,,taxable,parent,1,3,,0,0,,,,,0,,4900,9800,,,,https://boutique-she.com/wp-content/uploads/2026/02/IMG_5607.jpeg,,,id:58634,,,,,,1,,,,,10,,الألوان,Noir,,1,المقاس,"SM (36-38-40)",,1,,,,,,,,,,,,,,,,,,,,,,,,,,,,,,,,,,,,,,,,,,yes,yes,,,,product,,,,,,,,,,,,,,,,,,1776259897,,,,,upload,,
58655,variation,,,"Abaya Noor<span> - </span>Rose, LXL (42-44-46)",1,0,visible,,,,,taxable,parent,1,1,,0,0,,,,,0,,4900,9800,,,,https://boutique-she.com/wp-content/uploads/2026/02/IMG_5589-scaled.jpeg,,,id:58634,,,,,,6,,,,,10,,الألوان,Rose,,1,المقاس,"LXL (42-44-46)",,1,,,,,,,,,,,,,,,,,,,,,,,,,,,,,,,,,,,,,,,,,,yes,yes,,,,product,,,,,,,,,,,,,,,,,,1776515083,,,,,upload,,
58656,variation,,,"Abaya Noor<span> - </span>Rose, ML (38-40-42)",1,0,visible,,,,,taxable,parent,1,1,,0,0,,,,,0,,4900,9800,,,,https://boutique-she.com/wp-content/uploads/2026/02/IMG_5590-scaled.jpeg,,,id:58634,,,,,,5,,,,,10,,الألوان,Rose,,1,المقاس,"ML (38-40-42)",,1,,,,,,,,,,,,,,,,,,,,,,,,,,,,,,,,,,,,,,,,,,yes,yes,,,,product,,,,,,,,,,,,,,,,,,1776515083,,,,,upload,,
58657,variation,,,"Abaya Noor<span> - </span>Rose, SM (36-38-40)",1,0,visible,,,,,taxable,parent,1,2,,0,0,,,,,0,,4900,9800,,,,https://boutique-she.com/wp-content/uploads/2026/02/IMG_5589-scaled.jpeg,,,id:58634,,,,,,4,,,,,10,,الألوان,Rose,,1,المقاس,"SM (36-38-40)",,1,,,,,,,,,,,,,,,,,,,,,,,,,,,,,,,,,,,,,,,,,,yes,yes,,,,product,,,,,,,,,,,,,,,,,,1776259897,,,,,upload,,
58658,variation,,,"Abaya Noor<span> - </span>Vert, LXL (42-44-46)",1,0,visible,,,,,taxable,parent,1,2,,0,0,,,,,0,,4900,9800,,,,https://boutique-she.com/wp-content/uploads/2026/02/IMG_5603-scaled.jpeg,,,id:58634,,,,,,9,,,,,10,,الألوان,Vert,,1,المقاس,"LXL (42-44-46)",,1,,,,,,,,,,,,,,,,,,,,,,,,,,,,,,,,,,,,,,,,,,yes,yes,,,,product,,,,,,,,,,,,,,,,,,1776259898,,,,,upload,,
58659,variation,,,"Abaya Noor<span> - </span>Vert, ML (38-40-42)",1,0,visible,,,,,taxable,parent,1,2,,0,0,,,,,0,,4900,9800,,,,https://boutique-she.com/wp-content/uploads/2026/02/IMG_5604.jpeg,,,id:58634,,,,,,8,,,,,10,,الألوان,Vert,,1,المقاس,"ML (38-40-42)",,1,,,,,,,,,,,,,,,,,,,,,,,,,,,,,,,,,,,,,,,,,,yes,yes,,,,product,,,,,,,,,,,,,,,,,,1776259898,,,,,upload,,
58660,variation,,,"Abaya Noor<span> - </span>Vert, SM (36-38-40)",1,0,visible,,,,,taxable,parent,1,3,,0,0,,,,,0,,4900,9800,,,,https://boutique-she.com/wp-content/uploads/2026/02/IMG_5603-scaled.jpeg,,,id:58634,,,,,,7,,,,,10,,الألوان,Vert,,1,المقاس,"SM (36-38-40)",,1,,,,,,,,,,,,,,,,,,,,,,,,,,,,,,,,,,,,,,,,,,yes,yes,,,,product,,,,,,,,,,,,,,,,,,1776259898,,,,,upload,,
58661,variation,,,"Abaya Noor<span> - </span>crème, LXL (42-44-46)",1,0,visible,,,,,taxable,parent,1,2,,0,0,,,,,0,,4900,9800,,,,https://boutique-she.com/wp-content/uploads/2026/02/IMG_5597-scaled.jpeg,,,id:58634,,,,,,12,,,,,10,,الألوان,crème,,1,المقاس,"LXL (42-44-46)",,1,,,,,,,,,,,,,,,,,,,,,,,,,,,,,,,,,,,,,,,,,,yes,yes,,,,product,,,,,,,,,,,,,,,,,,1776259898,,,,,upload,,
58662,variation,,,"Abaya Noor<span> - </span>crème, ML (38-40-42)",1,0,visible,,,,,taxable,parent,1,2,,0,0,,,,,0,,4900,9800,,,,https://boutique-she.com/wp-content/uploads/2026/02/IMG_5599.jpeg,,,id:58634,,,,,,11,,,,,10,,الألوان,crème,,1,المقاس,"ML (38-40-42)",,1,,,,,,,,,,,,,,,,,,,,,,,,,,,,,,,,,,,,,,,,,,yes,yes,,,,product,,,,,,,,,,,,,,,,,,1776259898,,,,,upload,,
58663,variation,,,"Abaya Noor<span> - </span>crème, SM (36-38-40)",1,0,visible,,,,,taxable,parent,1,3,,0,0,,,,,0,,4900,9800,,,,https://boutique-she.com/wp-content/uploads/2026/02/IMG_5597-scaled.jpeg,,,id:58634,,,,,,10,,,,,10,,الألوان,crème,,1,المقاس,"SM (36-38-40)",,1,,,,,,,,,,,,,,,,,,,,,,,,,,,,,,,,,,,,,,,,,,yes,yes,,,,product,,,,,,,,,,,,,,,,,,1776259898,,,,,upload,,
58689,variable,,,"Ensemble Lora",1,0,visible,,,,,taxable,,0,,,0,0,,,,,0,,,,"Manteaux et vestes",,,"https://boutique-she.com/wp-content/uploads/2026/02/IMG_5914-scaled.jpeg, https://boutique-she.com/wp-content/uploads/2026/02/IMG_5927-scaled.jpeg, https://boutique-she.com/wp-content/uploads/2026/02/IMG_5924-scaled.jpeg, https://boutique-she.com/wp-content/uploads/2026/02/IMG_5917-scaled.jpeg, https://boutique-she.com/wp-content/uploads/2026/02/IMG_5914-scaled.jpeg",,,,,,,,,0,,,,0,10,,الألوان,"Beige, Marron chocolat, Rose poudré, Vert kaki",1,1,المقاس,"L (42-44-46), M (40-42-44), S ( 36-38-40)",1,1,none,,no,,,none,default,default,none,,,,,,,,inherit,inherit,,after,inherit,,,,text,,,,text,,,,,,,,,,,,,yes,yes,,,,product,,,,,text,,,,,text,,,,,text,,,1776692640,1,,,,,,2026-02-28
58694,variable,,,"Ensemble Mia",1,0,visible,,,,,taxable,,0,,,0,0,,,,,0,,,,"Manteaux et vestes",,,"https://boutique-she.com/wp-content/uploads/2026/02/IMG_5985-scaled.jpeg, https://boutique-she.com/wp-content/uploads/2026/02/IMG_5985-scaled.jpeg, https://boutique-she.com/wp-content/uploads/2026/02/IMG_5989-scaled.jpeg, https://boutique-she.com/wp-content/uploads/2026/02/IMG_5992-scaled.jpeg, https://boutique-she.com/wp-content/uploads/2026/02/IMG_5994-scaled.jpeg, https://boutique-she.com/wp-content/uploads/2026/02/IMG_5995-scaled.jpeg, https://boutique-she.com/wp-content/uploads/2026/02/IMG_6014.jpeg",,,,,,,,,0,,,,0,10,,الألوان,"Aubergine, Beige, crème, Jaune, Marron, Pêche",1,1,المقاس,"standard (38-46)",1,1,none,,no,,,none,default,default,none,,,,,,,,inherit,inherit,,after,inherit,,,,text,,,,text,,,,,,,,,,,,,yes,yes,,,,,,,,,text,,,,,text,,,,,text,,,1776692724,,,,,,,
58701,variation,,,"Ensemble Mia<span> - </span>Aubergine, standard (38-46)",1,0,visible,,,,,taxable,parent,0,0,,0,0,,,,,0,,4250,8500,,,,https://boutique-she.com/wp-content/uploads/2026/02/IMG_6014.jpeg,,,id:58694,,,,,,1,,,,,10,,الألوان,Aubergine,,1,المقاس,"standard (38-46)",,1,,,,,,,,,,,,,,,,,,,,,,,,,,,,,,,,,,,,,,,,,,yes,yes,,,,product,,,,,,,,,,,,,,,,,,1776176215,,,,,upload,,
58702,variation,,,"Ensemble Mia<span> - </span>Beige, standard (38-46)",1,0,visible,,,,,taxable,parent,0,0,,0,0,,,,,0,,4250,8500,,,,https://boutique-she.com/wp-content/uploads/2026/02/IMG_5992-scaled.jpeg,,,id:58694,,,,,,2,,,,,10,,الألوان,Beige,,1,المقاس,"standard (38-46)",,1,,,,,,,,,,,,,,,,,,,,,,,,,,,,,,,,,,,,,,,,,,yes,yes,,,,product,,,,,,,,,,,,,,,,,,1776176215,,,,,upload,,
58703,variation,,,"Ensemble Mia<span> - </span>Jaune, standard (38-46)",1,0,visible,,,,,taxable,parent,0,0,,0,0,,,,,0,,4250,8500,,,,https://boutique-she.com/wp-content/uploads/2026/02/IMG_5994-scaled.jpeg,,,id:58694,,,,,,3,,,,,10,,الألوان,Jaune,,1,المقاس,"standard (38-46)",,1,,,,,,,,,,,,,,,,,,,,,,,,,,,,,,,,,,,,,,,,,,yes,yes,,,,product,,,,,,,,,,,,,,,,,,1776176215,,,,,upload,,
58704,variation,,,"Ensemble Mia<span> - </span>Marron, standard (38-46)",1,0,visible,,,,,taxable,parent,0,0,,0,0,,,,,0,,4250,8500,,,,https://boutique-she.com/wp-content/uploads/2026/02/IMG_5989-scaled.jpeg,,,id:58694,,,,,,4,,,,,10,,الألوان,Marron,,1,المقاس,"standard (38-46)",,1,,,,,,,,,,,,,,,,,,,,,,,,,,,,,,,,,,,,,,,,,,yes,yes,,,,product,,,,,,,,,,,,,,,,,,1776176215,,,,,upload,,
58705,variation,,,"Ensemble Mia<span> - </span>crème, standard (38-46)",1,0,visible,,,,,taxable,parent,0,0,,0,0,,,,,0,,4250,8500,,,,https://boutique-she.com/wp-content/uploads/2026/02/IMG_5995-scaled.jpeg,,,id:58694,,,,,,5,,,,,10,,الألوان,crème,,1,المقاس,"standard (38-46)",,1,,,,,,,,,,,,,,,,,,,,,,,,,,,,,,,,,,,,,,,,,,yes,yes,,,,product,,,,,,,,,,,,,,,,,,1776692724,,,,,upload,,
58706,variation,,,"Ensemble Mia<span> - </span>Pêche, standard (38-46)",1,0,visible,,,,,taxable,parent,0,0,,0,0,,,,,0,,4250,8500,,,,https://boutique-she.com/wp-content/uploads/2026/02/IMG_5985-scaled.jpeg,,,id:58694,,,,,,6,,,,,10,,الألوان,Pêche,,1,المقاس,"standard (38-46)",,1,,,,,,,,,,,,,,,,,,,,,,,,,,,,,,,,,,,,,,,,,,yes,yes,,,,product,,,,,,,,,,,,,,,,,,1776176058,,,,,upload,,
58707,variation,,,"Ensemble Lora<span> - </span>Beige, L (42-44-46)",1,0,visible,,,,,taxable,parent,0,0,,0,0,,,,,0,,4250,8500,,,,https://boutique-she.com/wp-content/uploads/2026/02/IMG_5927-scaled.jpeg,,,id:58689,,,,,,1,,,,,10,,الألوان,Beige,,1,المقاس,"L (42-44-46)",,1,,,,,,,,,,,,,,,,,,,,,,,,,,,,,,,,,,,,,,,,,,yes,yes,,,,product,,,,,,,,,,,,,,,,,,1776175960,,,,,upload,,
58708,variation,,,"Ensemble Lora<span> - </span>Beige, M (40-42-44)",1,0,visible,,,,,taxable,parent,0,0,,0,0,,,,,0,,4250,8500,,,,https://boutique-she.com/wp-content/uploads/2026/02/IMG_5927-scaled.jpeg,,,id:58689,,,,,,2,,,,,10,,الألوان,Beige,,1,المقاس,"M (40-42-44)",,1,,,,,,,,,,,,,,,,,,,,,,,,,,,,,,,,,,,,,,,,,,yes,yes,,,,product,,,,,,,,,,,,,,,,,,1776692638,,,,,upload,,
58709,variation,,,"Ensemble Lora<span> - </span>Beige, S ( 36-38-40)",1,0,visible,,,,,taxable,parent,0,0,,0,0,,,,,0,,4250,8500,,,,https://boutique-she.com/wp-content/uploads/2026/02/IMG_5927-scaled.jpeg,,,id:58689,,,,,,3,,,,,10,,الألوان,Beige,,1,المقاس,"S ( 36-38-40)",,1,,,,,,,,,,,,,,,,,,,,,,,,,,,,,,,,,,,,,,,,,,yes,yes,,,,product,,,,,,,,,,,,,,,,,,1776176135,,,,,upload,,
58710,variation,,,"Ensemble Lora<span> - </span>Marron chocolat, L (42-44-46)",1,0,visible,,,,,taxable,parent,0,0,,0,0,,,,,0,,4250,8500,,,,https://boutique-she.com/wp-content/uploads/2026/02/IMG_5989-scaled.jpeg,,,id:58689,,,,,,5,,,,,10,,الألوان,"Marron chocolat",,1,المقاس,"L (42-44-46)",,1,,,,,,,,,,,,,,,,,,,,,,,,,,,,,,,,,,,,,,,,,,yes,yes,,,,product,,,,,,,,,,,,,,,,,,1776176143,,,,,upload,,
58711,variation,,,"Ensemble Lora<span> - </span>Marron chocolat, M (40-42-44)",1,0,visible,,,,,taxable,parent,0,0,,0,0,,,,,0,,4250,8500,,,,https://boutique-she.com/wp-content/uploads/2026/02/IMG_5989-scaled.jpeg,,,id:58689,,,,,,4,,,,,10,,الألوان,"Marron chocolat",,1,المقاس,"M (40-42-44)",,1,,,,,,,,,,,,,,,,,,,,,,,,,,,,,,,,,,,,,,,,,,yes,yes,,,,product,,,,,,,,,,,,,,,,,,1776175961,,,,,upload,,
58712,variation,,,"Ensemble Lora<span> - </span>Marron chocolat, S ( 36-38-40)",1,0,visible,,,,,taxable,parent,0,0,,0,0,,,,,0,,4250,8500,,,,https://boutique-she.com/wp-content/uploads/2026/02/IMG_5989-scaled.jpeg,,,id:58689,,,,,,6,,,,,10,,الألوان,"Marron chocolat",,1,المقاس,"S ( 36-38-40)",,1,,,,,,,,,,,,,,,,,,,,,,,,,,,,,,,,,,,,,,,,,,yes,yes,,,,product,,,,,,,,,,,,,,,,,,1776175961,,,,,upload,,
58713,variation,,,"Ensemble Lora<span> - </span>Vert kaki, L (42-44-46)",1,0,visible,,,,,taxable,parent,0,0,,0,0,,,,,0,,4250,8500,,,,https://boutique-she.com/wp-content/uploads/2026/02/IMG_5924-scaled.jpeg,,,id:58689,,,,,,8,,,,,10,,الألوان,"Vert kaki",,1,المقاس,"L (42-44-46)",,1,,,,,,,,,,,,,,,,,,,,,,,,,,,,,,,,,,,,,,,,,,yes,yes,,,,product,,,,,,,,,,,,,,,,,,1776176144,,,,,upload,,
58714,variation,,,"Ensemble Lora<span> - </span>Vert kaki, M (40-42-44)",1,0,visible,,,,,taxable,parent,0,0,,0,0,,,,,0,,4250,8500,,,,https://boutique-she.com/wp-content/uploads/2026/02/IMG_5924-scaled.jpeg,,,id:58689,,,,,,7,,,,,10,,الألوان,"Vert kaki",,1,المقاس,"M (40-42-44)",,1,,,,,,,,,,,,,,,,,,,,,,,,,,,,,,,,,,,,,,,,,,yes,yes,,,,product,,,,,,,,,,,,,,,,,,1776175961,,,,,upload,,
58715,variation,,,"Ensemble Lora<span> - </span>Vert kaki, S ( 36-38-40)",1,0,visible,,,,,taxable,parent,0,0,,0,0,,,,,0,,4250,8500,,,,https://boutique-she.com/wp-content/uploads/2026/02/IMG_5924-scaled.jpeg,,,id:58689,,,,,,9,,,,,10,,الألوان,"Vert kaki",,1,المقاس,"S ( 36-38-40)",,1,,,,,,,,,,,,,,,,,,,,,,,,,,,,,,,,,,,,,,,,,,yes,yes,,,,product,,,,,,,,,,,,,,,,,,1776175961,,,,,upload,,
58716,variation,,,"Ensemble Lora<span> - </span>Rose poudré, L (42-44-46)",1,0,visible,,,,,taxable,parent,0,0,,0,0,,,,,0,,4250,8500,,,,https://boutique-she.com/wp-content/uploads/2026/02/IMG_5914-scaled.jpeg,,,id:58689,,,,,,10,,,,,10,,الألوان,"Rose poudré",,1,المقاس,"L (42-44-46)",,1,,,,,,,,,,,,,,,,,,,,,,,,,,,,,,,,,,,,,,,,,,yes,yes,,,,product,,,,,,,,,,,,,,,,,,1776692640,,,,,upload,,
58717,variation,,,"Ensemble Lora<span> - </span>Rose poudré, M (40-42-44)",1,0,visible,,,,,taxable,parent,0,0,,0,0,,,,,0,,4250,8500,,,,https://boutique-she.com/wp-content/uploads/2026/02/IMG_5914-scaled.jpeg,,,id:58689,,,,,,11,,,,,10,,الألوان,"Rose poudré",,1,المقاس,"M (40-42-44)",,1,,,,,,,,,,,,,,,,,,,,,,,,,,,,,,,,,,,,,,,,,,yes,yes,,,,product,,,,,,,,,,,,,,,,,,1776176136,,,,,upload,,
58718,variation,,,"Ensemble Lora<span> - </span>Rose poudré, S ( 36-38-40)",1,0,visible,,,,,taxable,parent,0,0,,0,0,,,,,0,,4250,8500,,,,https://boutique-she.com/wp-content/uploads/2026/02/IMG_5914-scaled.jpeg,,,id:58689,,,,,,12,,,,,10,,الألوان,"Rose poudré",,1,المقاس,"S ( 36-38-40)",,1,,,,,,,,,,,,,,,,,,,,,,,,,,,,,,,,,,,,,,,,,,yes,yes,,,,product,,,,,,,,,,,,,,,,,,1776692640,,,,,upload,,
58738,variable,,,"Ensemble Jupe denim",1,0,visible,,,,,taxable,,1,,,0,0,,,,,0,,,,"Manteaux et vestes",,,"https://boutique-she.com/wp-content/uploads/2026/03/IMG_5800-scaled.jpeg, https://boutique-she.com/wp-content/uploads/2026/03/IMG_5799-scaled.jpeg, https://boutique-she.com/wp-content/uploads/2026/03/IMG_5800-scaled.jpeg, https://boutique-she.com/wp-content/uploads/2026/03/IMG_5801-scaled.jpeg",,,,,,,,,0,,,,0,10,,المقاس,"L 40/42, M 38/40, S (36-38), Xl 42/44",1,1,,,,,none,,no,,,none,default,default,none,,,,,,,,inherit,inherit,,after,inherit,,,,text,,,,text,,,,,,,,,,,,,yes,yes,,,,,,,,,text,,,,,text,,,,,text,,,1772371923,,,,,,,
58742,variation,,,"Ensemble Jupe denim<span> - </span>L 40/42",1,0,visible,,,,,taxable,parent,0,0,,0,0,,,,,0,,4250,8500,,,,https://boutique-she.com/wp-content/uploads/2026/03/IMG_5800-scaled.jpeg,,,id:58738,,,,,,1,,,,,10,,المقاس,"L 40/42",,1,,,,,,,,,,,,,,,,,,,,,,,,,,,,,,,,,,,,,,,,,,,,,,yes,yes,,,,product,,,,,,,,,,,,,,,,,,1776175691,,,,,upload,,
58743,variation,,,"Ensemble Jupe denim<span> - </span>M 38/40",1,0,visible,,,,,taxable,parent,1,2,,0,0,,,,,0,,4250,8500,,,,https://boutique-she.com/wp-content/uploads/2026/03/IMG_5800-scaled.jpeg,,,id:58738,,,,,,2,,,,,10,,المقاس,"M 38/40",,1,,,,,,,,,,,,,,,,,,,,,,,,,,,,,,,,,,,,,,,,,,,,,,yes,yes,,,,product,,,,,,,,,,,,,,,,,,1776175691,,,,,upload,,
58744,variation,,,"Ensemble Jupe denim<span> - </span>S (36-38)",1,0,visible,,,,,taxable,parent,1,4,,0,0,,,,,0,,4250,8500,,,,https://boutique-she.com/wp-content/uploads/2026/03/IMG_5799-scaled.jpeg,,,id:58738,,,,,,3,,,,,10,,المقاس,"S (36-38)",,1,,,,,,,,,,,,,,,,,,,,,,,,,,,,,,,,,,,,,,,,,,,,,,yes,yes,,,,product,,,,,,,,,,,,,,,,,,1776175691,,,,,upload,,
58745,variation,,,"Ensemble Jupe denim<span> - </span>Xl 42/44",1,0,visible,,,,,taxable,parent,1,1,,0,0,,,,,0,,4250,8500,,,,,,,id:58738,,,,,,4,,,,,10,,المقاس,"Xl 42/44",,1,,,,,,,,,,,,,,,,,,,,,,,,,,,,,,,,,,,,,,,,,,,,,,yes,yes,,,,product,,,,,,,,,,,,,,,,,,1776601314,,,,,upload,,
58746,variable,,,"Ensemble Sana",1,0,visible,,,,,taxable,,0,,,0,0,,,,,0,,,,"Manteaux et vestes",,,"https://boutique-she.com/wp-content/uploads/2026/03/IMG_5851.jpeg, https://boutique-she.com/wp-content/uploads/2026/03/IMG_5847-scaled.jpeg, https://boutique-she.com/wp-content/uploads/2026/03/IMG_5851.jpeg, https://boutique-she.com/wp-content/uploads/2026/03/IMG_5857-scaled.jpeg, https://boutique-she.com/wp-content/uploads/2026/03/IMG_5859-scaled.jpeg, https://boutique-she.com/wp-content/uploads/2026/03/IMG_5861-scaled.jpeg",,,,,,,,,0,,,,0,10,,الألوان,"Bleu nuit, crème, Marron, Noir, Vert",1,1,المقاس,"Standard (du 38 au 44/46)",1,1,none,,no,,,none,default,default,none,,,,,,,,inherit,inherit,,after,inherit,,,,text,,,,text,,,,,,,,,,,,,yes,yes,,,,product,,,,,text,,,,,text,,,,,text,,,1776692583,2,,,,,,
58752,variation,,,"Ensemble Sana<span> - </span>Bleu nuit, Standard (du 38 au 44/46)",1,0,visible,,,,,taxable,parent,0,0,,0,0,,,,,0,,3400,6800,,,,https://boutique-she.com/wp-content/uploads/2026/03/IMG_5857-scaled.jpeg,,,id:58746,,,,,,1,,,,,10,,الألوان,"Bleu nuit",,1,المقاس,"Standard (du 38 au 44/46)",,1,,,,,,,,,,,,,,,,,,,,,,,,,,,,,,,,,,,,,,,,,,yes,yes,,,,product,,,,,,,,,,,,,,,,,,1776692582,,,,,upload,,
58753,variation,,,"Ensemble Sana<span> - </span>Marron, Standard (du 38 au 44/46)",1,0,visible,,,,,taxable,parent,0,0,,0,0,,,,,0,,3400,6800,,,,https://boutique-she.com/wp-content/uploads/2026/03/IMG_5859-scaled.jpeg,,,id:58746,,,,,,2,,,,,10,,الألوان,Marron,,1,المقاس,"Standard (du 38 au 44/46)",,1,,,,,,,,,,,,,,,,,,,,,,,,,,,,,,,,,,,,,,,,,,yes,yes,,,,product,,,,,,,,,,,,,,,,,,1776175765,,,,,upload,,
58754,variation,,,"Ensemble Sana<span> - </span>Noir, Standard (du 38 au 44/46)",1,0,visible,,,,,taxable,parent,0,0,,0,0,,,,,0,,3400,6800,,,,https://boutique-she.com/wp-content/uploads/2026/03/IMG_5861-scaled.jpeg,,,id:58746,,,,,,3,,,,,10,,الألوان,Noir,,1,المقاس,"Standard (du 38 au 44/46)",,1,,,,,,,,,,,,,,,,,,,,,,,,,,,,,,,,,,,,,,,,,,yes,yes,,,,product,,,,,,,,,,,,,,,,,,1776175518,,,,,upload,,
58755,variation,,,"Ensemble Sana<span> - </span>Vert, Standard (du 38 au 44/46)",1,0,visible,,,,,taxable,parent,0,0,,0,0,,,,,0,,3400,6800,,,,https://boutique-she.com/wp-content/uploads/2026/03/IMG_5851.jpeg,,,id:58746,,,,,,4,,,,,10,,الألوان,Vert,,1,المقاس,"Standard (du 38 au 44/46)",,1,,,,,,,,,,,,,,,,,,,,,,,,,,,,,,,,,,,,,,,,,,yes,yes,,,,product,,,,,,,,,,,,,,,,,,1776692583,,,,,upload,,
58756,variation,,,"Ensemble Sana<span> - </span>crème, Standard (du 38 au 44/46)",1,0,visible,,,,,taxable,parent,0,0,,0,0,,,,,0,,3400,6800,,,,https://boutique-she.com/wp-content/uploads/2026/03/IMG_5847-scaled.jpeg,,,id:58746,,,,,,5,,,,,10,,الألوان,crème,,1,المقاس,"Standard (du 38 au 44/46)",,1,,,,,,,,,,,,,,,,,,,,,,,,,,,,,,,,,,,,,,,,,,yes,yes,,,,product,,,,,,,,,,,,,,,,,,1776175518,,,,,upload,,
58757,variable,,,"Robe Sultana",1,0,visible,,,,,taxable,,0,,,0,0,,,,,0,,,,"Manteaux et vestes",,,"https://boutique-she.com/wp-content/uploads/2026/03/IMG_5823-scaled.jpeg, https://boutique-she.com/wp-content/uploads/2026/03/IMG_5819-scaled.jpeg, https://boutique-she.com/wp-content/uploads/2026/03/IMG_5823-scaled.jpeg, https://boutique-she.com/wp-content/uploads/2026/03/IMG_5838-scaled.jpeg, https://boutique-she.com/wp-content/uploads/2026/03/IMG_6015.jpeg",,,,,,,,,0,,,,0,10,,الألوان,"Aubergine, Beige rosé, crème, Vert clair",1,1,المقاس,"Standard (du 38 au 44/46)",1,1,none,,no,,,none,default,default,none,,,,,,,,inherit,inherit,,after,inherit,,,,text,,,,text,,,,,,,,,,,,,yes,yes,,,,product,,,,,text,,,,,text,,,,,text,,,1776692551,,,,,,,2026-03-01
58762,variation,,,"Robe Sultana<span> - </span>Aubergine, Standard (du 38 au 44/46)",1,0,visible,,,,,taxable,parent,0,0,,0,0,,,,,0,,3400,6800,,,,https://boutique-she.com/wp-content/uploads/2026/03/IMG_5838-scaled.jpeg,,,id:58757,,,,,,1,,,,,10,,الألوان,Aubergine,,1,المقاس,"Standard (du 38 au 44/46)",,1,,,,,,,,,,,,,,,,,,,,,,,,,,,,,,,,,,,,,,,,,,yes,yes,,,,product,,,,,,,,,,,,,,,,,,1776174771,,,,,upload,,
58763,variation,,,"Robe Sultana<span> - </span>Vert clair, Standard (du 38 au 44/46)",1,0,visible,,,,,taxable,parent,0,0,,0,0,,,,,0,,3400,6800,,,,https://boutique-she.com/wp-content/uploads/2026/03/IMG_5819-scaled.jpeg,,,id:58757,,,,,,2,,,,,10,,الألوان,"Vert clair",,1,المقاس,"Standard (du 38 au 44/46)",,1,,,,,,,,,,,,,,,,,,,,,,,,,,,,,,,,,,,,,,,,,,yes,yes,,,,product,,,,,,,,,,,,,,,,,,1776174771,,,,,upload,,
58764,variation,,,"Robe Sultana<span> - </span>Beige rosé, Standard (du 38 au 44/46)",1,0,visible,,,,,taxable,parent,0,0,,0,0,,,,,0,,3400,6800,,,,https://boutique-she.com/wp-content/uploads/2026/03/IMG_5823-scaled.jpeg,,,id:58757,,,,,,3,,,,,10,,الألوان,"Beige rosé",,1,المقاس,"Standard (du 38 au 44/46)",,1,,,,,,,,,,,,,,,,,,,,,,,,,,,,,,,,,,,,,,,,,,yes,yes,,,,product,,,,,,,,,,,,,,,,,,1776174771,,,,,upload,,
58765,variation,,,"Robe Sultana<span> - </span>crème, Standard (du 38 au 44/46)",1,0,visible,,,,,taxable,parent,0,0,,0,0,,,,,0,,3400,6800,,,,https://boutique-she.com/wp-content/uploads/2026/03/IMG_6015.jpeg,,,id:58757,,,,,,4,,,,,10,,الألوان,crème,,1,المقاس,"Standard (du 38 au 44/46)",,1,,,,,,,,,,,,,,,,,,,,,,,,,,,,,,,,,,,,,,,,,,yes,yes,,,,product,,,,,,,,,,,,,,,,,,1776692551,,,,,upload,,
58766,variable,,,"Robe écolière",1,0,visible,,,,,taxable,,0,,,0,0,,,,,0,,,,"Manteaux et vestes",,,"https://boutique-she.com/wp-content/uploads/2026/03/IMG_5807-scaled.jpeg, https://boutique-she.com/wp-content/uploads/2026/03/IMG_5804-scaled.jpeg, https://boutique-she.com/wp-content/uploads/2026/03/IMG_5807-scaled.jpeg, https://boutique-she.com/wp-content/uploads/2026/03/IMG_5844.jpeg",,,,,,,,,0,,,,0,10,,الألوان,"Marron chocolat, Taupe, Vert clair",1,1,المقاس,"L 40/42, M 38/40, S (36-38), Xl 42/44",1,1,none,,no,,,none,default,default,none,,,,,,,,inherit,inherit,,after,inherit,,,,text,,,,text,,,,,,,,,,,,,yes,yes,,,,,,,,,text,,,,,text,,,,,text,,,1774955451,,,,,,,2026-03-01
58770,variation,,,"Robe écolière<span> - </span>Marron chocolat, L 40/42",1,0,visible,,,,,taxable,parent,0,0,,0,0,,,,,0,,,6800,,,,https://boutique-she.com/wp-content/uploads/2026/03/IMG_5807-scaled.jpeg,,,id:58766,,,,,,1,,,,,10,,الألوان,"Marron chocolat",,1,المقاس,"L 40/42",,1,,,,,,,,,,,,,,,,,,,,,,,,,,,,,,,,,,,,,,,,,,yes,yes,,,,product,,,,,,,,,,,,,,,,,,1772518666,,,,,upload,,
58771,variation,,,"Robe écolière<span> - </span>Marron chocolat, M 38/40",1,0,visible,,,,,taxable,parent,0,0,,0,0,,,,,0,,,6800,,,,https://boutique-she.com/wp-content/uploads/2026/03/IMG_5807-scaled.jpeg,,,id:58766,,,,,,2,,,,,10,,الألوان,"Marron chocolat",,1,المقاس,"M 38/40",,1,,,,,,,,,,,,,,,,,,,,,,,,,,,,,,,,,,,,,,,,,,yes,yes,,,,product,,,,,,,,,,,,,,,,,,1772987454,,,,,upload,,
58772,variation,,,"Robe écolière<span> - </span>Marron chocolat, S (36-38)",1,0,visible,,,,,taxable,parent,0,0,,0,0,,,,,0,,,6800,,,,https://boutique-she.com/wp-content/uploads/2026/03/IMG_5807-scaled.jpeg,,,id:58766,,,,,,3,,,,,10,,الألوان,"Marron chocolat",,1,المقاس,"S (36-38)",,1,,,,,,,,,,,,,,,,,,,,,,,,,,,,,,,,,,,,,,,,,,yes,yes,,,,product,,,,,,,,,,,,,,,,,,1774719219,,,,,upload,,
58773,variation,,,"Robe écolière<span> - </span>Marron chocolat, Xl 42/44",1,0,visible,,,,,taxable,parent,0,0,,0,0,,,,,0,,,6800,,,,https://boutique-she.com/wp-content/uploads/2026/03/IMG_5807-scaled.jpeg,,,id:58766,,,,,,4,,,,,10,,الألوان,"Marron chocolat",,1,المقاس,"Xl 42/44",,1,,,,,,,,,,,,,,,,,,,,,,,,,,,,,,,,,,,,,,,,,,yes,yes,,,,product,,,,,,,,,,,,,,,,,,1772615563,,,,,upload,,
58774,variation,,,"Robe écolière<span> - </span>Vert clair, L 40/42",1,0,visible,,,,,taxable,parent,0,0,,0,0,,,,,0,,,6800,,,,https://boutique-she.com/wp-content/uploads/2026/03/IMG_5844.jpeg,,,id:58766,,,,,,5,,,,,10,,الألوان,"Vert clair",,1,المقاس,"L 40/42",,1,,,,,,,,,,,,,,,,,,,,,,,,,,,,,,,,,,,,,,,,,,yes,yes,,,,product,,,,,,,,,,,,,,,,,,1774719219,,,,,upload,,
58775,variation,,,"Robe écolière<span> - </span>Vert clair, M 38/40",1,0,visible,,,,,taxable,parent,0,0,,0,0,,,,,0,,,6800,,,,https://boutique-she.com/wp-content/uploads/2026/03/IMG_5844.jpeg,,,id:58766,,,,,,6,,,,,10,,الألوان,"Vert clair",,1,المقاس,"M 38/40",,1,,,,,,,,,,,,,,,,,,,,,,,,,,,,,,,,,,,,,,,,,,yes,yes,,,,product,,,,,,,,,,,,,,,,,,1774955449,,,,,upload,,
58776,variation,,,"Robe écolière<span> - </span>Vert clair, S (36-38)",1,0,visible,,,,,taxable,parent,0,0,,0,0,,,,,0,,,6800,,,,https://boutique-she.com/wp-content/uploads/2026/03/IMG_5844.jpeg,,,id:58766,,,,,,7,,,,,10,,الألوان,"Vert clair",,1,المقاس,"S (36-38)",,1,,,,,,,,,,,,,,,,,,,,,,,,,,,,,,,,,,,,,,,,,,yes,yes,,,,product,,,,,,,,,,,,,,,,,,1774897539,,,,,upload,,
58777,variation,,,"Robe écolière<span> - </span>Vert clair, Xl 42/44",1,0,visible,,,,,taxable,parent,0,0,,0,0,,,,,0,,,6800,,,,https://boutique-she.com/wp-content/uploads/2026/03/IMG_5844.jpeg,,,id:58766,,,,,,8,,,,,10,,الألوان,"Vert clair",,1,المقاس,"Xl 42/44",,1,,,,,,,,,,,,,,,,,,,,,,,,,,,,,,,,,,,,,,,,,,yes,yes,,,,product,,,,,,,,,,,,,,,,,,1774719220,,,,,upload,,
58778,variation,,,"Robe écolière<span> - </span>Taupe, L 40/42",1,0,visible,,,,,taxable,parent,0,0,,0,0,,,,,0,,,6800,,,,https://boutique-she.com/wp-content/uploads/2026/03/IMG_5804-scaled.jpeg,,,id:58766,,,,,,9,,,,,10,,الألوان,Taupe,,1,المقاس,"L 40/42",,1,,,,,,,,,,,,,,,,,,,,,,,,,,,,,,,,,,,,,,,,,,yes,yes,,,,product,,,,,,,,,,,,,,,,,,1772751032,,,,,upload,,
58779,variation,,,"Robe écolière<span> - </span>Taupe, M 38/40",1,0,visible,,,,,taxable,parent,0,0,,0,0,,,,,0,,,6800,,,,https://boutique-she.com/wp-content/uploads/2026/03/IMG_5804-scaled.jpeg,,,id:58766,,,,,,10,,,,,10,,الألوان,Taupe,,1,المقاس,"M 38/40",,1,,,,,,,,,,,,,,,,,,,,,,,,,,,,,,,,,,,,,,,,,,yes,yes,,,,product,,,,,,,,,,,,,,,,,,1772964809,,,,,upload,,
58780,variation,,,"Robe écolière<span> - </span>Taupe, S (36-38)",1,0,visible,,,,,taxable,parent,0,0,,0,0,,,,,0,,,6800,,,,https://boutique-she.com/wp-content/uploads/2026/03/IMG_5804-scaled.jpeg,,,id:58766,,,,,,11,,,,,10,,الألوان,Taupe,,1,المقاس,"S (36-38)",,1,,,,,,,,,,,,,,,,,,,,,,,,,,,,,,,,,,,,,,,,,,yes,yes,,,,product,,,,,,,,,,,,,,,,,,1774719220,,,,,upload,,
58781,variation,,,"Robe écolière<span> - </span>Taupe, Xl 42/44",1,0,visible,,,,,taxable,parent,0,0,,0,0,,,,,0,,,6800,,,,https://boutique-she.com/wp-content/uploads/2026/03/IMG_5804-scaled.jpeg,,,id:58766,,,,,,12,,,,,10,,الألوان,Taupe,,1,المقاس,"Xl 42/44",,1,,,,,,,,,,,,,,,,,,,,,,,,,,,,,,,,,,,,,,,,,,yes,yes,,,,product,,,,,,,,,,,,,,,,,,1773270711,,,,,upload,,
58843,variable,,,"Robe Lolita",1,0,visible,,,,,taxable,,0,,,0,0,,,,,0,,,,"Manteaux et vestes",,,"https://boutique-she.com/wp-content/uploads/2026/03/IMG_5776-scaled.jpeg, https://boutique-she.com/wp-content/uploads/2026/03/IMG_5787.jpeg, https://boutique-she.com/wp-content/uploads/2026/03/IMG_5783-scaled.jpeg, https://boutique-she.com/wp-content/uploads/2026/03/IMG_5776-scaled.jpeg, https://boutique-she.com/wp-content/uploads/2026/03/IMG_5789-scaled.jpeg",,,,,,,,,0,,,,0,10,,الألوان,"Aubergine, crème, Jaune, Vert",1,1,المقاس,"L 40/42, M 38/40, S (36-38), Xl 42/44",1,1,none,,no,,,none,default,default,none,,,,,,,,inherit,inherit,,after,inherit,,,,text,,,,text,,,,,,,,,,,,,yes,yes,,,,product,,,,,text,,,,,text,,,,,text,,,1776603702,,,,,,,
58848,variation,,,"Robe Lolita<span> - </span>Aubergine, L 40/42",1,0,visible,,,,,taxable,parent,0,0,,0,0,,,,,0,,3400,6800,,,,https://boutique-she.com/wp-content/uploads/2026/03/IMG_5787.jpeg,,,id:58843,,,,,,1,,,,,10,,الألوان,Aubergine,,1,المقاس,"L 40/42",,1,,,,,,,,,,,,,,,,,,,,,,,,,,,,,,,,,,,,,,,,,,yes,yes,,,,product,,,,,,,,,,,,,,,,,,1776175215,,,,,upload,,
58849,variation,,,"Robe Lolita<span> - </span>Aubergine, M 38/40",1,0,visible,,,,,taxable,parent,0,0,,0,0,,,,,0,,3400,6800,,,,https://boutique-she.com/wp-content/uploads/2026/03/IMG_5787.jpeg,,,id:58843,,,,,,2,,,,,10,,الألوان,Aubergine,,1,المقاس,"M 38/40",,1,,,,,,,,,,,,,,,,,,,,,,,,,,,,,,,,,,,,,,,,,,yes,yes,,,,product,,,,,,,,,,,,,,,,,,1776175215,,,,,upload,,
58850,variation,,,"Robe Lolita<span> - </span>Aubergine, S (36-38)",1,0,visible,,,,,taxable,parent,0,0,,0,0,,,,,0,,3400,6800,,,,https://boutique-she.com/wp-content/uploads/2026/03/IMG_5787.jpeg,,,id:58843,,,,,,3,,,,,10,,الألوان,Aubergine,,1,المقاس,"S (36-38)",,1,,,,,,,,,,,,,,,,,,,,,,,,,,,,,,,,,,,,,,,,,,yes,yes,,,,product,,,,,,,,,,,,,,,,,,1776175215,,,,,upload,,
58851,variation,,,"Robe Lolita<span> - </span>Aubergine, Xl 42/44",1,0,visible,,,,,taxable,parent,0,0,,0,0,,,,,0,,3400,6800,,,,https://boutique-she.com/wp-content/uploads/2026/03/IMG_5787.jpeg,,,id:58843,,,,,,4,,,,,10,,الألوان,Aubergine,,1,المقاس,"Xl 42/44",,1,,,,,,,,,,,,,,,,,,,,,,,,,,,,,,,,,,,,,,,,,,yes,yes,,,,product,,,,,,,,,,,,,,,,,,1776175215,,,,,upload,,
58852,variation,,,"Robe Lolita<span> - </span>Jaune, L 40/42",1,0,visible,,,,,taxable,parent,0,0,,0,0,,,,,0,,3400,6800,,,,https://boutique-she.com/wp-content/uploads/2026/03/IMG_5783-scaled.jpeg,,,id:58843,,,,,,5,,,,,10,,الألوان,Jaune,,1,المقاس,"L 40/42",,1,,,,,,,,,,,,,,,,,,,,,,,,,,,,,,,,,,,,,,,,,,yes,yes,,,,product,,,,,,,,,,,,,,,,,,1776603700,,,,,upload,,
58853,variation,,,"Robe Lolita<span> - </span>Jaune, M 38/40",1,0,visible,,,,,taxable,parent,0,0,,0,0,,,,,0,,3400,6800,,,,https://boutique-she.com/wp-content/uploads/2026/03/IMG_5783-scaled.jpeg,,,id:58843,,,,,,6,,,,,10,,الألوان,Jaune,,1,المقاس,"M 38/40",,1,,,,,,,,,,,,,,,,,,,,,,,,,,,,,,,,,,,,,,,,,,yes,yes,,,,product,,,,,,,,,,,,,,,,,,1776175216,,,,,upload,,
58854,variation,,,"Robe Lolita<span> - </span>Jaune, S (36-38)",1,0,visible,,,,,taxable,parent,0,0,1,0,0,,,,,0,,3400,6800,,,,https://boutique-she.com/wp-content/uploads/2026/03/IMG_5783-scaled.jpeg,,,id:58843,,,,,,7,,,,,10,,الألوان,Jaune,,1,المقاس,"S (36-38)",,1,,,,,,,,,,,,,,,,,,,,,,,,,,,,,,,,,,,,,,,,,,yes,yes,,,,product,,,,,,,,,,,,,,,,,,1776175216,,,,,upload,,
58855,variation,,,"Robe Lolita<span> - </span>Jaune, Xl 42/44",1,0,visible,,,,,taxable,parent,0,0,,0,0,,,,,0,,3400,6800,,,,https://boutique-she.com/wp-content/uploads/2026/03/IMG_5783-scaled.jpeg,,,id:58843,,,,,,8,,,,,10,,الألوان,Jaune,,1,المقاس,"Xl 42/44",,1,,,,,,,,,,,,,,,,,,,,,,,,,,,,,,,,,,,,,,,,,,yes,yes,,,,product,,,,,,,,,,,,,,,,,,1776175216,,,,,upload,,
58856,variation,,,"Robe Lolita<span> - </span>Vert, L 40/42",1,0,visible,,,,,taxable,parent,0,0,,0,0,,,,,0,,3400,6800,,,,https://boutique-she.com/wp-content/uploads/2026/03/IMG_5776-scaled.jpeg,,,id:58843,,,,,,9,,,,,10,,الألوان,Vert,,1,المقاس,"L 40/42",,1,,,,,,,,,,,,,,,,,,,,,,,,,,,,,,,,,,,,,,,,,,yes,yes,,,,product,,,,,,,,,,,,,,,,,,1776175216,,,,,upload,,
58857,variation,,,"Robe Lolita<span> - </span>Vert, M 38/40",1,0,visible,,,,,taxable,parent,0,0,,0,0,,,,,0,,3400,6800,,,,https://boutique-she.com/wp-content/uploads/2026/03/IMG_5776-scaled.jpeg,,,id:58843,,,,,,10,,,,,10,,الألوان,Vert,,1,المقاس,"M 38/40",,1,,,,,,,,,,,,,,,,,,,,,,,,,,,,,,,,,,,,,,,,,,yes,yes,,,,product,,,,,,,,,,,,,,,,,,1776175217,,,,,upload,,
58858,variation,,,"Robe Lolita<span> - </span>Vert, S (36-38)",1,0,visible,,,,,taxable,parent,0,0,,0,0,,,,,0,,3400,6800,,,,https://boutique-she.com/wp-content/uploads/2026/03/IMG_5776-scaled.jpeg,,,id:58843,,,,,,11,,,,,10,,الألوان,Vert,,1,المقاس,"S (36-38)",,1,,,,,,,,,,,,,,,,,,,,,,,,,,,,,,,,,,,,,,,,,,yes,yes,,,,product,,,,,,,,,,,,,,,,,,1776175217,,,,,upload,,
58859,variation,,,"Robe Lolita<span> - </span>Vert, Xl 42/44",1,0,visible,,,,,taxable,parent,0,0,,0,0,,,,,0,,3400,6800,,,,https://boutique-she.com/wp-content/uploads/2026/03/IMG_5776-scaled.jpeg,,,id:58843,,,,,,12,,,,,10,,الألوان,Vert,,1,المقاس,"Xl 42/44",,1,,,,,,,,,,,,,,,,,,,,,,,,,,,,,,,,,,,,,,,,,,yes,yes,,,,product,,,,,,,,,,,,,,,,,,1776175217,,,,,upload,,
58860,variation,,,"Robe Lolita<span> - </span>crème, L 40/42",1,0,visible,,,,,taxable,parent,0,0,,0,0,,,,,0,,3400,6800,,,,https://boutique-she.com/wp-content/uploads/2026/03/IMG_5789-scaled.jpeg,,,id:58843,,,,,,13,,,,,10,,الألوان,crème,,1,المقاس,"L 40/42",,1,,,,,,,,,,,,,,,,,,,,,,,,,,,,,,,,,,,,,,,,,,yes,yes,,,,product,,,,,,,,,,,,,,,,,,1776603701,,,,,upload,,
58861,variation,,,"Robe Lolita<span> - </span>crème, M 38/40",1,0,visible,,,,,taxable,parent,0,0,,0,0,,,,,0,,3400,6800,,,,https://boutique-she.com/wp-content/uploads/2026/03/IMG_5789-scaled.jpeg,,,id:58843,,,,,,14,,,,,10,,الألوان,crème,,1,المقاس,"M 38/40",,1,,,,,,,,,,,,,,,,,,,,,,,,,,,,,,,,,,,,,,,,,,yes,yes,,,,product,,,,,,,,,,,,,,,,,,1776603702,,,,,upload,,
58862,variation,,,"Robe Lolita<span> - </span>crème, S (36-38)",1,0,visible,,,,,taxable,parent,0,0,,0,0,,,,,0,,3400,6800,,,,https://boutique-she.com/wp-content/uploads/2026/03/IMG_5789-scaled.jpeg,,,id:58843,,,,,,15,,,,,10,,الألوان,crème,,1,المقاس,"S (36-38)",,1,,,,,,,,,,,,,,,,,,,,,,,,,,,,,,,,,,,,,,,,,,yes,yes,,,,product,,,,,,,,,,,,,,,,,,1776175218,,,,,upload,,
58863,variation,,,"Robe Lolita<span> - </span>crème, Xl 42/44",1,0,visible,,,,,taxable,parent,0,0,,0,0,,,,,0,,3400,6800,,,,https://boutique-she.com/wp-content/uploads/2026/03/IMG_5789-scaled.jpeg,,,id:58843,,,,,,16,,,,,10,,الألوان,crème,,1,المقاس,"Xl 42/44",,1,,,,,,,,,,,,,,,,,,,,,,,,,,,,,,,,,,,,,,,,,,yes,yes,,,,product,,,,,,,,,,,,,,,,,,1776175127,,,,,upload,,
58890,variable,,,"Robe Angela",1,0,visible,,,,,taxable,,0,,,0,0,,,,,0,,,,"Robe Hidjab",,,"https://boutique-she.com/wp-content/uploads/2026/03/IMG_5884-scaled.jpeg, https://boutique-she.com/wp-content/uploads/2026/03/IMG_5884-scaled.jpeg, https://boutique-she.com/wp-content/uploads/2026/03/IMG_5893-scaled.jpeg, https://boutique-she.com/wp-content/uploads/2026/03/IMG_5897-scaled.jpeg",,,,,,,,,0,,,,0,10,,الألوان,"Marron nègre, rose clair, Vert clair",1,1,المقاس,"L 40/42, M 38/40, S (36-38), Xl 42/44",1,1,none,,no,,,none,default,default,none,,,,,,,,inherit,inherit,,after,inherit,,,,text,,,,text,,,,,,,,,,,,,yes,yes,,,,product,,,,,text,,,,,text,,,,,text,,,1776692518,4,,,,,,
58891,variation,,,"Robe Angela<span> - </span>Marron nègre, L 40/42",1,0,visible,,,,,taxable,parent,0,0,,0,0,,,,,0,,3400,6800,,,,https://boutique-she.com/wp-content/uploads/2026/03/IMG_5897-scaled.jpeg,,,id:58890,,,,,,1,,,,,10,,الألوان,"Marron nègre",,1,المقاس,"L 40/42",,1,,,,,,,,,,,,,,,,,,,,,,,,,,,,,,,,,,,,,,,,,,yes,yes,,,,product,,,,,,,,,,,,,,,,,,1776175294,,,,,upload,,
58892,variation,,,"Robe Angela<span> - </span>Marron nègre, M 38/40",1,0,visible,,,,,taxable,parent,0,0,,0,0,,,,,0,,3400,6800,,,,https://boutique-she.com/wp-content/uploads/2026/03/IMG_5897-scaled.jpeg,,,id:58890,,,,,,2,,,,,10,,الألوان,"Marron nègre",,1,المقاس,"M 38/40",,1,,,,,,,,,,,,,,,,,,,,,,,,,,,,,,,,,,,,,,,,,,yes,yes,,,,product,,,,,,,,,,,,,,,,,,1776175295,,,,,upload,,
58893,variation,,,"Robe Angela<span> - </span>Marron nègre, S (36-38)",1,0,visible,,,,,taxable,parent,0,0,,0,0,,,,,0,,3400,6800,,,,https://boutique-she.com/wp-content/uploads/2026/03/IMG_5897-scaled.jpeg,,,id:58890,,,,,,3,,,,,10,,الألوان,"Marron nègre",,1,المقاس,"S (36-38)",,1,,,,,,,,,,,,,,,,,,,,,,,,,,,,,,,,,,,,,,,,,,yes,yes,,,,product,,,,,,,,,,,,,,,,,,1776175442,,,,,upload,,
58894,variation,,,"Robe Angela<span> - </span>Marron nègre, Xl 42/44",1,0,visible,,,,,taxable,parent,0,0,,0,0,,,,,0,,3400,6800,,,,https://boutique-she.com/wp-content/uploads/2026/03/IMG_5897-scaled.jpeg,,,id:58890,,,,,,4,,,,,10,,الألوان,"Marron nègre",,1,المقاس,"Xl 42/44",,1,,,,,,,,,,,,,,,,,,,,,,,,,,,,,,,,,,,,,,,,,,yes,yes,,,,product,,,,,,,,,,,,,,,,,,1776175294,,,,,upload,,
58895,variation,,,"Robe Angela<span> - </span>Vert clair, L 40/42",1,0,visible,,,,,taxable,parent,0,0,,0,0,,,,,0,,3400,6800,,,,https://boutique-she.com/wp-content/uploads/2026/03/IMG_5884-scaled.jpeg,,,id:58890,,,,,,7,,,,,10,,الألوان,"Vert clair",,1,المقاس,"L 40/42",,1,,,,,,,,,,,,,,,,,,,,,,,,,,,,,,,,,,,,,,,,,,yes,yes,,,,product,,,,,,,,,,,,,,,,,,1776692459,,,,,upload,,
58896,variation,,,"Robe Angela<span> - </span>Vert clair, M 38/40",1,0,visible,,,,,taxable,parent,0,0,,0,0,,,,,0,,3400,6800,,,,https://boutique-she.com/wp-content/uploads/2026/03/IMG_5884-scaled.jpeg,,,id:58890,,,,,,6,,,,,10,,الألوان,"Vert clair",,1,المقاس,"M 38/40",,1,,,,,,,,,,,,,,,,,,,,,,,,,,,,,,,,,,,,,,,,,,yes,yes,,,,product,,,,,,,,,,,,,,,,,,1776692517,,,,,upload,,
58897,variation,,,"Robe Angela<span> - </span>Vert clair, S (36-38)",1,0,visible,,,,,taxable,parent,0,0,,0,0,,,,,0,,3400,6800,,,,https://boutique-she.com/wp-content/uploads/2026/03/IMG_5884-scaled.jpeg,,,id:58890,,,,,,5,,,,,10,,الألوان,"Vert clair",,1,المقاس,"S (36-38)",,1,,,,,,,,,,,,,,,,,,,,,,,,,,,,,,,,,,,,,,,,,,yes,yes,,,,product,,,,,,,,,,,,,,,,,,1776692458,,,,,upload,,
58898,variation,,,"Robe Angela<span> - </span>Vert clair, Xl 42/44",1,0,visible,,,,,taxable,parent,0,0,,0,0,,,,,0,,3400,6800,,,,https://boutique-she.com/wp-content/uploads/2026/03/IMG_5884-scaled.jpeg,,,id:58890,,,,,,8,,,,,10,,الألوان,"Vert clair",,1,المقاس,"Xl 42/44",,1,,,,,,,,,,,,,,,,,,,,,,,,,,,,,,,,,,,,,,,,,,yes,yes,,,,product,,,,,,,,,,,,,,,,,,1776692459,,,,,upload,,
58899,variation,,,"Robe Angela<span> - </span>rose clair, L 40/42",1,0,visible,,,,,taxable,parent,0,0,,0,0,,,,,0,,3400,6800,,,,https://boutique-she.com/wp-content/uploads/2026/03/IMG_5893-scaled.jpeg,,,id:58890,,,,,,11,,,,,10,,الألوان,"rose clair",,1,المقاس,"L 40/42",,1,,,,,,,,,,,,,,,,,,,,,,,,,,,,,,,,,,,,,,,,,,yes,yes,,,,product,,,,,,,,,,,,,,,,,,1776692459,,,,,upload,,
58900,variation,,,"Robe Angela<span> - </span>rose clair, M 38/40",1,0,visible,,,,,taxable,parent,0,0,,0,0,,,,,0,,3400,6800,,,,https://boutique-she.com/wp-content/uploads/2026/03/IMG_5893-scaled.jpeg,,,id:58890,,,,,,10,,,,,10,,الألوان,"rose clair",,1,المقاس,"M 38/40",,1,,,,,,,,,,,,,,,,,,,,,,,,,,,,,,,,,,,,,,,,,,yes,yes,,,,product,,,,,,,,,,,,,,,,,,1776692459,,,,,upload,,
58901,variation,,,"Robe Angela<span> - </span>rose clair, S (36-38)",1,0,visible,,,,,taxable,parent,0,0,,0,0,,,,,0,,3400,6800,,,,https://boutique-she.com/wp-content/uploads/2026/03/IMG_5893-scaled.jpeg,,,id:58890,,,,,,9,,,,,10,,الألوان,"rose clair",,1,المقاس,"S (36-38)",,1,,,,,,,,,,,,,,,,,,,,,,,,,,,,,,,,,,,,,,,,,,yes,yes,,,,product,,,,,,,,,,,,,,,,,,1776692459,,,,,upload,,
58902,variation,,,"Robe Angela<span> - </span>rose clair, Xl 42/44",1,0,visible,,,,,taxable,parent,0,0,,0,0,,,,,0,,3400,6800,,,,https://boutique-she.com/wp-content/uploads/2026/03/IMG_5893-scaled.jpeg,,,id:58890,,,,,,12,,,,,10,,الألوان,"rose clair",,1,المقاس,"Xl 42/44",,1,,,,,,,,,,,,,,,,,,,,,,,,,,,,,,,,,,,,,,,,,,yes,yes,,,,product,,,,,,,,,,,,,,,,,,1776179127,,,,,upload,,
58907,variable,,,"Ensemble Sateen",1,0,visible,,,,,taxable,,0,,,0,0,,,,,0,,,,Ensemble,,,"https://boutique-she.com/wp-content/uploads/2026/03/IMG_6126-scaled.jpeg, https://boutique-she.com/wp-content/uploads/2026/03/IMG_6338.jpeg, https://boutique-she.com/wp-content/uploads/2026/03/IMG_6337.jpeg, https://boutique-she.com/wp-content/uploads/2026/03/IMG_6126-scaled.jpeg, https://boutique-she.com/wp-content/uploads/2026/03/IMG_6130-scaled.jpeg, https://boutique-she.com/wp-content/uploads/2026/03/IMG_6117-scaled.jpeg",,,,,,,,,0,,,,0,10,,الألوان,"1, 2, 3, 4, 5, 6, 7, À fleurs, Angel, Aubergine, Beige, Beige /noir, Beige clair, Beige foncé, Beige nude, Beige rosé, Beige top, blanc, Blanc cassé, Blanc sale, bleu, bleu ciel, Bleu ciel 2, bleu clair, bleu gris, bleu jean, Bleu jean clair, Bleu jean foncé, Bleu marine, Bleu nuit, Bleu nuit /bleu ciel, Bleu roi, bleu stylo, Bleu vert, bois de rose, Bordeaux, Brique, Butterfly, Camel, caramel, Cassis, Cerise, Chocolat, Corail, crème, Denim beige, Denim noir, Fleur de coton, Fleur de la passion, Fleur exotique, fushia, Fushia/orange, grena, Gris, Gris claire, gris souris, Gris top ( mélange beige gris), Jaune, Jaune A, Kaki, Kenzo flower, Lavande, Lilas, Linge propre, Magenta, Marron, Marron chocolat, Marron claire, Marron Foncé, Marron nègre, Mauve, Miel, Moutarde, Noir, Noir/ beige, Noir/ blanc, Noir/ caramel, Orange, Orange brique, Pêche, Pistache, Pistache 1, Pistache N1, Pistache N2, pistache/blanc, pistache/rose, Rose, rose bebe, Rose cerise, rose clair, Rose foncé, Rose fushia, Rose nude, Rose pale, Rose poudré, Rouge, Saumon, Taupe, Turquoise, Turquoise claire, Turquoise foncé, Vert, Vert bleuté, Vert clair, Vert d'eau, Vert drapeau, vert eau, vert emeraude, Vert foncé, vert gazon, Vert kaki, Vert kaki/noir, vert militaire, Vert pistache, Vert plume, Vert sapin, Victoria, violet, Violet 1, Violet 2, Violet 3, Violet Lilas, Violetta, Yara, اميرة العرب",1,1,المقاس,"L (40-42-44), M (38-40-42), S ( 36-38-40)",1,1,none,,no,,,none,default,default,none,,,,,,,,inherit,inherit,,after,inherit,,,,text,,,,text,,,,,,,,,,,,,yes,yes,,,,product,,,,,text,,,,,text,,,,,text,,,1778490057,,,,,,,
58914,variation,,,"Ensemble Sateen<span> - </span>Jaune, L (40-42-44)",1,0,visible,,,,,taxable,parent,0,0,,0,0,,,,,0,,4250,8500,,,,https://boutique-she.com/wp-content/uploads/2026/03/IMG_6338.jpeg,,,id:58907,,,,,,1,,,,,10,,الألوان,Jaune,,1,المقاس,"L (40-42-44)",,1,,,,,,,,,,,,,,,,,,,,,,,,,,,,,,,,,,,,,,,,,,yes,yes,,,,product,,,,,,,,,,,,,,,,,,1776864068,,,,,upload,,
58915,variation,,,"Ensemble Sateen<span> - </span>Jaune, M (38-40-42)",1,0,visible,,,,,taxable,parent,0,0,,0,0,,,,,0,,4250,8500,,,,https://boutique-she.com/wp-content/uploads/2026/03/IMG_6338.jpeg,,,id:58907,,,,,,2,,,,,10,,الألوان,Jaune,,1,المقاس,"M (38-40-42)",,1,,,,,,,,,,,,,,,,,,,,,,,,,,,,,,,,,,,,,,,,,,yes,yes,,,,product,,,,,,,,,,,,,,,,,,1778266779,,,,,upload,,
58916,variation,,,"Ensemble Sateen<span> - </span>Jaune, S ( 36-38-40)",1,0,visible,,,,,taxable,parent,0,0,,0,0,,,,,0,,4250,8500,,,,https://boutique-she.com/wp-content/uploads/2026/03/IMG_6338.jpeg,,,id:58907,,,,,,3,,,,,10,,الألوان,Jaune,,1,المقاس,"S ( 36-38-40)",,1,,,,,,,,,,,,,,,,,,,,,,,,,,,,,,,,,,,,,,,,,,yes,yes,,,,product,,,,,,,,,,,,,,,,,,1778490054,,,,,upload,,
58917,variation,,,"Ensemble Sateen<span> - </span>Noir, L (40-42-44)",1,0,visible,,,,,taxable,parent,0,0,,0,0,,,,,0,,4250,8500,,,,https://boutique-she.com/wp-content/uploads/2026/03/IMG_6337.jpeg,,,id:58907,,,,,,4,,,,,10,,الألوان,Noir,,1,المقاس,"L (40-42-44)",,1,,,,,,,,,,,,,,,,,,,,,,,,,,,,,,,,,,,,,,,,,,yes,yes,,,,product,,,,,,,,,,,,,,,,,,1776174738,,,,,upload,,
58918,variation,,,"Ensemble Sateen<span> - </span>Noir, M (38-40-42)",1,0,visible,,,,,taxable,parent,0,0,,0,0,,,,,0,,4250,8500,,,,https://boutique-she.com/wp-content/uploads/2026/03/IMG_6337.jpeg,,,id:58907,,,,,,5,,,,,10,,الألوان,Noir,,1,المقاس,"M (38-40-42)",,1,,,,,,,,,,,,,,,,,,,,,,,,,,,,,,,,,,,,,,,,,,yes,yes,,,,product,,,,,,,,,,,,,,,,,,1776174739,,,,,upload,,
58919,variation,,,"Ensemble Sateen<span> - </span>Noir, S ( 36-38-40)",1,0,visible,,,,,taxable,parent,0,0,,0,0,,,,,0,,4250,8500,,,,https://boutique-she.com/wp-content/uploads/2026/03/IMG_6337.jpeg,,,id:58907,,,,,,6,,,,,10,,الألوان,Noir,,1,المقاس,"S ( 36-38-40)",,1,,,,,,,,,,,,,,,,,,,,,,,,,,,,,,,,,,,,,,,,,,yes,yes,,,,product,,,,,,,,,,,,,,,,,,1776603550,,,,,upload,,
58920,variation,,,"Ensemble Sateen<span> - </span>Vert, L (40-42-44)",1,0,visible,,,,,taxable,parent,0,0,,0,0,,,,,0,,4250,8500,,,,https://boutique-she.com/wp-content/uploads/2026/03/IMG_6130-scaled.jpeg,,,id:58907,,,,,,8,,,,,10,,الألوان,Vert,,1,المقاس,"L (40-42-44)",,1,,,,,,,,,,,,,,,,,,,,,,,,,,,,,,,,,,,,,,,,,,yes,yes,,,,product,,,,,,,,,,,,,,,,,,1776174738,,,,,upload,,
58921,variation,,,"Ensemble Sateen<span> - </span>Vert, M (38-40-42)",1,0,visible,,,,,taxable,parent,0,0,,0,0,,,,,0,,4250,8500,,,,https://boutique-she.com/wp-content/uploads/2026/03/IMG_6130-scaled.jpeg,,,id:58907,,,,,,9,,,,,10,,الألوان,Vert,,1,المقاس,"M (38-40-42)",,1,,,,,,,,,,,,,,,,,,,,,,,,,,,,,,,,,,,,,,,,,,yes,yes,,,,product,,,,,,,,,,,,,,,,,,1776603550,,,,,upload,,
58922,variation,,,"Ensemble Sateen<span> - </span>Vert, S ( 36-38-40)",1,0,visible,,,,,taxable,parent,0,0,,0,0,,,,,0,,4250,8500,,,,https://boutique-she.com/wp-content/uploads/2026/03/IMG_6130-scaled.jpeg,,,id:58907,,,,,,10,,,,,10,,الألوان,Vert,,1,المقاس,"S ( 36-38-40)",,1,,,,,,,,,,,,,,,,,,,,,,,,,,,,,,,,,,,,,,,,,,yes,yes,,,,product,,,,,,,,,,,,,,,,,,1776174738,,,,,upload,,
58923,variation,,,"Ensemble Sateen<span> - </span>Cerise, L (40-42-44)",1,0,visible,,,,,taxable,parent,0,0,,0,0,,,,,0,,4250,8500,,,,https://boutique-she.com/wp-content/uploads/2026/03/IMG_6126-scaled.jpeg,,,id:58907,,,,,,11,,,,,10,,الألوان,Cerise,,1,المقاس,"L (40-42-44)",,1,,,,,,,,,,,,,,,,,,,,,,,,,,,,,,,,,,,,,,,,,,yes,yes,,,,product,,,,,,,,,,,,,,,,,,1776174738,,,,,upload,,
58924,variation,,,"Ensemble Sateen<span> - </span>Cerise, M (38-40-42)",1,0,visible,,,,,taxable,parent,0,0,,0,0,,,,,0,,4250,8500,,,,https://boutique-she.com/wp-content/uploads/2026/03/IMG_6126-scaled.jpeg,,,id:58907,,,,,,7,,,,,10,,الألوان,Cerise,,1,المقاس,"M (38-40-42)",,1,,,,,,,,,,,,,,,,,,,,,,,,,,,,,,,,,,,,,,,,,,yes,yes,,,,product,,,,,,,,,,,,,,,,,,1776175018,,,,,upload,,
58925,variation,,,"Ensemble Sateen<span> - </span>Cerise, S ( 36-38-40)",1,0,visible,,,,,taxable,parent,0,0,,0,0,,,,,0,,4250,8500,,,,https://boutique-she.com/wp-content/uploads/2026/03/IMG_6126-scaled.jpeg,,,id:58907,,,,,,12,,,,,10,,الألوان,Cerise,,1,المقاس,"S ( 36-38-40)",,1,,,,,,,,,,,,,,,,,,,,,,,,,,,,,,,,,,,,,,,,,,yes,yes,,,,product,,,,,,,,,,,,,,,,,,1776603551,,,,,upload,,
58926,variation,,,"Ensemble Sateen<span> - </span>Taupe, L (40-42-44)",1,0,visible,,,,,taxable,parent,0,0,,0,0,,,,,0,,4250,8500,,,,https://boutique-she.com/wp-content/uploads/2026/03/IMG_6117-scaled.jpeg,,,id:58907,,,,,,14,,,,,10,,الألوان,Taupe,,1,المقاس,"L (40-42-44)",,1,,,,,,,,,,,,,,,,,,,,,,,,,,,,,,,,,,,,,,,,,,yes,yes,,,,product,,,,,,,,,,,,,,,,,,1776174738,,,,,upload,,
58927,variation,,,"Ensemble Sateen<span> - </span>Taupe, M (38-40-42)",1,0,visible,,,,,taxable,parent,0,0,,0,0,,,,,0,,4250,8500,,,,https://boutique-she.com/wp-content/uploads/2026/03/IMG_6117-scaled.jpeg,,,id:58907,,,,,,15,,,,,10,,الألوان,Taupe,,1,المقاس,"M (38-40-42)",,1,,,,,,,,,,,,,,,,,,,,,,,,,,,,,,,,,,,,,,,,,,yes,yes,,,,product,,,,,,,,,,,,,,,,,,1776174738,,,,,upload,,
58928,variation,,,"Ensemble Sateen<span> - </span>Taupe, S ( 36-38-40)",1,0,visible,,,,,taxable,parent,0,0,,0,0,,,,,0,,4250,8500,,,,https://boutique-she.com/wp-content/uploads/2026/03/IMG_6117-scaled.jpeg,,,id:58907,,,,,,13,,,,,10,,الألوان,Taupe,,1,المقاس,"S ( 36-38-40)",,1,,,,,,,,,,,,,,,,,,,,,,,,,,,,,,,,,,,,,,,,,,yes,yes,,,,product,,,,,,,,,,,,,,,,,,1776603629,,,,,upload,,
58954,variable,,,"Ensemble jupe Sylva",1,0,visible,,,,,taxable,,0,,,0,0,,,,,0,,,,Ensemble,,,"https://boutique-she.com/wp-content/uploads/2026/03/IMG_5973-scaled.jpeg, https://boutique-she.com/wp-content/uploads/2026/03/IMG_5977-scaled.jpeg, https://boutique-she.com/wp-content/uploads/2026/03/IMG_5982-scaled.jpeg, https://boutique-she.com/wp-content/uploads/2026/03/IMG_5973-scaled.jpeg",,,,,,,,,0,,,,0,10,,الألوان,"Rose, Taupe, Vert",1,1,المقاس,"L (40-42-44), M (38-40-42), S ( 36-38-40)",1,1,none,,no,,,none,default,default,none,,,,,,,,inherit,inherit,,after,inherit,,,,text,,,,text,,,,,,,,,,,,,yes,yes,,,,,,,,,text,,,,,text,,,,,text,,,1776692298,2,,,,,,
58955,variation,,,"Ensemble jupe Sylva<span> - </span>Rose, L (40-42-44)",1,0,visible,,,,,taxable,parent,0,0,,0,0,,,,,0,,3950,7900,,,,https://boutique-she.com/wp-content/uploads/2026/03/IMG_5977-scaled.jpeg,,,id:58954,,,,,,1,,,,,10,,الألوان,Rose,,1,المقاس,"L (40-42-44)",,1,,,,,,,,,,,,,,,,,,,,,,,,,,,,,,,,,,,,,,,,,,yes,yes,,,,product,,,,,,,,,,,,,,,,,,1776603449,,,,,upload,,
58956,variation,,,"Ensemble jupe Sylva<span> - </span>Rose, M (38-40-42)",1,0,visible,,,,,taxable,parent,0,0,,0,0,,,,,0,,3950,7900,,,,https://boutique-she.com/wp-content/uploads/2026/03/IMG_5977-scaled.jpeg,,,id:58954,,,,,,2,,,,,10,,الألوان,Rose,,1,المقاس,"M (38-40-42)",,1,,,,,,,,,,,,,,,,,,,,,,,,,,,,,,,,,,,,,,,,,,yes,yes,,,,product,,,,,,,,,,,,,,,,,,1776173988,,,,,upload,,
58957,variation,,,"Ensemble jupe Sylva<span> - </span>Rose, S ( 36-38-40)",1,0,visible,,,,,taxable,parent,0,0,,0,0,,,,,0,,3950,7900,,,,https://boutique-she.com/wp-content/uploads/2026/03/IMG_5977-scaled.jpeg,,,id:58954,,,,,,4,,,,,10,,الألوان,Rose,,1,المقاس,"S ( 36-38-40)",,1,,,,,,,,,,,,,,,,,,,,,,,,,,,,,,,,,,,,,,,,,,yes,yes,,,,product,,,,,,,,,,,,,,,,,,1776692297,,,,,upload,,
58958,variation,,,"Ensemble jupe Sylva<span> - </span>Vert, L (40-42-44)",1,0,visible,,,,,taxable,parent,0,0,,0,0,,,,,0,,3950,7900,,,,https://boutique-she.com/wp-content/uploads/2026/03/IMG_5982-scaled.jpeg,,,id:58954,,,,,,5,,,,,10,,الألوان,Vert,,1,المقاس,"L (40-42-44)",,1,,,,,,,,,,,,,,,,,,,,,,,,,,,,,,,,,,,,,,,,,,yes,yes,,,,product,,,,,,,,,,,,,,,,,,1776173989,,,,,upload,,
58959,variation,,,"Ensemble jupe Sylva<span> - </span>Vert, M (38-40-42)",1,0,visible,,,,,taxable,parent,0,0,,0,0,,,,,0,,3950,7900,,,,https://boutique-she.com/wp-content/uploads/2026/03/IMG_5982-scaled.jpeg,,,id:58954,,,,,,6,,,,,10,,الألوان,Vert,,1,المقاس,"M (38-40-42)",,1,,,,,,,,,,,,,,,,,,,,,,,,,,,,,,,,,,,,,,,,,,yes,yes,,,,product,,,,,,,,,,,,,,,,,,1776173989,,,,,upload,,
58960,variation,,,"Ensemble jupe Sylva<span> - </span>Vert, S ( 36-38-40)",1,0,visible,,,,,taxable,parent,0,0,,0,0,,,,,0,,3950,7900,,,,https://boutique-she.com/wp-content/uploads/2026/03/IMG_5982-scaled.jpeg,,,id:58954,,,,,,7,,,,,10,,الألوان,Vert,,1,المقاس,"S ( 36-38-40)",,1,,,,,,,,,,,,,,,,,,,,,,,,,,,,,,,,,,,,,,,,,,yes,yes,,,,product,,,,,,,,,,,,,,,,,,1776173989,,,,,upload,,
58961,variation,,,"Ensemble jupe Sylva<span> - </span>Taupe, L (40-42-44)",1,0,visible,,,,,taxable,parent,0,0,,0,0,,,,,0,,3950,7900,,,,https://boutique-she.com/wp-content/uploads/2026/03/IMG_5973-scaled.jpeg,,,id:58954,,,,,,8,,,,,10,,الألوان,Taupe,,1,المقاس,"L (40-42-44)",,1,,,,,,,,,,,,,,,,,,,,,,,,,,,,,,,,,,,,,,,,,,yes,yes,,,,product,,,,,,,,,,,,,,,,,,1776173989,,,,,upload,,
58962,variation,,,"Ensemble jupe Sylva<span> - </span>Taupe, M (38-40-42)",1,0,visible,,,,,taxable,parent,0,0,,0,0,,,,,0,,3950,7900,,,,https://boutique-she.com/wp-content/uploads/2026/03/IMG_5973-scaled.jpeg,,,id:58954,,,,,,3,,,,,10,,الألوان,Taupe,,1,المقاس,"M (38-40-42)",,1,,,,,,,,,,,,,,,,,,,,,,,,,,,,,,,,,,,,,,,,,,yes,yes,,,,product,,,,,,,,,,,,,,,,,,1776603457,,,,,upload,,
58963,variation,,,"Ensemble jupe Sylva<span> - </span>Taupe, S ( 36-38-40)",1,0,visible,,,,,taxable,parent,0,0,,0,0,,,,,0,,3950,7900,,,,https://boutique-she.com/wp-content/uploads/2026/03/IMG_5973-scaled.jpeg,,,id:58954,,,,,,9,,,,,10,,الألوان,Taupe,,1,المقاس,"S ( 36-38-40)",,1,,,,,,,,,,,,,,,,,,,,,,,,,,,,,,,,,,,,,,,,,,yes,yes,,,,product,,,,,,,,,,,,,,,,,,1776173989,,,,,upload,,
58993,variable,,,"Ensemble Luna",1,0,visible,,,,,taxable,,0,,,0,0,,,,,0,,,,Ensemble,,,"https://boutique-she.com/wp-content/uploads/2026/03/IMG_6144-scaled.jpeg, https://boutique-she.com/wp-content/uploads/2026/03/IMG_6144-scaled.jpeg, https://boutique-she.com/wp-content/uploads/2026/03/IMG_6141-scaled.jpeg, https://boutique-she.com/wp-content/uploads/2026/03/IMG_6137-scaled.jpeg",,,,,,,,,0,,,,0,10,,الألوان,"Beige, Marron, Vert",1,1,المقاس,"L (40-42-44), M (38-40-42), S ( 36-38-40)",1,1,none,,no,,,none,default,default,none,,,,,,,,inherit,inherit,,after,inherit,,,,text,,,,text,,,,,,,,,,,,,yes,yes,,,,product,,,,,text,,,,,text,,,,,text,,,1776603383,9,,,,,,
58997,variation,,,"Ensemble Luna<span> - </span>Beige, L (40-42-44)",1,0,visible,,,,,taxable,parent,0,0,,0,0,,,,,0,,4250,8500,,,,https://boutique-she.com/wp-content/uploads/2026/03/IMG_6141-scaled.jpeg,,,id:58993,,,,,,1,,,,,10,,الألوان,Beige,,1,المقاس,"L (40-42-44)",,1,,,,,,,,,,,,,,,,,,,,,,,,,,,,,,,,,,,,,,,,,,yes,yes,,,,product,,,,,,,,,,,,,,,,,,1776173463,,,,,upload,,
58998,variation,,,"Ensemble Luna<span> - </span>Beige, M (38-40-42)",1,0,visible,,,,,taxable,parent,0,0,,0,0,,,,,0,,4250,8500,,,,https://boutique-she.com/wp-content/uploads/2026/03/IMG_6141-scaled.jpeg,,,id:58993,,,,,,2,,,,,10,,الألوان,Beige,,1,المقاس,"M (38-40-42)",,1,,,,,,,,,,,,,,,,,,,,,,,,,,,,,,,,,,,,,,,,,,yes,yes,,,,product,,,,,,,,,,,,,,,,,,1776603381,,,,,upload,,
58999,variation,,,"Ensemble Luna<span> - </span>Beige, S ( 36-38-40)",1,0,visible,,,,,taxable,parent,0,0,,0,0,,,,,0,,4250,8500,,,,https://boutique-she.com/wp-content/uploads/2026/03/IMG_6141-scaled.jpeg,,,id:58993,,,,,,3,,,,,10,,الألوان,Beige,,1,المقاس,"S ( 36-38-40)",,1,,,,,,,,,,,,,,,,,,,,,,,,,,,,,,,,,,,,,,,,,,yes,yes,,,,product,,,,,,,,,,,,,,,,,,1776603382,,,,,upload,,
59000,variation,,,"Ensemble Luna<span> - </span>Marron, L (40-42-44)",1,0,visible,,,,,taxable,parent,0,0,,0,0,,,,,0,,4250,8500,,,,https://boutique-she.com/wp-content/uploads/2026/03/IMG_6144-scaled.jpeg,,,id:58993,,,,,,4,,,,,10,,الألوان,Marron,,1,المقاس,"L (40-42-44)",,1,,,,,,,,,,,,,,,,,,,,,,,,,,,,,,,,,,,,,,,,,,yes,yes,,,,product,,,,,,,,,,,,,,,,,,1776603382,,,,,upload,,
59001,variation,,,"Ensemble Luna<span> - </span>Marron, M (38-40-42)",1,0,visible,,,,,taxable,parent,0,0,,0,0,,,,,0,,4250,8500,,,,https://boutique-she.com/wp-content/uploads/2026/03/IMG_6144-scaled.jpeg,,,id:58993,,,,,,5,,,,,10,,الألوان,Marron,,1,المقاس,"M (38-40-42)",,1,,,,,,,,,,,,,,,,,,,,,,,,,,,,,,,,,,,,,,,,,,yes,yes,,,,product,,,,,,,,,,,,,,,,,,1776603382,,,,,upload,,
59002,variation,,,"Ensemble Luna<span> - </span>Marron, S ( 36-38-40)",1,0,visible,,,,,taxable,parent,0,0,,0,0,,,,,0,,4250,8500,,,,https://boutique-she.com/wp-content/uploads/2026/03/IMG_6144-scaled.jpeg,,,id:58993,,,,,,6,,,,,10,,الألوان,Marron,,1,المقاس,"S ( 36-38-40)",,1,,,,,,,,,,,,,,,,,,,,,,,,,,,,,,,,,,,,,,,,,,yes,yes,,,,product,,,,,,,,,,,,,,,,,,1776173464,,,,,upload,,
59003,variation,,,"Ensemble Luna<span> - </span>Vert, L (40-42-44)",1,0,visible,,,,,taxable,parent,0,0,,0,0,,,,,0,,4250,8500,,,,https://boutique-she.com/wp-content/uploads/2026/03/IMG_6137-scaled.jpeg,,,id:58993,,,,,,7,,,,,10,,الألوان,Vert,,1,المقاس,"L (40-42-44)",,1,,,,,,,,,,,,,,,,,,,,,,,,,,,,,,,,,,,,,,,,,,yes,yes,,,,product,,,,,,,,,,,,,,,,,,1776173464,,,,,upload,,
59004,variation,,,"Ensemble Luna<span> - </span>Vert, M (38-40-42)",1,0,visible,,,,,taxable,parent,0,0,,0,0,,,,,0,,4250,8500,,,,https://boutique-she.com/wp-content/uploads/2026/03/IMG_6137-scaled.jpeg,,,id:58993,,,,,,8,,,,,10,,الألوان,Vert,,1,المقاس,"M (38-40-42)",,1,,,,,,,,,,,,,,,,,,,,,,,,,,,,,,,,,,,,,,,,,,yes,yes,,,,product,,,,,,,,,,,,,,,,,,1776173464,,,,,upload,,
59005,variation,,,"Ensemble Luna<span> - </span>Vert, S ( 36-38-40)",1,0,visible,,,,,taxable,parent,0,0,,0,0,,,,,0,,4250,8500,,,,https://boutique-she.com/wp-content/uploads/2026/03/IMG_6137-scaled.jpeg,,,id:58993,,,,,,9,,,,,10,,الألوان,Vert,,1,المقاس,"S ( 36-38-40)",,1,,,,,,,,,,,,,,,,,,,,,,,,,,,,,,,,,,,,,,,,,,yes,yes,,,,product,,,,,,,,,,,,,,,,,,1776603382,,,,,upload,,
59009,variable,,,"Robe Teresa",1,0,visible,,,,,taxable,,0,,,0,0,,,,,0,,,,"Robe Hidjab",,,"https://boutique-she.com/wp-content/uploads/2026/03/IMG_5614.jpeg, https://boutique-she.com/wp-content/uploads/2026/03/IMG_5629.jpeg, https://boutique-she.com/wp-content/uploads/2026/03/IMG_5628-scaled.jpeg, https://boutique-she.com/wp-content/uploads/2026/03/IMG_5614.jpeg, https://boutique-she.com/wp-content/uploads/2026/03/IMG_5613-scaled.jpeg, https://boutique-she.com/wp-content/uploads/2026/03/IMG_5624.jpeg, https://boutique-she.com/wp-content/uploads/2026/03/IMG_5623-scaled.jpeg",,,,,,,,,0,,,,0,10,,الألوان,"Beige, Noir, Vert",1,1,المقاس,"LXL (42-44-46), SM ( 38-40-42)",1,1,none,,no,,,none,default,default,none,,,,,,,,inherit,inherit,,after,inherit,,,,text,,,,text,,,,,,,,,,,,,yes,yes,,,,,,,,,text,,,,,text,,,,,text,,,1776603331,2,,,,,,
59016,variation,,,"Robe Teresa<span> - </span>Beige, LXL (42-44-46)",1,0,visible,,,,,taxable,parent,0,0,,0,0,,,,,0,,4250,8500,,,,https://boutique-she.com/wp-content/uploads/2026/03/IMG_5624.jpeg,,,id:59009,,,,,,1,,,,,10,,الألوان,Beige,,1,المقاس,"LXL (42-44-46)",,1,,,,,,,,,,,,,,,,,,,,,,,,,,,,,,,,,,,,,,,,,,yes,yes,,,,product,,,,,,,,,,,,,,,,,,1776173232,,,,,upload,,
59017,variation,,,"Robe Teresa<span> - </span>Beige, SM ( 38-40-42)",1,0,visible,,,,,taxable,parent,0,0,,0,0,,,,,0,,4250,8500,,,,https://boutique-she.com/wp-content/uploads/2026/03/IMG_5623-scaled.jpeg,,,id:59009,,,,,,2,,,,,10,,الألوان,Beige,,1,المقاس,"SM ( 38-40-42)",,1,,,,,,,,,,,,,,,,,,,,,,,,,,,,,,,,,,,,,,,,,,yes,yes,,,,product,,,,,,,,,,,,,,,,,,1776603331,,,,,upload,,
59018,variation,,,"Robe Teresa<span> - </span>Noir, LXL (42-44-46)",1,0,visible,,,,,taxable,parent,0,0,,0,0,,,,,0,,4250,8500,,,,https://boutique-she.com/wp-content/uploads/2026/03/IMG_5613-scaled.jpeg,,,id:59009,,,,,,3,,,,,10,,الألوان,Noir,,1,المقاس,"LXL (42-44-46)",,1,,,,,,,,,,,,,,,,,,,,,,,,,,,,,,,,,,,,,,,,,,yes,yes,,,,product,,,,,,,,,,,,,,,,,,1776603331,,,,,upload,,
59019,variation,,,"Robe Teresa<span> - </span>Noir, SM ( 38-40-42)",1,0,visible,,,,,taxable,parent,0,0,,0,0,,,,,0,,4250,8500,,,,https://boutique-she.com/wp-content/uploads/2026/03/IMG_5614.jpeg,,,id:59009,,,,,,4,,,,,10,,الألوان,Noir,,1,المقاس,"SM ( 38-40-42)",,1,,,,,,,,,,,,,,,,,,,,,,,,,,,,,,,,,,,,,,,,,,yes,yes,,,,product,,,,,,,,,,,,,,,,,,1776603331,,,,,upload,,
59020,variation,,,"Robe Teresa<span> - </span>Vert, LXL (42-44-46)",1,0,visible,,,,,taxable,parent,0,0,,0,0,,,,,0,,4250,8500,,,,https://boutique-she.com/wp-content/uploads/2026/03/IMG_5628-scaled.jpeg,,,id:59009,,,,,,5,,,,,10,,الألوان,Vert,,1,المقاس,"LXL (42-44-46)",,1,,,,,,,,,,,,,,,,,,,,,,,,,,,,,,,,,,,,,,,,,,yes,yes,,,,product,,,,,,,,,,,,,,,,,,1776173232,,,,,upload,,
59021,variation,,,"Robe Teresa<span> - </span>Vert, SM ( 38-40-42)",1,0,visible,,,,,taxable,parent,0,0,,0,0,,,,,0,,4250,8500,,,,https://boutique-she.com/wp-content/uploads/2026/03/IMG_5629.jpeg,,,id:59009,,,,,,6,,,,,10,,الألوان,Vert,,1,المقاس,"SM ( 38-40-42)",,1,,,,,,,,,,,,,,,,,,,,,,,,,,,,,,,,,,,,,,,,,,yes,yes,,,,product,,,,,,,,,,,,,,,,,,1776603331,,,,,upload,,
59041,variable,,,"Robe Grace",1,0,visible,,,,,taxable,,0,,,0,0,,,,,0,,,,"Robe Hidjab",,,"https://boutique-she.com/wp-content/uploads/2026/03/IMG_5903-scaled.jpeg, https://boutique-she.com/wp-content/uploads/2026/03/IMG_5900-scaled.jpeg, https://boutique-she.com/wp-content/uploads/2026/03/IMG_5907-scaled.jpeg, https://boutique-she.com/wp-content/uploads/2026/03/IMG_5903-scaled.jpeg, https://boutique-she.com/wp-content/uploads/2026/03/IMG_5909-scaled.jpeg",,,,,,,,,0,,,,0,10,,الألوان,"Bleu marine, rose clair, Vert clair, Vert kaki",1,1,المقاس,"L (42-44-46), M (38-40-42), S ( 36-38-40)",1,1,none,,no,,,none,default,default,none,,,,,,,,inherit,inherit,,after,inherit,,,,text,,,,text,,,,,,,,,,,,,yes,yes,,,,,,,,,text,,,,,text,,,,,text,,,1776603287,15,,,,,,
59046,variation,,,"Robe Grace<span> - </span>Vert clair, L (42-44-46)",1,0,visible,,,,,taxable,parent,0,0,,0,0,,,,,0,,3600,7200,,,,https://boutique-she.com/wp-content/uploads/2026/03/IMG_5909-scaled.jpeg,,,id:59041,,,,,,2,,,,,10,,الألوان,"Vert clair",,1,المقاس,"L (42-44-46)",,1,,,,,,,,,,,,,,,,,,,,,,,,,,,,,,,,,,,,,,,,,,yes,yes,,,,product,,,,,,,,,,,,,,,,,,1776172466,,,,,upload,,
59047,variation,,,"Robe Grace<span> - </span>Vert clair, M (38-40-42)",1,0,visible,,,,,taxable,parent,0,0,,0,0,,,,,0,,3600,7200,,,,https://boutique-she.com/wp-content/uploads/2026/03/IMG_5909-scaled.jpeg,,,id:59041,,,,,,3,,,,,10,,الألوان,"Vert clair",,1,المقاس,"M (38-40-42)",,1,,,,,,,,,,,,,,,,,,,,,,,,,,,,,,,,,,,,,,,,,,yes,yes,,,,product,,,,,,,,,,,,,,,,,,1776175547,,,,,upload,,
59048,variation,,,"Robe Grace<span> - </span>Vert clair, S ( 36-38-40)",1,0,visible,,,,,taxable,parent,0,0,,0,0,,,,,0,,3600,7200,,,,https://boutique-she.com/wp-content/uploads/2026/03/IMG_5909-scaled.jpeg,,,id:59041,,,,,,4,,,,,10,,الألوان,"Vert clair",,1,المقاس,"S ( 36-38-40)",,1,,,,,,,,,,,,,,,,,,,,,,,,,,,,,,,,,,,,,,,,,,yes,yes,,,,product,,,,,,,,,,,,,,,,,,1776603285,,,,,upload,,
59049,variation,,,"Robe Grace<span> - </span>Vert kaki, L (42-44-46)",1,0,visible,,,,,taxable,parent,0,0,,0,0,,,,,0,,3600,7200,,,,https://boutique-she.com/wp-content/uploads/2026/03/IMG_5900-scaled.jpeg,,,id:59041,,,,,,5,,,,,10,,الألوان,"Vert kaki",,1,المقاس,"L (42-44-46)",,1,,,,,,,,,,,,,,,,,,,,,,,,,,,,,,,,,,,,,,,,,,yes,yes,,,,product,,,,,,,,,,,,,,,,,,1776171833,,,,,upload,,
59050,variation,,,"Robe Grace<span> - </span>Vert kaki, M (38-40-42)",1,0,visible,,,,,taxable,parent,0,0,,0,0,,,,,0,,3600,7200,,,,https://boutique-she.com/wp-content/uploads/2026/03/IMG_5900-scaled.jpeg,,,id:59041,,,,,,6,,,,,10,,الألوان,"Vert kaki",,1,المقاس,"M (38-40-42)",,1,,,,,,,,,,,,,,,,,,,,,,,,,,,,,,,,,,,,,,,,,,yes,yes,,,,product,,,,,,,,,,,,,,,,,,1776171833,,,,,upload,,
59051,variation,,,"Robe Grace<span> - </span>Vert kaki, S ( 36-38-40)",1,0,visible,,,,,taxable,parent,0,0,,0,0,,,,,0,,3600,7200,,,,https://boutique-she.com/wp-content/uploads/2026/03/IMG_5900-scaled.jpeg,,,id:59041,,,,,,7,,,,,10,,الألوان,"Vert kaki",,1,المقاس,"S ( 36-38-40)",,1,,,,,,,,,,,,,,,,,,,,,,,,,,,,,,,,,,,,,,,,,,yes,yes,,,,product,,,,,,,,,,,,,,,,,,1776171833,,,,,upload,,
59052,variation,,,"Robe Grace<span> - </span>Bleu marine, L (42-44-46)",1,0,visible,,,,,taxable,parent,0,0,,0,0,,,,,0,,3600,7200,,,,https://boutique-she.com/wp-content/uploads/2026/03/IMG_5903-scaled.jpeg,,,id:59041,,,,,,8,,,,,10,,الألوان,"Bleu marine",,1,المقاس,"L (42-44-46)",,1,,,,,,,,,,,,,,,,,,,,,,,,,,,,,,,,,,,,,,,,,,yes,yes,,,,product,,,,,,,,,,,,,,,,,,1776172467,,,,,upload,,
59053,variation,,,"Robe Grace<span> - </span>Bleu marine, M (38-40-42)",1,0,visible,,,,,taxable,parent,0,0,,0,0,,,,,0,,3600,7200,,,,https://boutique-she.com/wp-content/uploads/2026/03/IMG_5903-scaled.jpeg,,,id:59041,,,,,,1,,,,,10,,الألوان,"Bleu marine",,1,المقاس,"M (38-40-42)",,1,,,,,,,,,,,,,,,,,,,,,,,,,,,,,,,,,,,,,,,,,,yes,yes,,,,product,,,,,,,,,,,,,,,,,,1776603285,,,,,upload,,
59054,variation,,,"Robe Grace<span> - </span>Bleu marine, S ( 36-38-40)",1,0,visible,,,,,taxable,parent,0,0,,0,0,,,,,0,,3600,7200,,,,https://boutique-she.com/wp-content/uploads/2026/03/IMG_5903-scaled.jpeg,,,id:59041,,,,,,9,,,,,10,,الألوان,"Bleu marine",,1,المقاس,"S ( 36-38-40)",,1,,,,,,,,,,,,,,,,,,,,,,,,,,,,,,,,,,,,,,,,,,yes,yes,,,,product,,,,,,,,,,,,,,,,,,1776172467,,,,,upload,,
59055,variation,,,"Robe Grace<span> - </span>rose clair, L (42-44-46)",1,0,visible,,,,,taxable,parent,0,0,,0,0,,,,,0,,3600,7200,,,,https://boutique-she.com/wp-content/uploads/2026/03/IMG_5907-scaled.jpeg,,,id:59041,,,,,,10,,,,,10,,الألوان,"rose clair",,1,المقاس,"L (42-44-46)",,1,,,,,,,,,,,,,,,,,,,,,,,,,,,,,,,,,,,,,,,,,,yes,yes,,,,product,,,,,,,,,,,,,,,,,,1776172467,,,,,upload,,
59056,variation,,,"Robe Grace<span> - </span>rose clair, M (38-40-42)",1,0,visible,,,,,taxable,parent,0,0,,0,0,,,,,0,,3600,7200,,,,https://boutique-she.com/wp-content/uploads/2026/03/IMG_5907-scaled.jpeg,,,id:59041,,,,,,11,,,,,10,,الألوان,"rose clair",,1,المقاس,"M (38-40-42)",,1,,,,,,,,,,,,,,,,,,,,,,,,,,,,,,,,,,,,,,,,,,yes,yes,,,,product,,,,,,,,,,,,,,,,,,1776175766,,,,,upload,,
59057,variation,,,"Robe Grace<span> - </span>rose clair, S ( 36-38-40)",1,0,visible,,,,,taxable,parent,0,0,,0,0,,,,,0,,3600,7200,,,,https://boutique-she.com/wp-content/uploads/2026/03/IMG_5907-scaled.jpeg,,,id:59041,,,,,,12,,,,,10,,الألوان,"rose clair",,1,المقاس,"S ( 36-38-40)",,1,,,,,,,,,,,,,,,,,,,,,,,,,,,,,,,,,,,,,,,,,,yes,yes,,,,product,,,,,,,,,,,,,,,,,,1776173031,,,,,upload,,
59106,variable,,,"Ensemble jupe rayé",1,0,visible,,,,,taxable,,0,,,0,0,,,,,0,,,,Ensemble,,,"https://boutique-she.com/wp-content/uploads/2026/03/IMG_5934-scaled.jpeg, https://boutique-she.com/wp-content/uploads/2026/03/IMG_6016.jpeg, https://boutique-she.com/wp-content/uploads/2026/03/IMG_5934-scaled.jpeg, https://boutique-she.com/wp-content/uploads/2026/03/IMG_5938-scaled.jpeg, https://boutique-she.com/wp-content/uploads/2026/03/IMG_5931-scaled.jpeg",,,,,,,,,0,,,,0,10,,الألوان,"blanc, Bleu marine, Miel, Vert clair",1,1,المقاس,"L 40/42, M 38/40, S 36/38, Xl 42/44",1,1,none,,no,,,none,default,default,none,,,,,,,,inherit,inherit,,after,inherit,,,,text,,,,text,,,,,,,,,,,,,yes,yes,,,,product,,,,,text,,,,,text,,,,,text,,,1776603224,2,,,,,,
59113,variation,,,"Ensemble jupe rayé<span> - </span>blanc, L 40/42",1,0,visible,,,,,taxable,parent,0,0,,0,0,,,,,0,,4250,8500,,,,https://boutique-she.com/wp-content/uploads/2026/03/IMG_6016.jpeg,,,id:59106,,,,,,1,,,,,10,,الألوان,blanc,,1,المقاس,"L 40/42",,1,,,,,,,,,,,,,,,,,,,,,,,,,,,,,,,,,,,,,,,,,,yes,yes,,,,product,,,,,,,,,,,,,,,,,,1776603221,,,,,upload,,
59114,variation,,,"Ensemble jupe rayé<span> - </span>blanc, M 38/40",1,0,visible,,,,,taxable,parent,0,0,,0,0,,,,,0,,4250,8500,,,,https://boutique-she.com/wp-content/uploads/2026/03/IMG_6016.jpeg,,,id:59106,,,,,,2,,,,,10,,الألوان,blanc,,1,المقاس,"M 38/40",,1,,,,,,,,,,,,,,,,,,,,,,,,,,,,,,,,,,,,,,,,,,yes,yes,,,,product,,,,,,,,,,,,,,,,,,1776603221,,,,,upload,,
59115,variation,,,"Ensemble jupe rayé<span> - </span>blanc, S 36/38",1,0,visible,,,,,taxable,parent,0,0,,0,0,,,,,0,,4250,8500,,,,https://boutique-she.com/wp-content/uploads/2026/03/IMG_6016.jpeg,,,id:59106,,,,,,3,,,,,10,,الألوان,blanc,,1,المقاس,"S 36/38",,1,,,,,,,,,,,,,,,,,,,,,,,,,,,,,,,,,,,,,,,,,,yes,yes,,,,product,,,,,,,,,,,,,,,,,,1776603221,,,,,upload,,
59116,variation,,,"Ensemble jupe rayé<span> - </span>blanc, Xl 42/44",1,0,visible,,,,,taxable,parent,0,0,,0,0,,,,,0,,4250,8500,,,,https://boutique-she.com/wp-content/uploads/2026/03/IMG_6016.jpeg,,,id:59106,,,,,,4,,,,,10,,الألوان,blanc,,1,المقاس,"Xl 42/44",,1,,,,,,,,,,,,,,,,,,,,,,,,,,,,,,,,,,,,,,,,,,yes,yes,,,,product,,,,,,,,,,,,,,,,,,1776603222,,,,,upload,,
59117,variation,,,"Ensemble jupe rayé<span> - </span>Miel, L 40/42",1,0,visible,,,,,taxable,parent,0,0,,0,0,,,,,0,,4250,8500,,,,https://boutique-she.com/wp-content/uploads/2026/03/IMG_5938-scaled.jpeg,,,id:59106,,,,,,5,,,,,10,,الألوان,Miel,,1,المقاس,"L 40/42",,1,,,,,,,,,,,,,,,,,,,,,,,,,,,,,,,,,,,,,,,,,,yes,yes,,,,product,,,,,,,,,,,,,,,,,,1776171642,,,,,upload,,
59118,variation,,,"Ensemble jupe rayé<span> - </span>Miel, M 38/40",1,0,visible,,,,,taxable,parent,0,0,,0,0,,,,,0,,4250,8500,,,,https://boutique-she.com/wp-content/uploads/2026/03/IMG_5938-scaled.jpeg,,,id:59106,,,,,,6,,,,,10,,الألوان,Miel,,1,المقاس,"M 38/40",,1,,,,,,,,,,,,,,,,,,,,,,,,,,,,,,,,,,,,,,,,,,yes,yes,,,,product,,,,,,,,,,,,,,,,,,1776603222,,,,,upload,,
59119,variation,,,"Ensemble jupe rayé<span> - </span>Miel, S 36/38",1,0,visible,,,,,taxable,parent,0,0,,0,0,,,,,0,,4250,8500,,,,https://boutique-she.com/wp-content/uploads/2026/03/IMG_5938-scaled.jpeg,,,id:59106,,,,,,7,,,,,10,,الألوان,Miel,,1,المقاس,"S 36/38",,1,,,,,,,,,,,,,,,,,,,,,,,,,,,,,,,,,,,,,,,,,,yes,yes,,,,product,,,,,,,,,,,,,,,,,,1776603222,,,,,upload,,
59120,variation,,,"Ensemble jupe rayé<span> - </span>Miel, Xl 42/44",1,0,visible,,,,,taxable,parent,0,0,,0,0,,,,,0,,4250,8500,,,,https://boutique-she.com/wp-content/uploads/2026/03/IMG_5938-scaled.jpeg,,,id:59106,,,,,,8,,,,,10,,الألوان,Miel,,1,المقاس,"Xl 42/44",,1,,,,,,,,,,,,,,,,,,,,,,,,,,,,,,,,,,,,,,,,,,yes,yes,,,,product,,,,,,,,,,,,,,,,,,1776603223,,,,,upload,,
59121,variation,,,"Ensemble jupe rayé<span> - </span>Vert clair, L 40/42",1,0,visible,,,,,taxable,parent,0,0,,0,0,,,,,0,,4250,8500,,,,https://boutique-she.com/wp-content/uploads/2026/03/IMG_5931-scaled.jpeg,,,id:59106,,,,,,9,,,,,10,,الألوان,"Vert clair",,1,المقاس,"L 40/42",,1,,,,,,,,,,,,,,,,,,,,,,,,,,,,,,,,,,,,,,,,,,yes,yes,,,,product,,,,,,,,,,,,,,,,,,1776171643,,,,,upload,,
59122,variation,,,"Ensemble jupe rayé<span> - </span>Vert clair, M 38/40",1,0,visible,,,,,taxable,parent,0,0,,0,0,,,,,0,,4250,8500,,,,https://boutique-she.com/wp-content/uploads/2026/03/IMG_5931-scaled.jpeg,,,id:59106,,,,,,10,,,,,10,,الألوان,"Vert clair",,1,المقاس,"M 38/40",,1,,,,,,,,,,,,,,,,,,,,,,,,,,,,,,,,,,,,,,,,,,yes,yes,,,,product,,,,,,,,,,,,,,,,,,1776603223,,,,,upload,,
59123,variation,,,"Ensemble jupe rayé<span> - </span>Vert clair, S 36/38",1,0,visible,,,,,taxable,parent,0,0,,0,0,,,,,0,,4250,8500,,,,https://boutique-she.com/wp-content/uploads/2026/03/IMG_5931-scaled.jpeg,,,id:59106,,,,,,11,,,,,10,,الألوان,"Vert clair",,1,المقاس,"S 36/38",,1,,,,,,,,,,,,,,,,,,,,,,,,,,,,,,,,,,,,,,,,,,yes,yes,,,,product,,,,,,,,,,,,,,,,,,1776603223,,,,,upload,,
59124,variation,,,"Ensemble jupe rayé<span> - </span>Vert clair, Xl 42/44",1,0,visible,,,,,taxable,parent,0,0,,0,0,,,,,0,,4250,8500,,,,https://boutique-she.com/wp-content/uploads/2026/03/IMG_5931-scaled.jpeg,,,id:59106,,,,,,12,,,,,10,,الألوان,"Vert clair",,1,المقاس,"Xl 42/44",,1,,,,,,,,,,,,,,,,,,,,,,,,,,,,,,,,,,,,,,,,,,yes,yes,,,,product,,,,,,,,,,,,,,,,,,1776171643,,,,,upload,,
59125,variation,,,"Ensemble jupe rayé<span> - </span>Bleu marine, L 40/42",1,0,visible,,,,,taxable,parent,0,0,,0,0,,,,,0,,4250,8500,,,,https://boutique-she.com/wp-content/uploads/2026/03/IMG_5934-scaled.jpeg,,,id:59106,,,,,,13,,,,,10,,الألوان,"Bleu marine",,1,المقاس,"L 40/42",,1,,,,,,,,,,,,,,,,,,,,,,,,,,,,,,,,,,,,,,,,,,yes,yes,,,,product,,,,,,,,,,,,,,,,,,1776603224,,,,,upload,,
59126,variation,,,"Ensemble jupe rayé<span> - </span>Bleu marine, M 38/40",1,0,visible,,,,,taxable,parent,0,0,,0,0,,,,,0,,4250,8500,,,,https://boutique-she.com/wp-content/uploads/2026/03/IMG_5934-scaled.jpeg,,,id:59106,,,,,,14,,,,,10,,الألوان,"Bleu marine",,1,المقاس,"M 38/40",,1,,,,,,,,,,,,,,,,,,,,,,,,,,,,,,,,,,,,,,,,,,yes,yes,,,,product,,,,,,,,,,,,,,,,,,1776171644,,,,,upload,,
59127,variation,,,"Ensemble jupe rayé<span> - </span>Bleu marine, S 36/38",1,0,visible,,,,,taxable,parent,0,0,,0,0,,,,,0,,4250,8500,,,,https://boutique-she.com/wp-content/uploads/2026/03/IMG_5934-scaled.jpeg,,,id:59106,,,,,,15,,,,,10,,الألوان,"Bleu marine",,1,المقاس,"S 36/38",,1,,,,,,,,,,,,,,,,,,,,,,,,,,,,,,,,,,,,,,,,,,yes,yes,,,,product,,,,,,,,,,,,,,,,,,1776171644,,,,,upload,,
59128,variation,,,"Ensemble jupe rayé<span> - </span>Bleu marine, Xl 42/44",1,0,visible,,,,,taxable,parent,0,,,0,0,,,,,0,,4250,8500,,,,,,,id:59106,,,,,,16,,,,,10,,الألوان,"Bleu marine",,1,المقاس,"Xl 42/44",,1,,,,,,,,,,,,,,,,,,,,,,,,,,,,,,,,,,,,,,,,,,yes,yes,,,,product,,,,,,,,,,,,,,,,,,1776171594,,,,,upload,,
59158,variable,,,"Robe Freya",1,0,visible,,,,,taxable,,0,,,0,0,,,,,0,,,,"Robe Hidjab",,,"https://boutique-she.com/wp-content/uploads/2026/03/IMG_6147-scaled.jpeg, https://boutique-she.com/wp-content/uploads/2026/03/IMG_6480.jpeg, https://boutique-she.com/wp-content/uploads/2026/03/IMG_6481.jpeg, https://boutique-she.com/wp-content/uploads/2026/03/IMG_6147-scaled.jpeg",,,,,,,,,0,,,,0,10,,الألوان,"Beige, Bleu marine, Vert clair",1,1,المقاس,"L (40-42-44), M (38-40-42), S ( 36-38-40)",1,1,none,,no,,,none,default,default,none,,,,,,,,inherit,inherit,,after,inherit,,,,text,,,,text,,,,,,,,,,,,,yes,yes,,,,product,,,,,text,,,,,text,,,,,text,,,1776603117,5,,,,,,
59162,variation,,,"Robe Freya<span> - </span>Beige, L (40-42-44)",1,0,visible,,,,,taxable,parent,0,0,,0,0,,,,,0,,3600,7200,,,,https://boutique-she.com/wp-content/uploads/2026/03/IMG_6481.jpeg,,,id:59158,,,,,,1,,,,,10,,الألوان,Beige,,1,المقاس,"L (40-42-44)",,1,,,,,,,,,,,,,,,,,,,,,,,,,,,,,,,,,,,,,,,,,,yes,yes,,,,product,,,,,,,,,,,,,,,,,,1776603115,,,,,upload,,
59163,variation,,,"Robe Freya<span> - </span>Beige, M (38-40-42)",1,0,visible,,,,,taxable,parent,0,0,,0,0,,,,,0,,3600,7200,,,,https://boutique-she.com/wp-content/uploads/2026/03/IMG_6481.jpeg,,,id:59158,,,,,,2,,,,,10,,الألوان,Beige,,1,المقاس,"M (38-40-42)",,1,,,,,,,,,,,,,,,,,,,,,,,,,,,,,,,,,,,,,,,,,,yes,yes,,,,product,,,,,,,,,,,,,,,,,,1776171200,,,,,upload,,
59164,variation,,,"Robe Freya<span> - </span>Beige, S ( 36-38-40)",1,0,visible,,,,,taxable,parent,0,0,,0,0,,,,,0,,3600,7200,,,,https://boutique-she.com/wp-content/uploads/2026/03/IMG_6481.jpeg,,,id:59158,,,,,,3,,,,,10,,الألوان,Beige,,1,المقاس,"S ( 36-38-40)",,1,,,,,,,,,,,,,,,,,,,,,,,,,,,,,,,,,,,,,,,,,,yes,yes,,,,product,,,,,,,,,,,,,,,,,,1776171201,,,,,upload,,
59165,variation,,,"Robe Freya<span> - </span>Vert clair, L (40-42-44)",1,0,visible,,,,,taxable,parent,0,0,,0,0,,,,,0,,3600,7200,,,,https://boutique-she.com/wp-content/uploads/2026/03/IMG_6480.jpeg,,,id:59158,,,,,,4,,,,,10,,الألوان,"Vert clair",,1,المقاس,"L (40-42-44)",,1,,,,,,,,,,,,,,,,,,,,,,,,,,,,,,,,,,,,,,,,,,yes,yes,,,,product,,,,,,,,,,,,,,,,,,1776603116,,,,,upload,,
59166,variation,,,"Robe Freya<span> - </span>Vert clair, M (38-40-42)",1,0,visible,,,,,taxable,parent,0,0,,0,0,,,,,0,,3600,7200,,,,https://boutique-she.com/wp-content/uploads/2026/03/IMG_6480.jpeg,,,id:59158,,,,,,5,,,,,10,,الألوان,"Vert clair",,1,المقاس,"M (38-40-42)",,1,,,,,,,,,,,,,,,,,,,,,,,,,,,,,,,,,,,,,,,,,,yes,yes,,,,product,,,,,,,,,,,,,,,,,,1776171201,,,,,upload,,
59167,variation,,,"Robe Freya<span> - </span>Vert clair, S ( 36-38-40)",1,0,visible,,,,,taxable,parent,0,0,,0,0,,,,,0,,3600,7200,,,,https://boutique-she.com/wp-content/uploads/2026/03/IMG_6480.jpeg,,,id:59158,,,,,,6,,,,,10,,الألوان,"Vert clair",,1,المقاس,"S ( 36-38-40)",,1,,,,,,,,,,,,,,,,,,,,,,,,,,,,,,,,,,,,,,,,,,yes,yes,,,,product,,,,,,,,,,,,,,,,,,1776171201,,,,,upload,,
59168,variation,,,"Robe Freya<span> - </span>Bleu marine, L (40-42-44)",1,0,visible,,,,,taxable,parent,0,0,,0,0,,,,,0,,3600,7200,,,,https://boutique-she.com/wp-content/uploads/2026/03/IMG_6147-scaled.jpeg,,,id:59158,,,,,,7,,,,,10,,الألوان,"Bleu marine",,1,المقاس,"L (40-42-44)",,1,,,,,,,,,,,,,,,,,,,,,,,,,,,,,,,,,,,,,,,,,,yes,yes,,,,product,,,,,,,,,,,,,,,,,,1776171201,,,,,upload,,
59169,variation,,,"Robe Freya<span> - </span>Bleu marine, M (38-40-42)",1,0,visible,,,,,taxable,parent,0,0,,0,0,,,,,0,,3600,7200,,,,https://boutique-she.com/wp-content/uploads/2026/03/IMG_6147-scaled.jpeg,,,id:59158,,,,,,8,,,,,10,,الألوان,"Bleu marine",,1,المقاس,"M (38-40-42)",,1,,,,,,,,,,,,,,,,,,,,,,,,,,,,,,,,,,,,,,,,,,yes,yes,,,,product,,,,,,,,,,,,,,,,,,1776171202,,,,,upload,,
59170,variation,,,"Robe Freya<span> - </span>Bleu marine, S ( 36-38-40)",1,0,visible,,,,,taxable,parent,0,0,,0,0,,,,,0,,3600,7200,,,,https://boutique-she.com/wp-content/uploads/2026/03/IMG_6147-scaled.jpeg,,,id:59158,,,,,,9,,,,,10,,الألوان,"Bleu marine",,1,المقاس,"S ( 36-38-40)",,1,,,,,,,,,,,,,,,,,,,,,,,,,,,,,,,,,,,,,,,,,,yes,yes,,,,product,,,,,,,,,,,,,,,,,,1776171202,,,,,upload,,
59201,variable,,,"Caftan Brocard",1,0,visible,,,,,taxable,,1,,,0,0,,,,,0,,,,Ensemble,,,"https://boutique-she.com/wp-content/uploads/2026/03/IMG_6372.jpeg, https://boutique-she.com/wp-content/uploads/2026/03/IMG_6412-scaled.jpeg, https://boutique-she.com/wp-content/uploads/2026/03/IMG_6397-scaled.jpeg, https://boutique-she.com/wp-content/uploads/2026/03/IMG_6424-scaled.jpeg, https://boutique-she.com/wp-content/uploads/2026/03/IMG_6413.jpeg, https://boutique-she.com/wp-content/uploads/2026/03/IMG_6371-scaled.jpeg, https://boutique-she.com/wp-content/uploads/2026/03/IMG_6372.jpeg, https://boutique-she.com/wp-content/uploads/2026/03/IMG_6395.jpeg, https://boutique-she.com/wp-content/uploads/2026/03/IMG_6425.jpeg",,,,,,,,,0,,,,0,10,,الألوان,"bleu, Noir, Rose, Vert",1,1,المقاس,"L (42-44-46), M (38-40-42), S ( 36-38-40)",1,1,none,,no,,,none,default,default,none,,,,,,,,inherit,inherit,,after,inherit,,,,text,,,,text,,,,,,,,,,,,,yes,yes,,,,product,,,,,text,,,,,text,,,,,text,,,1773002689,4,,,,,,
59202,variation,,,"Caftan Brocard<span> - </span>bleu, L (42-44-46)",1,0,visible,,,,,taxable,parent,1,5,,0,0,,,,,0,,6250,12500,,,,https://boutique-she.com/wp-content/uploads/2026/03/IMG_6412-scaled.jpeg,,,id:59201,,,,,,1,,,,,10,,الألوان,bleu,,1,المقاس,"L (42-44-46)",,1,,,,,,,,,,,,,,,,,,,,,,,,,,,,,,,,,,,,,,,,,,yes,yes,,,,product,,,,,,,,,,,,,,,,,,1778225543,,,,,upload,,
59203,variation,,,"Caftan Brocard<span> - </span>bleu, M (38-40-42)",1,0,visible,,,,,taxable,parent,1,5,,0,0,,,,,0,,6250,12500,,,,https://boutique-she.com/wp-content/uploads/2026/03/IMG_6412-scaled.jpeg,,,id:59201,,,,,,2,,,,,10,,الألوان,bleu,,1,المقاس,"M (38-40-42)",,1,,,,,,,,,,,,,,,,,,,,,,,,,,,,,,,,,,,,,,,,,,yes,yes,,,,product,,,,,,,,,,,,,,,,,,1778225543,,,,,upload,,
59204,variation,,,"Caftan Brocard<span> - </span>bleu, S ( 36-38-40)",1,0,visible,,,,,taxable,parent,1,5,,0,0,,,,,0,,6250,12500,,,,https://boutique-she.com/wp-content/uploads/2026/03/IMG_6413.jpeg,,,id:59201,,,,,,3,,,,,10,,الألوان,bleu,,1,المقاس,"S ( 36-38-40)",,1,,,,,,,,,,,,,,,,,,,,,,,,,,,,,,,,,,,,,,,,,,yes,yes,,,,product,,,,,,,,,,,,,,,,,,1778225543,,,,,upload,,
59205,variation,,,"Caftan Brocard<span> - </span>Noir, L (42-44-46)",1,0,visible,,,,,taxable,parent,1,5,,0,0,,,,,0,,6250,12500,,,,https://boutique-she.com/wp-content/uploads/2026/03/IMG_6425.jpeg,,,id:59201,,,,,,5,,,,,10,,الألوان,Noir,,1,المقاس,"L (42-44-46)",,1,,,,,,,,,,,,,,,,,,,,,,,,,,,,,,,,,,,,,,,,,,yes,yes,,,,product,,,,,,,,,,,,,,,,,,1778225543,,,,,upload,,
59206,variation,,,"Caftan Brocard<span> - </span>Noir, M (38-40-42)",1,0,visible,,,,,taxable,parent,1,5,,0,0,,,,,0,,6250,12500,,,,https://boutique-she.com/wp-content/uploads/2026/03/IMG_6425.jpeg,,,id:59201,,,,,,4,,,,,10,,الألوان,Noir,,1,المقاس,"M (38-40-42)",,1,,,,,,,,,,,,,,,,,,,,,,,,,,,,,,,,,,,,,,,,,,yes,yes,,,,product,,,,,,,,,,,,,,,,,,1778225543,,,,,upload,,
59207,variation,,,"Caftan Brocard<span> - </span>Noir, S ( 36-38-40)",1,0,visible,,,,,taxable,parent,1,5,,0,0,,,,,0,,6250,12500,,,,https://boutique-she.com/wp-content/uploads/2026/03/IMG_6424-scaled.jpeg,,,id:59201,,,,,,6,,,,,10,,الألوان,Noir,,1,المقاس,"S ( 36-38-40)",,1,,,,,,,,,,,,,,,,,,,,,,,,,,,,,,,,,,,,,,,,,,yes,yes,,,,product,,,,,,,,,,,,,,,,,,1778225543,,,,,upload,,
59208,variation,,,"Caftan Brocard<span> - </span>Rose, L (42-44-46)",1,0,visible,,,,,taxable,parent,1,5,,0,0,,,,,0,,6250,12500,,,,https://boutique-she.com/wp-content/uploads/2026/03/IMG_6395.jpeg,,,id:59201,,,,,,7,,,,,10,,الألوان,Rose,,1,المقاس,"L (42-44-46)",,1,,,,,,,,,,,,,,,,,,,,,,,,,,,,,,,,,,,,,,,,,,yes,yes,,,,product,,,,,,,,,,,,,,,,,,1778225543,,,,,upload,,
59209,variation,,,"Caftan Brocard<span> - </span>Rose, M (38-40-42)",1,0,visible,,,,,taxable,parent,1,5,,0,0,,,,,0,,6250,12500,,,,https://boutique-she.com/wp-content/uploads/2026/03/IMG_6397-scaled.jpeg,,,id:59201,,,,,,8,,,,,10,,الألوان,Rose,,1,المقاس,"M (38-40-42)",,1,,,,,,,,,,,,,,,,,,,,,,,,,,,,,,,,,,,,,,,,,,yes,yes,,,,product,,,,,,,,,,,,,,,,,,1778225543,,,,,upload,,
59210,variation,,,"Caftan Brocard<span> - </span>Rose, S ( 36-38-40)",1,0,visible,,,,,taxable,parent,1,5,,0,0,,,,,0,,6250,12500,,,,https://boutique-she.com/wp-content/uploads/2026/03/IMG_6395.jpeg,,,id:59201,,,,,,9,,,,,10,,الألوان,Rose,,1,المقاس,"S ( 36-38-40)",,1,,,,,,,,,,,,,,,,,,,,,,,,,,,,,,,,,,,,,,,,,,yes,yes,,,,product,,,,,,,,,,,,,,,,,,1778225543,,,,,upload,,
59211,variation,,,"Caftan Brocard<span> - </span>Vert, L (42-44-46)",1,0,visible,,,,,taxable,parent,1,5,,0,0,,,,,0,,6250,12500,,,,https://boutique-she.com/wp-content/uploads/2026/03/IMG_6372.jpeg,,,id:59201,,,,,,10,,,,,10,,الألوان,Vert,,1,المقاس,"L (42-44-46)",,1,,,,,,,,,,,,,,,,,,,,,,,,,,,,,,,,,,,,,,,,,,yes,yes,,,,product,,,,,,,,,,,,,,,,,,1778225543,,,,,upload,,
59212,variation,,,"Caftan Brocard<span> - </span>Vert, M (38-40-42)",1,0,visible,,,,,taxable,parent,1,4,,0,0,,,,,0,,6250,12500,,,,https://boutique-she.com/wp-content/uploads/2026/03/IMG_6372.jpeg,,,id:59201,,,,,,11,,,,,10,,الألوان,Vert,,1,المقاس,"M (38-40-42)",,1,,,,,,,,,,,,,,,,,,,,,,,,,,,,,,,,,,,,,,,,,,yes,yes,,,,product,,,,,,,,,,,,,,,,,,1778225543,,,,,upload,,
59213,variation,,,"Caftan Brocard<span> - </span>Vert, S ( 36-38-40)",1,0,visible,,,,,taxable,parent,1,5,,0,0,,,,,0,,6250,12500,,,,https://boutique-she.com/wp-content/uploads/2026/03/IMG_6371-scaled.jpeg,,,id:59201,,,,,,12,,,,,10,,الألوان,Vert,,1,المقاس,"S ( 36-38-40)",,1,,,,,,,,,,,,,,,,,,,,,,,,,,,,,,,,,,,,,,,,,,yes,yes,,,,product,,,,,,,,,,,,,,,,,,1778225543,,,,,upload,,
59241,variable,,,"Ensemble Muska",1,0,visible,,,,,taxable,,0,,,0,0,,,,,0,,,,"Manteaux et vestes",,,https://boutique-she.com/wp-content/uploads/2026/03/IMG_6265-scaled.jpeg,,,,,,,,,0,,,,0,10,,الألوان,"Beige, Cerise, Gris, Marron, Noir",1,1,المقاس,"standard (38-46)",1,1,none,,no,,,none,default,default,none,,,,,,,,inherit,inherit,,after,inherit,,,,text,,,,text,,,,,,,,,,,,,yes,yes,,,,product,,,,,text,,,,,text,,,,,text,,,1776602903,2,,,,,,
59242,variation,,,"Ensemble Muska<span> - </span>Beige, standard (38-46)",1,0,visible,,,,,taxable,parent,0,0,,0,0,,,,,0,,2950,5900,,,,https://boutique-she.com/wp-content/uploads/2026/03/IMG_6534.jpeg,,,id:59241,,,,,,1,,,,,10,,الألوان,Beige,,1,المقاس,"standard (38-46)",,1,,,,,,,,,,,,,,,,,,,,,,,,,,,,,,,,,,,,,,,,,,yes,yes,,,,product,,,,,,,,,,,,,,,,,,1776602902,,,,,upload,,
59243,variation,,,"Ensemble Muska<span> - </span>Gris, standard (38-46)",1,0,visible,,,,,taxable,parent,0,0,,0,0,,,,,0,,2950,5900,,,,https://boutique-she.com/wp-content/uploads/2026/03/IMG_6533.jpeg,,,id:59241,,,,,,2,,,,,10,,الألوان,Gris,,1,المقاس,"standard (38-46)",,1,,,,,,,,,,,,,,,,,,,,,,,,,,,,,,,,,,,,,,,,,,yes,yes,,,,product,,,,,,,,,,,,,,,,,,1776602902,,,,,upload,,
59244,variation,,,"Ensemble Muska<span> - </span>Marron, standard (38-46)",1,0,visible,,,,,taxable,parent,0,0,,0,0,,,,,0,,2950,5900,,,,https://boutique-she.com/wp-content/uploads/2026/03/IMG_6265-scaled.jpeg,,,id:59241,,,,,,3,,,,,10,,الألوان,Marron,,1,المقاس,"standard (38-46)",,1,,,,,,,,,,,,,,,,,,,,,,,,,,,,,,,,,,,,,,,,,,yes,yes,,,,product,,,,,,,,,,,,,,,,,,1776602903,,,,,upload,,
59245,variation,,,"Ensemble Muska<span> - </span>Noir, standard (38-46)",1,0,visible,,,,,taxable,parent,0,0,,0,0,,,,,0,,2950,5900,,,,https://boutique-she.com/wp-content/uploads/2026/03/IMG_6536.jpeg,,,id:59241,,,,,,4,,,,,10,,الألوان,Noir,,1,المقاس,"standard (38-46)",,1,,,,,,,,,,,,,,,,,,,,,,,,,,,,,,,,,,,,,,,,,,yes,yes,,,,product,,,,,,,,,,,,,,,,,,1776602903,,,,,upload,,
59246,variation,,,"Ensemble Muska<span> - </span>Cerise, standard (38-46)",1,0,visible,,,,,taxable,parent,0,0,,0,0,,,,,0,,2950,5900,,,,https://boutique-she.com/wp-content/uploads/2026/03/IMG_6535.jpeg,,,id:59241,,,,,,5,,,,,10,,الألوان,Cerise,,1,المقاس,"standard (38-46)",,1,,,,,,,,,,,,,,,,,,,,,,,,,,,,,,,,,,,,,,,,,,yes,yes,,,,product,,,,,,,,,,,,,,,,,,1776602903,,,,,upload,,
59255,simple,,,"Ensemble Sakura",-1,0,visible,,,,,taxable,,1,,,0,0,,,,,0,,,,,,,,,,,,,,,,0,,,,,,,,,,,,,,,,,,,,,,,,,,,,,,,,,,,,,,,,,,,,,,,,,,,,,,,,,,,,,,,,,,,,,,,,,,,,,,,,,,,,,,
59256,variable,,,"Ensemble sakura",1,0,visible,,,,,taxable,,0,,,0,0,,,,,0,,,,Ensemble,,,"https://boutique-she.com/wp-content/uploads/2026/03/IMG_6259-scaled.jpeg, https://boutique-she.com/wp-content/uploads/2026/03/IMG_6545.jpeg, https://boutique-she.com/wp-content/uploads/2026/03/IMG_6544.jpeg, https://boutique-she.com/wp-content/uploads/2026/03/IMG_6543.jpeg, https://boutique-she.com/wp-content/uploads/2026/03/IMG_6542.jpeg, https://boutique-she.com/wp-content/uploads/2026/03/IMG_6259-scaled.jpeg, https://boutique-she.com/wp-content/uploads/2026/03/IMG_7239.jpeg",,,,,,,,,0,,,,0,10,,الألوان,"Cerise, crème, Jaune, Marron, Noir, Vert",1,1,المقاس,"standard (38-46)",1,1,none,,no,,,none,default,default,none,,,,,,,,inherit,inherit,,after,inherit,,,,text,,,,text,,,,,,,,,,,,,yes,yes,,,,,,,,,text,,,,,text,,,,,text,,,1776602817,6,,,,,,
59257,variation,,,"Ensemble sakura<span> - </span>Jaune, standard (38-46)",1,0,visible,,,,,taxable,parent,0,0,,0,0,,,,,0,,2950,5900,,,,https://boutique-she.com/wp-content/uploads/2026/03/IMG_6542.jpeg,,,id:59256,,,,,,2,,,,,10,,الألوان,Jaune,,1,المقاس,"standard (38-46)",,1,,,,,,,,,,,,,,,,,,,,,,,,,,,,,,,,,,,,,,,,,,yes,yes,,,,product,,,,,,,,,,,,,,,,,,1776169095,,,,,upload,,
59258,variation,,,"Ensemble sakura<span> - </span>Vert, standard (38-46)",1,0,visible,,,,,taxable,parent,0,0,,0,0,,,,,0,,2950,5900,,,,https://boutique-she.com/wp-content/uploads/2026/03/IMG_6259-scaled.jpeg,,,id:59256,,,,,,3,,,,,10,,الألوان,Vert,,1,المقاس,"standard (38-46)",,1,,,,,,,,,,,,,,,,,,,,,,,,,,,,,,,,,,,,,,,,,,yes,yes,,,,product,,,,,,,,,,,,,,,,,,1776169095,,,,,upload,,
59259,variation,,,"Ensemble sakura<span> - </span>Marron, standard (38-46)",1,0,visible,,,,,taxable,parent,0,0,,0,0,,,,,0,,2950,5900,,,,https://boutique-she.com/wp-content/uploads/2026/03/IMG_6543.jpeg,,,id:59256,,,,,,4,,,,,10,,الألوان,Marron,,1,المقاس,"standard (38-46)",,1,,,,,,,,,,,,,,,,,,,,,,,,,,,,,,,,,,,,,,,,,,yes,yes,,,,product,,,,,,,,,,,,,,,,,,1776169095,,,,,upload,,
59260,variation,,,"Ensemble sakura<span> - </span>Noir, standard (38-46)",1,0,visible,,,,,taxable,parent,0,0,,0,0,,,,,0,,2950,5900,,,,https://boutique-she.com/wp-content/uploads/2026/03/IMG_6545.jpeg,,,id:59256,,,,,,5,,,,,10,,الألوان,Noir,,1,المقاس,"standard (38-46)",,1,,,,,,,,,,,,,,,,,,,,,,,,,,,,,,,,,,,,,,,,,,yes,yes,,,,product,,,,,,,,,,,,,,,,,,1776602816,,,,,upload,,
59261,variation,,,"Ensemble sakura<span> - </span>Cerise, standard (38-46)",1,0,visible,,,,,taxable,parent,0,0,,0,0,,,,,0,,2950,5900,,,,https://boutique-she.com/wp-content/uploads/2026/03/IMG_6544.jpeg,,,id:59256,,,,,,6,,,,,10,,الألوان,Cerise,,1,المقاس,"standard (38-46)",,1,,,,,,,,,,,,,,,,,,,,,,,,,,,,,,,,,,,,,,,,,,yes,yes,,,,product,,,,,,,,,,,,,,,,,,1776602817,,,,,upload,,
59270,variable,,,"Ensemble papillon",1,0,visible,,,,,taxable,,0,,,0,0,,,,,0,,,,"Manteaux et vestes",,,"https://boutique-she.com/wp-content/uploads/2026/03/IMG_6249-scaled.jpeg, https://boutique-she.com/wp-content/uploads/2026/03/IMG_6547.jpeg, https://boutique-she.com/wp-content/uploads/2026/03/IMG_6548.jpeg, https://boutique-she.com/wp-content/uploads/2026/03/IMG_6549.jpeg, https://boutique-she.com/wp-content/uploads/2026/03/IMG_6550.jpeg, https://boutique-she.com/wp-content/uploads/2026/03/IMG_6551.jpeg, https://boutique-she.com/wp-content/uploads/2026/03/IMG_6552.jpeg, https://boutique-she.com/wp-content/uploads/2026/03/IMG_6245-scaled.jpeg, https://boutique-she.com/wp-content/uploads/2026/03/IMG_6249-scaled.jpeg, https://boutique-she.com/wp-content/uploads/2026/03/IMG_6254-scaled.jpeg",,,,,,,,,0,,,,0,10,,المقاس,"standard (38-46)",1,1,الألوان,"Beige, bleu, Cerise, crème, Jaune, Marron, Noir, Taupe, Vert kaki",1,1,none,,no,,,none,default,default,none,,,,,,,,inherit,inherit,,after,inherit,,,,text,,,,text,,,,,,,,,,,,,yes,yes,,,,product,,,,,text,,,,,text,,,,,text,,,1776602705,,,,,,,
59271,variation,,,"Ensemble papillon<span> - </span>standard (38-46), Jaune",1,0,visible,,,,,taxable,parent,0,0,,0,0,,,,,0,,3400,6800,,,,https://boutique-she.com/wp-content/uploads/2026/03/IMG_6547.jpeg,,,id:59270,,,,,,6,,,,,10,,المقاس,"standard (38-46)",,1,الألوان,Jaune,,1,,,,,,,,,,,,,,,,,,,,,,,,,,,,,,,,,,,,,,,,,,yes,yes,,,,product,,,,,,,,,,,,,,,,,,1776602705,,,,,upload,,
59273,variation,,,"Ensemble papillon<span> - </span>standard (38-46), Marron",1,0,visible,,,,,taxable,parent,0,0,,0,0,,,,,0,,3400,6800,,,,https://boutique-she.com/wp-content/uploads/2026/03/IMG_6254-scaled.jpeg,,,id:59270,,,,,,7,,,,,10,,المقاس,"standard (38-46)",,1,الألوان,Marron,,1,,,,,,,,,,,,,,,,,,,,,,,,,,,,,,,,,,,,,,,,,,yes,yes,,,,product,,,,,,,,,,,,,,,,,,1776169741,,,,,upload,,
59274,variation,,,"Ensemble papillon<span> - </span>standard (38-46), Noir",1,0,visible,,,,,taxable,parent,0,0,,0,0,,,,,0,,3400,6800,,,,https://boutique-she.com/wp-content/uploads/2026/03/IMG_6549.jpeg,,,id:59270,,,,,,8,,,,,10,,المقاس,"standard (38-46)",,1,الألوان,Noir,,1,,,,,,,,,,,,,,,,,,,,,,,,,,,,,,,,,,,,,,,,,,yes,yes,,,,product,,,,,,,,,,,,,,,,,,1776169741,,,,,upload,,
59275,variation,,,"Ensemble papillon<span> - </span>standard (38-46), Cerise",1,0,visible,,,,,taxable,parent,0,0,,0,0,,,,,0,,3400,6800,,,,https://boutique-she.com/wp-content/uploads/2026/03/IMG_6249-scaled.jpeg,,,id:59270,,,,,,9,,,,,10,,المقاس,"standard (38-46)",,1,الألوان,Cerise,,1,,,,,,,,,,,,,,,,,,,,,,,,,,,,,,,,,,,,,,,,,,yes,yes,,,,product,,,,,,,,,,,,,,,,,,1776169741,,,,,upload,,
59285,variation,,,"Ensemble papillon<span> - </span>standard (38-46), Beige",1,0,visible,,,,,taxable,parent,0,0,,0,0,,,,,0,,3400,6800,,,,https://boutique-she.com/wp-content/uploads/2026/03/IMG_6551.jpeg,,,id:59270,,,,,,1,,,,,10,,المقاس,"standard (38-46)",,1,الألوان,Beige,,1,,,,,,,,,,,,,,,,,,,,,,,,,,,,,,,,,,,,,,,,,,yes,yes,,,,product,,,,,,,,,,,,,,,,,,1776602704,,,,,upload,,
59286,variation,,,"Ensemble papillon<span> - </span>standard (38-46), bleu",1,0,visible,,,,,taxable,parent,0,0,,0,0,,,,,0,,3400,6800,,,,https://boutique-she.com/wp-content/uploads/2026/03/IMG_6548.jpeg,,,id:59270,,,,,,2,,,,,10,,المقاس,"standard (38-46)",,1,الألوان,bleu,,1,,,,,,,,,,,,,,,,,,,,,,,,,,,,,,,,,,,,,,,,,,yes,yes,,,,product,,,,,,,,,,,,,,,,,,1776169740,,,,,upload,,
59287,variation,,,"Ensemble papillon<span> - </span>standard (38-46), Vert kaki",1,0,visible,,,,,taxable,parent,0,0,,0,0,,,,,0,,3400,6800,,,,https://boutique-she.com/wp-content/uploads/2026/03/IMG_6245-scaled.jpeg,,,id:59270,,,,,,3,,,,,10,,المقاس,"standard (38-46)",,1,الألوان,"Vert kaki",,1,,,,,,,,,,,,,,,,,,,,,,,,,,,,,,,,,,,,,,,,,,yes,yes,,,,product,,,,,,,,,,,,,,,,,,1776169740,,,,,upload,,
59288,variation,,,"Ensemble papillon<span> - </span>standard (38-46), crème",1,0,visible,,,,,taxable,parent,0,0,,0,0,,,,,0,,3400,6800,,,,https://boutique-she.com/wp-content/uploads/2026/03/IMG_6550.jpeg,,,id:59270,,,,,,4,,,,,10,,المقاس,"standard (38-46)",,1,الألوان,crème,,1,,,,,,,,,,,,,,,,,,,,,,,,,,,,,,,,,,,,,,,,,,yes,yes,,,,product,,,,,,,,,,,,,,,,,,1776602705,,,,,upload,,
59289,variation,,,"Ensemble papillon<span> - </span>standard (38-46), Taupe",1,0,visible,,,,,taxable,parent,0,0,,0,0,,,,,0,,3400,6800,,,,https://boutique-she.com/wp-content/uploads/2026/03/IMG_6552.jpeg,,,id:59270,,,,,,5,,,,,10,,المقاس,"standard (38-46)",,1,الألوان,Taupe,,1,,,,,,,,,,,,,,,,,,,,,,,,,,,,,,,,,,,,,,,,,,yes,yes,,,,product,,,,,,,,,,,,,,,,,,1776169741,,,,,upload,,
59322,variable,,,"Ensemble jupe Joelle",1,0,visible,,,,,taxable,,0,,,0,0,,,,,0,,,,Ensemble,,,"https://boutique-she.com/wp-content/uploads/2026/03/IMG_6270-scaled.jpeg, https://boutique-she.com/wp-content/uploads/2026/03/IMG_6609.jpeg, https://boutique-she.com/wp-content/uploads/2026/03/IMG_6607.jpeg, https://boutique-she.com/wp-content/uploads/2026/03/IMG_6606.jpeg, https://boutique-she.com/wp-content/uploads/2026/03/IMG_6604.jpeg, https://boutique-she.com/wp-content/uploads/2026/03/IMG_6603.jpeg, https://boutique-she.com/wp-content/uploads/2026/03/IMG_6270-scaled.jpeg",,,,,,,,,0,,,,0,10,,الألوان,"Beige, Cerise, crème, Jaune, Marron, Noir, Vert",1,1,المقاس,"standard (38-46)",1,1,none,,no,,,none,default,default,none,,,,,,,,inherit,inherit,,after,inherit,,,,text,,,,text,,,,,,,,,,,,,yes,yes,,,,,,,,,text,,,,,text,,,,,text,,,1776602540,,,,,,,
59324,variation,,,"Ensemble jupe Joelle<span> - </span>Beige, standard (38-46)",1,0,visible,,,,,taxable,parent,0,0,,0,0,,,,,0,,2950,5900,,,,https://boutique-she.com/wp-content/uploads/2026/03/IMG_6270-scaled.jpeg,,,id:59322,,,,,,1,,,,,10,,الألوان,Beige,,1,المقاس,"standard (38-46)",,1,,,,,,,,,,,,,,,,,,,,,,,,,,,,,,,,,,,,,,,,,,yes,yes,,,,product,,,,,,,,,,,,,,,,,,1776602539,,,,,upload,,
59325,variation,,,"Ensemble jupe Joelle<span> - </span>Jaune, standard (38-46)",1,0,visible,,,,,taxable,parent,0,0,,0,0,,,,,0,,2950,5900,,,,https://boutique-she.com/wp-content/uploads/2026/03/IMG_6608.jpeg,,,id:59322,,,,,,2,,,,,10,,الألوان,Jaune,,1,المقاس,"standard (38-46)",,1,,,,,,,,,,,,,,,,,,,,,,,,,,,,,,,,,,,,,,,,,,yes,yes,,,,product,,,,,,,,,,,,,,,,,,1776602539,,,,,upload,,
59326,variation,,,"Ensemble jupe Joelle<span> - </span>Marron, standard (38-46)",1,0,visible,,,,,taxable,parent,0,0,,0,0,,,,,0,,2950,5900,,,,https://boutique-she.com/wp-content/uploads/2026/03/IMG_6609.jpeg,,,id:59322,,,,,,3,,,,,10,,الألوان,Marron,,1,المقاس,"standard (38-46)",,1,,,,,,,,,,,,,,,,,,,,,,,,,,,,,,,,,,,,,,,,,,yes,yes,,,,product,,,,,,,,,,,,,,,,,,1776168898,,,,,upload,,
59327,variation,,,"Ensemble jupe Joelle<span> - </span>Noir, standard (38-46)",1,0,visible,,,,,taxable,parent,0,0,,0,0,,,,,0,,2950,5900,,,,https://boutique-she.com/wp-content/uploads/2026/03/IMG_6604.jpeg,,,id:59322,,,,,,7,,,,,10,,الألوان,Noir,,1,المقاس,"standard (38-46)",,1,,,,,,,,,,,,,,,,,,,,,,,,,,,,,,,,,,,,,,,,,,yes,yes,,,,product,,,,,,,,,,,,,,,,,,1776602540,,,,,upload,,
59328,variation,,,"Ensemble jupe Joelle<span> - </span>Vert, standard (38-46)",1,0,visible,,,,,taxable,parent,0,0,,0,0,,,,,0,,2950,5900,,,,https://boutique-she.com/wp-content/uploads/2026/03/IMG_6607.jpeg,,,id:59322,,,,,,4,,,,,10,,الألوان,Vert,,1,المقاس,"standard (38-46)",,1,,,,,,,,,,,,,,,,,,,,,,,,,,,,,,,,,,,,,,,,,,yes,yes,,,,product,,,,,,,,,,,,,,,,,,1776168898,,,,,upload,,
59329,variation,,,"Ensemble jupe Joelle<span> - </span>Cerise, standard (38-46)",1,0,visible,,,,,taxable,parent,0,0,,0,0,,,,,0,,2950,5900,,,,https://boutique-she.com/wp-content/uploads/2026/03/IMG_6606.jpeg,,,id:59322,,,,,,5,,,,,10,,الألوان,Cerise,,1,المقاس,"standard (38-46)",,1,,,,,,,,,,,,,,,,,,,,,,,,,,,,,,,,,,,,,,,,,,yes,yes,,,,product,,,,,,,,,,,,,,,,,,1776168898,,,,,upload,,
59330,variation,,,"Ensemble jupe Joelle<span> - </span>crème, standard (38-46)",1,0,visible,,,,,taxable,parent,0,0,,0,0,,,,,0,,2950,5900,,,,https://boutique-she.com/wp-content/uploads/2026/03/IMG_6603.jpeg,,,id:59322,,,,,,6,,,,,10,,الألوان,crème,,1,المقاس,"standard (38-46)",,1,,,,,,,,,,,,,,,,,,,,,,,,,,,,,,,,,,,,,,,,,,yes,yes,,,,product,,,,,,,,,,,,,,,,,,1776168899,,,,,upload,,
59381,variable,,,"Robe Alexia",1,0,visible,,,,,taxable,,0,,,0,0,,,,,0,,,,Ensemble,,,"https://boutique-she.com/wp-content/uploads/2026/03/IMG_6357-scaled.jpeg, https://boutique-she.com/wp-content/uploads/2026/03/IMG_6633.jpeg, https://boutique-she.com/wp-content/uploads/2026/03/IMG_6632.jpeg, https://boutique-she.com/wp-content/uploads/2026/03/IMG_6357-scaled.jpeg",,,,,,,,,0,,,,0,10,,الألوان,"Beige, Jaune, Marron",1,1,المقاس,"standard (38-46)",1,1,none,,no,,,none,default,default,none,,,,,,,,inherit,inherit,,after,inherit,,,,text,,,,text,,,,,,,,,,,,,yes,yes,,,,,,,,,text,,,,,text,,,,,text,,,1773321906,2,,,,,,
59386,variation,,,"Robe Alexia<span> - </span>Beige, standard (38-46)",1,0,visible,,,,,taxable,parent,0,0,,0,0,,,,,0,,,5500,,,,https://boutique-she.com/wp-content/uploads/2026/03/IMG_6632.jpeg,,,id:59381,,,,,,1,,,,,10,,الألوان,Beige,,1,المقاس,"standard (38-46)",,1,,,,,,,,,,,,,,,,,,,,,,,,,,,,,,,,,,,,,,,,,,yes,yes,,,,product,,,,,,,,,,,,,,,,,,1773321906,,,,,upload,,
59387,variation,,,"Robe Alexia<span> - </span>Jaune, standard (38-46)",1,0,visible,,,,,taxable,parent,0,0,,0,0,,,,,0,,,5500,,,,https://boutique-she.com/wp-content/uploads/2026/03/IMG_6633.jpeg,,,id:59381,,,,,,2,,,,,10,,الألوان,Jaune,,1,المقاس,"standard (38-46)",,1,,,,,,,,,,,,,,,,,,,,,,,,,,,,,,,,,,,,,,,,,,yes,yes,,,,product,,,,,,,,,,,,,,,,,,1773272291,,,,,upload,,
59388,variation,,,"Robe Alexia<span> - </span>Marron, standard (38-46)",1,0,visible,,,,,taxable,parent,0,0,,0,0,,,,,0,,,5500,,,,https://boutique-she.com/wp-content/uploads/2026/03/IMG_6357-scaled.jpeg,,,id:59381,,,,,,3,,,,,10,,الألوان,Marron,,1,المقاس,"standard (38-46)",,1,,,,,,,,,,,,,,,,,,,,,,,,,,,,,,,,,,,,,,,,,,yes,yes,,,,product,,,,,,,,,,,,,,,,,,1773310321,,,,,upload,,
59434,variable,,,"Robe chale",1,0,visible,,,,,taxable,,0,,,0,0,,,,,0,,,,"Manteaux et vestes",,,"https://boutique-she.com/wp-content/uploads/2026/03/IMG_6381-scaled.jpeg, https://boutique-she.com/wp-content/uploads/2026/03/IMG_6381-scaled.jpeg, https://boutique-she.com/wp-content/uploads/2026/03/IMG_6707.jpeg, https://boutique-she.com/wp-content/uploads/2026/03/IMG_6709.jpeg",,,,,,,,,0,,,,0,10,,الألوان,"Cerise, Marron, Noir",1,1,المقاس,"Standard (du 38 au 44/46)",1,1,none,,no,,,none,default,default,none,,,,,,,,inherit,inherit,,after,inherit,,,,text,,,,text,,,,,,,,,,,,,yes,yes,,,,,,,,,text,,,,,text,,,,,text,,,1776602398,,,,,,,
59435,variation,,,"Robe chale<span> - </span>Cerise, Standard (du 38 au 44/46)",1,0,visible,,,,,taxable,parent,0,0,,0,0,,,,,0,,2750,5500,,,,https://boutique-she.com/wp-content/uploads/2026/03/IMG_6381-scaled.jpeg,,,id:59434,,,,,,1,,,,,10,,الألوان,Cerise,,1,المقاس,"Standard (du 38 au 44/46)",,1,,,,,,,,,,,,,,,,,,,,,,,,,,,,,,,,,,,,,,,,,,yes,yes,,,,product,,,,,,,,,,,,,,,,,,1776168634,,,,,upload,,
59436,variation,,,"Robe chale<span> - </span>Marron, Standard (du 38 au 44/46)",1,0,visible,,,,,taxable,parent,0,0,,0,0,,,,,0,,2750,5500,,,,https://boutique-she.com/wp-content/uploads/2026/03/IMG_6707.jpeg,,,id:59434,,,,,,2,,,,,10,,الألوان,Marron,,1,المقاس,"Standard (du 38 au 44/46)",,1,,,,,,,,,,,,,,,,,,,,,,,,,,,,,,,,,,,,,,,,,,yes,yes,,,,product,,,,,,,,,,,,,,,,,,1776602398,,,,,upload,,
59437,variation,,,"Robe chale<span> - </span>Noir, Standard (du 38 au 44/46)",1,0,visible,,,,,taxable,parent,0,0,,0,0,,,,,0,,2750,5500,,,,https://boutique-she.com/wp-content/uploads/2026/03/IMG_6709.jpeg,,,id:59434,,,,,,3,,,,,10,,الألوان,Noir,,1,المقاس,"Standard (du 38 au 44/46)",,1,,,,,,,,,,,,,,,,,,,,,,,,,,,,,,,,,,,,,,,,,,yes,yes,,,,product,,,,,,,,,,,,,,,,,,1776168524,,,,,upload,,
59611,variable,,,"Ensemble avec Fente",1,0,visible,,,,,taxable,,0,,,0,0,,,,,0,,,,Ensemble,,,"https://boutique-she.com/wp-content/uploads/2026/03/IMG_7034-scaled.jpeg, https://boutique-she.com/wp-content/uploads/2026/03/IMG_7034-scaled.jpeg, https://boutique-she.com/wp-content/uploads/2026/03/IMG_7039-scaled.jpeg, https://boutique-she.com/wp-content/uploads/2026/03/IMG_7214-scaled.png, https://boutique-she.com/wp-content/uploads/2026/03/IMG_7215-scaled.png, https://boutique-she.com/wp-content/uploads/2026/03/IMG_7216-scaled.png, https://boutique-she.com/wp-content/uploads/2026/03/IMG_7217-scaled.png, https://boutique-she.com/wp-content/uploads/2026/03/IMG_7218-scaled.png",,,,,,,,,0,,,,0,10,,الألوان,"Bleu nuit, Cerise, crème, Marron, Noir, Taupe, Vert",1,1,المقاس,"standard (38-46)",1,1,none,,no,,,none,default,default,none,,,,,,,,inherit,inherit,,after,inherit,,,,text,,,,text,,,,,,,,,,,,,yes,yes,,,,product,,,,,text,,,,,text,,,,,text,,,1775905138,1,,,,,,
59612,variation,,,"Ensemble avec Fente<span> - </span>Cerise, standard (38-46)",1,0,visible,,,,,taxable,parent,0,0,,0,0,,,,,0,,,6500,,,,https://boutique-she.com/wp-content/uploads/2026/03/IMG_7216-scaled.png,,,id:59611,,,,,,1,,,,,10,,الألوان,Cerise,,1,المقاس,"standard (38-46)",,1,,,,,,,,,,,,,,,,,,,,,,,,,,,,,,,,,,,,,,,,,,yes,yes,,,,product,,,,,,,,,,,,,,,,,,1774954688,,,,,upload,,
59613,variation,,,"Ensemble avec Fente<span> - </span>crème, standard (38-46)",1,0,visible,,,,,taxable,parent,0,0,,0,0,,,,,0,,,6500,,,,https://boutique-she.com/wp-content/uploads/2026/03/IMG_7215-scaled.png,,,id:59611,,,,,,2,,,,,10,,الألوان,crème,,1,المقاس,"standard (38-46)",,1,,,,,,,,,,,,,,,,,,,,,,,,,,,,,,,,,,,,,,,,,,yes,yes,,,,product,,,,,,,,,,,,,,,,,,1774963258,,,,,upload,,
59614,variation,,,"Ensemble avec Fente<span> - </span>Bleu nuit, standard (38-46)",1,0,visible,,,,,taxable,parent,0,0,,0,0,,,,,0,,,6500,,,,https://boutique-she.com/wp-content/uploads/2026/03/IMG_7034-scaled.jpeg,,,id:59611,,,,,,3,,,,,10,,الألوان,"Bleu nuit",,1,المقاس,"standard (38-46)",,1,,,,,,,,,,,,,,,,,,,,,,,,,,,,,,,,,,,,,,,,,,yes,yes,,,,product,,,,,,,,,,,,,,,,,,1774787447,,,,,upload,,
59615,variation,,,"Ensemble avec Fente<span> - </span>Marron, standard (38-46)",1,0,visible,,,,,taxable,parent,0,0,,0,0,,,,,0,,,6500,,,,https://boutique-she.com/wp-content/uploads/2026/03/IMG_7039-scaled.jpeg,,,id:59611,,,,,,4,,,,,10,,الألوان,Marron,,1,المقاس,"standard (38-46)",,1,,,,,,,,,,,,,,,,,,,,,,,,,,,,,,,,,,,,,,,,,,yes,yes,,,,product,,,,,,,,,,,,,,,,,,1775004114,,,,,upload,,
59616,variation,,,"Ensemble avec Fente<span> - </span>Noir, standard (38-46)",1,0,visible,,,,,taxable,parent,0,0,,0,0,,,,,0,,,6500,,,,https://boutique-she.com/wp-content/uploads/2026/03/IMG_7217-scaled.png,,,id:59611,,,,,,5,,,,,10,,الألوان,Noir,,1,المقاس,"standard (38-46)",,1,,,,,,,,,,,,,,,,,,,,,,,,,,,,,,,,,,,,,,,,,,yes,yes,,,,product,,,,,,,,,,,,,,,,,,1775905138,,,,,upload,,
59617,variation,,,"Ensemble avec Fente<span> - </span>Taupe, standard (38-46)",1,0,visible,,,,,taxable,parent,0,0,,0,0,,,,,0,,,6500,,,,https://boutique-she.com/wp-content/uploads/2026/03/IMG_7214-scaled.png,,,id:59611,,,,,,6,,,,,10,,الألوان,Taupe,,1,المقاس,"standard (38-46)",,1,,,,,,,,,,,,,,,,,,,,,,,,,,,,,,,,,,,,,,,,,,yes,yes,,,,product,,,,,,,,,,,,,,,,,,1775050558,,,,,upload,,
59618,variation,,,"Ensemble avec Fente<span> - </span>Vert, standard (38-46)",1,0,visible,,,,,taxable,parent,0,0,,0,0,,,,,0,,,6500,,,,https://boutique-she.com/wp-content/uploads/2026/03/IMG_7218-scaled.png,,,id:59611,,,,,,7,,,,,10,,الألوان,Vert,,1,المقاس,"standard (38-46)",,1,,,,,,,,,,,,,,,,,,,,,,,,,,,,,,,,,,,,,,,,,,yes,yes,,,,product,,,,,,,,,,,,,,,,,,1774810581,,,,,upload,,
59626,variable,,,"Ensemble jupe Scoot",1,0,visible,,,,,taxable,,0,,,0,0,,,,,0,,,,Ensemble,,,"https://boutique-she.com/wp-content/uploads/2026/03/IMG_6999-scaled.jpeg, https://boutique-she.com/wp-content/uploads/2026/03/IMG_6992-scaled.jpeg, https://boutique-she.com/wp-content/uploads/2026/03/IMG_6999-scaled.jpeg, https://boutique-she.com/wp-content/uploads/2026/03/IMG_7209-scaled.png, https://boutique-she.com/wp-content/uploads/2026/03/IMG_7210-scaled.png, https://boutique-she.com/wp-content/uploads/2026/03/IMG_7211-scaled.png, https://boutique-she.com/wp-content/uploads/2026/03/IMG_7212-scaled.png, https://boutique-she.com/wp-content/uploads/2026/03/IMG_7213-scaled.png",,,,,,,,,0,,,,0,10,,الألوان,"Bleu nuit, Cerise, crème, Marron, Noir, Taupe, Vert",1,1,المقاس,"standard (38-46)",1,1,none,,no,,,none,default,default,none,,,,,,,,inherit,inherit,,after,inherit,,,,text,,,,text,,,,,,,,,,,,,yes,yes,,,,product,,,,,text,,,,,text,,,,,text,,,1776602285,2,,,,,,
59627,variation,,,"Ensemble jupe Scoot<span> - </span>Cerise, standard (38-46)",1,0,visible,,,,,taxable,parent,0,0,,0,0,,,,,0,,2950,5900,,,,https://boutique-she.com/wp-content/uploads/2026/03/IMG_7211-scaled.png,,,id:59626,,,,,,1,,,,,10,,الألوان,Cerise,,1,المقاس,"standard (38-46)",,1,,,,,,,,,,,,,,,,,,,,,,,,,,,,,,,,,,,,,,,,,,yes,yes,,,,product,,,,,,,,,,,,,,,,,,1776602284,,,,,upload,,
59628,variation,,,"Ensemble jupe Scoot<span> - </span>crème, standard (38-46)",1,0,visible,,,,,taxable,parent,0,0,,0,0,,,,,0,,2950,5900,,,,https://boutique-she.com/wp-content/uploads/2026/03/IMG_7210-scaled.png,,,id:59626,,,,,,2,,,,,10,,الألوان,crème,,1,المقاس,"standard (38-46)",,1,,,,,,,,,,,,,,,,,,,,,,,,,,,,,,,,,,,,,,,,,,yes,yes,,,,product,,,,,,,,,,,,,,,,,,1776602284,,,,,upload,,
59629,variation,,,"Ensemble jupe Scoot<span> - </span>Bleu nuit, standard (38-46)",1,0,visible,,,,,taxable,parent,0,0,,0,0,,,,,0,,2950,5900,,,,https://boutique-she.com/wp-content/uploads/2026/03/IMG_6992-scaled.jpeg,,,id:59626,,,,,,3,,,,,10,,الألوان,"Bleu nuit",,1,المقاس,"standard (38-46)",,1,,,,,,,,,,,,,,,,,,,,,,,,,,,,,,,,,,,,,,,,,,yes,yes,,,,product,,,,,,,,,,,,,,,,,,1776602285,,,,,upload,,
59630,variation,,,"Ensemble jupe Scoot<span> - </span>Marron, standard (38-46)",1,0,visible,,,,,taxable,parent,0,0,,0,0,,,,,0,,2950,5900,,,,https://boutique-she.com/wp-content/uploads/2026/03/IMG_7213-scaled.png,,,id:59626,,,,,,4,,,,,10,,الألوان,Marron,,1,المقاس,"standard (38-46)",,1,,,,,,,,,,,,,,,,,,,,,,,,,,,,,,,,,,,,,,,,,,yes,yes,,,,product,,,,,,,,,,,,,,,,,,1776602285,,,,,upload,,
59631,variation,,,"Ensemble jupe Scoot<span> - </span>Noir, standard (38-46)",1,0,visible,,,,,taxable,parent,0,0,,0,0,,,,,0,,2950,5900,,,,https://boutique-she.com/wp-content/uploads/2026/03/IMG_7209-scaled.png,,,id:59626,,,,,,5,,,,,10,,الألوان,Noir,,1,المقاس,"standard (38-46)",,1,,,,,,,,,,,,,,,,,,,,,,,,,,,,,,,,,,,,,,,,,,yes,yes,,,,product,,,,,,,,,,,,,,,,,,1776602285,,,,,upload,,
59632,variation,,,"Ensemble jupe Scoot<span> - </span>Taupe, standard (38-46)",1,0,visible,,,,,taxable,parent,0,0,,0,0,,,,,0,,2950,5900,,,,https://boutique-she.com/wp-content/uploads/2026/03/IMG_6999-scaled.jpeg,,,id:59626,,,,,,6,,,,,10,,الألوان,Taupe,,1,المقاس,"standard (38-46)",,1,,,,,,,,,,,,,,,,,,,,,,,,,,,,,,,,,,,,,,,,,,yes,yes,,,,product,,,,,,,,,,,,,,,,,,1776602285,,,,,upload,,
59633,variation,,,"Ensemble jupe Scoot<span> - </span>Vert, standard (38-46)",1,0,visible,,,,,taxable,parent,0,0,,0,0,,,,,0,,2950,5900,,,,https://boutique-she.com/wp-content/uploads/2026/03/IMG_7212-scaled.png,,,id:59626,,,,,,7,,,,,10,,الألوان,Vert,,1,المقاس,"standard (38-46)",,1,,,,,,,,,,,,,,,,,,,,,,,,,,,,,,,,,,,,,,,,,,yes,yes,,,,product,,,,,,,,,,,,,,,,,,1776168080,,,,,upload,,
59641,variable,,,"Robe coupe blazer",1,0,visible,,,,,taxable,,0,0,,0,0,,,,,0,,,,Ensemble,,,"https://boutique-she.com/wp-content/uploads/2026/03/IMG_7019-scaled.jpeg, https://boutique-she.com/wp-content/uploads/2026/03/IMG_7221-scaled.png, https://boutique-she.com/wp-content/uploads/2026/03/IMG_7220-scaled.png, https://boutique-she.com/wp-content/uploads/2026/03/IMG_7222-scaled.png, https://boutique-she.com/wp-content/uploads/2026/03/IMG_7219-scaled.png, https://boutique-she.com/wp-content/uploads/2026/03/IMG_7014-scaled.jpeg, https://boutique-she.com/wp-content/uploads/2026/03/IMG_7019-scaled.jpeg",,,,,,,,,0,,,,0,10,,الألوان,"Bleu nuit, Cerise, crème, Marron, Noir, Vert",1,1,المقاس,"standard (38-46)",1,1,none,,no,,,none,default,default,none,,,,,,,,inherit,inherit,,after,inherit,,,,text,,,,text,,,,,,,,,,,,,yes,yes,,,,product,,,,,text,,,,,text,,,,,text,,,1776602036,2,,,,,,
59642,variation,,,"Robe coupe blazer<span> - </span>Cerise, standard (38-46)",1,0,visible,,,,,taxable,parent,0,0,,0,0,,,,,0,,2950,5900,,,,https://boutique-she.com/wp-content/uploads/2026/03/IMG_7019-scaled.jpeg,,,id:59641,,,,,,1,,,,,10,,الألوان,Cerise,,1,المقاس,"standard (38-46)",,1,,,,,,,,,,,,,,,,,,,,,,,,,,,,,,,,,,,,,,,,,,yes,yes,,,,product,,,,,,,,,,,,,,,,,,1776167334,,,,,upload,,
59643,variation,,,"Robe coupe blazer<span> - </span>crème, standard (38-46)",1,0,visible,,,,,taxable,parent,0,0,,0,0,,,,,0,,2950,5900,,,,https://boutique-she.com/wp-content/uploads/2026/03/IMG_7222-scaled.png,,,id:59641,,,,,,2,,,,,10,,الألوان,crème,,1,المقاس,"standard (38-46)",,1,,,,,,,,,,,,,,,,,,,,,,,,,,,,,,,,,,,,,,,,,,yes,yes,,,,product,,,,,,,,,,,,,,,,,,1776167334,,,,,upload,,
59644,variation,,,"Robe coupe blazer<span> - </span>Bleu nuit, standard (38-46)",1,0,visible,,,,,taxable,parent,0,0,,0,0,,,,,0,,2950,5900,,,,https://boutique-she.com/wp-content/uploads/2026/03/IMG_7220-scaled.png,,,id:59641,,,,,,3,,,,,10,,الألوان,"Bleu nuit",,1,المقاس,"standard (38-46)",,1,,,,,,,,,,,,,,,,,,,,,,,,,,,,,,,,,,,,,,,,,,yes,yes,,,,product,,,,,,,,,,,,,,,,,,1776602095,,,,,upload,,
59645,variation,,,"Robe coupe blazer<span> - </span>Marron, standard (38-46)",1,0,visible,,,,,taxable,parent,0,0,,0,0,,,,,0,,2950,5900,,,,https://boutique-she.com/wp-content/uploads/2026/03/IMG_7219-scaled.png,,,id:59641,,,,,,4,,,,,10,,الألوان,Marron,,1,المقاس,"standard (38-46)",,1,,,,,,,,,,,,,,,,,,,,,,,,,,,,,,,,,,,,,,,,,,yes,yes,,,,product,,,,,,,,,,,,,,,,,,1776167334,,,,,upload,,
59646,variation,,,"Robe coupe blazer<span> - </span>Noir, standard (38-46)",1,0,visible,,,,,taxable,parent,0,0,,0,0,,,,,0,,2950,5900,,,,https://boutique-she.com/wp-content/uploads/2026/03/IMG_7221-scaled.png,,,id:59641,,,,,,5,,,,,10,,الألوان,Noir,,1,المقاس,"standard (38-46)",,1,,,,,,,,,,,,,,,,,,,,,,,,,,,,,,,,,,,,,,,,,,yes,yes,,,,product,,,,,,,,,,,,,,,,,,1776602095,,,,,upload,,
59648,variation,,,"Robe coupe blazer<span> - </span>Vert, standard (38-46)",1,0,visible,,,,,taxable,parent,0,0,,0,0,,,,,0,,2950,5900,,,,https://boutique-she.com/wp-content/uploads/2026/03/IMG_7014-scaled.jpeg,,,id:59641,,,,,,6,,,,,10,,الألوان,Vert,,1,المقاس,"standard (38-46)",,1,,,,,,,,,,,,,,,,,,,,,,,,,,,,,,,,,,,,,,,,,,yes,yes,,,,product,,,,,,,,,,,,,,,,,,1776167334,,,,,upload,,
59655,variable,,,"Robe corset",1,0,visible,,,,,taxable,,0,,,0,0,,,,,0,,,,"Robe Hidjab",,,"https://boutique-she.com/wp-content/uploads/2026/03/IMG_7028-scaled.jpeg, https://boutique-she.com/wp-content/uploads/2026/03/IMG_7025-scaled.jpeg, https://boutique-she.com/wp-content/uploads/2026/03/IMG_7028-scaled.jpeg, https://boutique-she.com/wp-content/uploads/2026/03/IMG_7223-scaled.png, https://boutique-she.com/wp-content/uploads/2026/03/IMG_7224-scaled.png, https://boutique-she.com/wp-content/uploads/2026/03/IMG_7225-scaled.png, https://boutique-she.com/wp-content/uploads/2026/03/IMG_7226-scaled.png",,,,,,,,,0,,,,0,10,,الألوان,"Bleu nuit, Cerise, crème, Marron, Noir, Taupe",1,1,المقاس,"standard (38-46)",1,1,none,,no,,,none,default,default,none,,,,,,,,inherit,inherit,,after,inherit,,,,text,,,,text,,,,,,,,,,,,,yes,yes,,,,,,,,,text,,,,,text,,,,,text,,,1775507903,5,,,,,,
59656,variation,,,"Robe corset<span> - </span>Cerise, standard (38-46)",1,0,visible,,,,,taxable,parent,0,0,,0,0,,,,,0,,,5900,,,,https://boutique-she.com/wp-content/uploads/2026/03/IMG_7025-scaled.jpeg,,,id:59655,,,,,,1,,,,,10,,الألوان,Cerise,,1,المقاس,"standard (38-46)",,1,,,,,,,,,,,,,,,,,,,,,,,,,,,,,,,,,,,,,,,,,,yes,yes,,,,product,,,,,,,,,,,,,,,,,,1775040882,,,,,upload,,
59657,variation,,,"Robe corset<span> - </span>crème, standard (38-46)",1,0,visible,,,,,taxable,parent,0,0,,0,0,,,,,0,,,5900,,,,https://boutique-she.com/wp-content/uploads/2026/03/IMG_7224-scaled.png,,,id:59655,,,,,,2,,,,,10,,الألوان,crème,,1,المقاس,"standard (38-46)",,1,,,,,,,,,,,,,,,,,,,,,,,,,,,,,,,,,,,,,,,,,,yes,yes,,,,product,,,,,,,,,,,,,,,,,,1775132258,,,,,upload,,
59658,variation,,,"Robe corset<span> - </span>Bleu nuit, standard (38-46)",1,0,visible,,,,,taxable,parent,0,0,,0,0,,,,,0,,,5900,,,,https://boutique-she.com/wp-content/uploads/2026/03/IMG_7225-scaled.png,,,id:59655,,,,,,3,,,,,10,,الألوان,"Bleu nuit",,1,المقاس,"standard (38-46)",,1,,,,,,,,,,,,,,,,,,,,,,,,,,,,,,,,,,,,,,,,,,yes,yes,,,,product,,,,,,,,,,,,,,,,,,1775040882,,,,,upload,,
59659,variation,,,"Robe corset<span> - </span>Marron, standard (38-46)",1,0,visible,,,,,taxable,parent,0,0,,0,0,,,,,0,,,5900,,,,https://boutique-she.com/wp-content/uploads/2026/03/IMG_7223-scaled.png,,,id:59655,,,,,,4,,,,,10,,الألوان,Marron,,1,المقاس,"standard (38-46)",,1,,,,,,,,,,,,,,,,,,,,,,,,,,,,,,,,,,,,,,,,,,yes,yes,,,,product,,,,,,,,,,,,,,,,,,1774886901,,,,,upload,,
59660,variation,,,"Robe corset<span> - </span>Noir, standard (38-46)",1,0,visible,,,,,taxable,parent,0,0,,0,0,,,,,0,,,5900,,,,https://boutique-she.com/wp-content/uploads/2026/03/IMG_7226-scaled.png,,,id:59655,,,,,,5,,,,,10,,الألوان,Noir,,1,المقاس,"standard (38-46)",,1,,,,,,,,,,,,,,,,,,,,,,,,,,,,,,,,,,,,,,,,,,yes,yes,,,,product,,,,,,,,,,,,,,,,,,1775041372,,,,,upload,,
59661,variation,,,"Robe corset<span> - </span>Taupe, standard (38-46)",1,0,visible,,,,,taxable,parent,0,0,,0,0,,,,,0,,,5900,,,,https://boutique-she.com/wp-content/uploads/2026/03/IMG_7028-scaled.jpeg,,,id:59655,,,,,,6,,,,,10,,الألوان,Taupe,,1,المقاس,"standard (38-46)",,1,,,,,,,,,,,,,,,,,,,,,,,,,,,,,,,,,,,,,,,,,,yes,yes,,,,product,,,,,,,,,,,,,,,,,,1775507902,,,,,upload,,
59669,variable,,,"Ensemble JOY",1,0,visible,,,,,taxable,,0,0,,0,0,,,,,0,,,,Ensemble,,,"https://boutique-she.com/wp-content/uploads/2026/03/IMG_7009-scaled.jpeg, https://boutique-she.com/wp-content/uploads/2026/03/IMG_7237-scaled.jpeg, https://boutique-she.com/wp-content/uploads/2026/03/IMG_7236-scaled.png, https://boutique-she.com/wp-content/uploads/2026/03/IMG_7235-scaled.png, https://boutique-she.com/wp-content/uploads/2026/03/IMG_7234-scaled.png, https://boutique-she.com/wp-content/uploads/2026/03/IMG_7233-scaled.png, https://boutique-she.com/wp-content/uploads/2026/03/IMG_7232-scaled.png, https://boutique-she.com/wp-content/uploads/2026/03/IMG_7006-scaled.jpeg, https://boutique-she.com/wp-content/uploads/2026/03/IMG_7009-scaled.jpeg",,,,,,,,,0,,,,0,10,,الألوان,"Bleu nuit, Cerise, crème, Marron claire, Marron nègre, Noir, Taupe, Vert",1,1,المقاس,"standard (38-46)",1,1,none,,no,,,none,default,default,none,,,,,,,,inherit,inherit,,after,inherit,,,,text,,,,text,,,,,,,,,,,,,yes,yes,,,,product,,,,,text,,,,,text,,,,,text,,,1776601992,7,,,,,,
59670,variation,,,"Ensemble JOY<span> - </span>Cerise, standard (38-46)",1,0,visible,,,,,taxable,parent,0,0,,0,0,,,,,0,,2950,5900,,,,https://boutique-she.com/wp-content/uploads/2026/03/IMG_7233-scaled.png,,,id:59669,,,,,,2,,,,,10,,الألوان,Cerise,,1,المقاس,"standard (38-46)",,1,,,,,,,,,,,,,,,,,,,,,,,,,,,,,,,,,,,,,,,,,,yes,yes,,,,product,,,,,,,,,,,,,,,,,,1776602170,,,,,upload,,
59671,variation,,,"Ensemble JOY<span> - </span>crème, standard (38-46)",1,0,visible,,,,,taxable,parent,0,0,,0,0,,,,,0,,2950,5900,,,,https://boutique-she.com/wp-content/uploads/2026/03/IMG_7235-scaled.png,,,id:59669,,,,,,3,,,,,10,,الألوان,crème,,1,المقاس,"standard (38-46)",,1,,,,,,,,,,,,,,,,,,,,,,,,,,,,,,,,,,,,,,,,,,yes,yes,,,,product,,,,,,,,,,,,,,,,,,1776167419,,,,,upload,,
59672,variation,,,"Ensemble JOY<span> - </span>Marron claire, standard (38-46)",1,0,visible,,,,,taxable,parent,0,0,,0,0,,,,,0,,2950,5900,,,,https://boutique-she.com/wp-content/uploads/2026/03/IMG_7009-scaled.jpeg,,,id:59669,,,,,,4,,,,,10,,الألوان,"Marron claire",,1,المقاس,"standard (38-46)",,1,,,,,,,,,,,,,,,,,,,,,,,,,,,,,,,,,,,,,,,,,,yes,yes,,,,product,,,,,,,,,,,,,,,,,,1776167419,,,,,upload,,
59673,variation,,,"Ensemble JOY<span> - </span>Marron nègre, standard (38-46)",1,0,visible,,,,,taxable,parent,0,0,,0,0,,,,,0,,2950,5900,,,,https://boutique-she.com/wp-content/uploads/2026/03/IMG_7234-scaled.png,,,id:59669,,,,,,5,,,,,10,,الألوان,"Marron nègre",,1,المقاس,"standard (38-46)",,1,,,,,,,,,,,,,,,,,,,,,,,,,,,,,,,,,,,,,,,,,,yes,yes,,,,product,,,,,,,,,,,,,,,,,,1776167419,,,,,upload,,
59674,variation,,,"Ensemble JOY<span> - </span>Noir, standard (38-46)",1,0,visible,,,,,taxable,parent,0,0,,0,0,,,,,0,,2950,5900,,,,https://boutique-she.com/wp-content/uploads/2026/03/IMG_7232-scaled.png,,,id:59669,,,,,,6,,,,,10,,الألوان,Noir,,1,المقاس,"standard (38-46)",,1,,,,,,,,,,,,,,,,,,,,,,,,,,,,,,,,,,,,,,,,,,yes,yes,,,,product,,,,,,,,,,,,,,,,,,1776602170,,,,,upload,,
59675,variation,,,"Ensemble JOY<span> - </span>Taupe, standard (38-46)",1,0,visible,,,,,taxable,parent,0,0,,0,0,,,,,0,,2950,5900,,,,https://boutique-she.com/wp-content/uploads/2026/03/IMG_7236-scaled.png,,,id:59669,,,,,,7,,,,,10,,الألوان,Taupe,,1,المقاس,"standard (38-46)",,1,,,,,,,,,,,,,,,,,,,,,,,,,,,,,,,,,,,,,,,,,,yes,yes,,,,product,,,,,,,,,,,,,,,,,,1776602170,,,,,upload,,
59676,variation,,,"Ensemble JOY<span> - </span>Vert, standard (38-46)",1,0,visible,,,,,taxable,parent,0,0,,0,0,,,,,0,,2950,5900,,,,https://boutique-she.com/wp-content/uploads/2026/03/IMG_7006-scaled.jpeg,,,id:59669,,,,,,8,,,,,10,,الألوان,Vert,,1,المقاس,"standard (38-46)",,1,,,,,,,,,,,,,,,,,,,,,,,,,,,,,,,,,,,,,,,,,,yes,yes,,,,product,,,,,,,,,,,,,,,,,,1776167419,,,,,upload,,
59685,variation,,,"Ensemble JOY<span> - </span>Bleu nuit, standard (38-46)",1,0,visible,,,,,taxable,parent,0,0,,0,0,,,,,0,,2950,5900,,,,https://boutique-she.com/wp-content/uploads/2026/03/IMG_7237-scaled.jpeg,,,id:59669,,,,,,1,,,,,10,,الألوان,"Bleu nuit",,1,المقاس,"standard (38-46)",,1,,,,,,,,,,,,,,,,,,,,,,,,,,,,,,,,,,,,,,,,,,yes,yes,,,,product,,,,,,,,,,,,,,,,,,1776167419,,,,,upload,,
59689,variation,,,"Ensemble sakura<span> - </span>crème, standard (38-46)",1,0,visible,,,,,taxable,parent,0,0,,0,0,,,,,0,,2950,5900,,,,https://boutique-she.com/wp-content/uploads/2026/03/IMG_7239.jpeg,,,id:59256,,,,,,1,,,,,10,,الألوان,crème,,1,المقاس,"standard (38-46)",,1,,,,,,,,,,,,,,,,,,,,,,,,,,,,,,,,,,,,,,,,,,yes,yes,,,,product,,,,,,,,,,,,,,,,,,1776169094,,,,,upload,,
59974,variable,,,"Robe Flora",1,0,visible,,,,,taxable,,1,,,0,0,,,,,0,,,,"Robe Hidjab",,,"https://boutique-she.com/wp-content/uploads/2026/04/IMG_8181-scaled.jpeg, https://boutique-she.com/wp-content/uploads/2026/04/IMG_8181-scaled.jpeg, https://boutique-she.com/wp-content/uploads/2026/04/IMG_8184-scaled.jpeg, https://boutique-she.com/wp-content/uploads/2026/04/IMG_8245.jpeg, https://boutique-she.com/wp-content/uploads/2026/04/IMG_8247-scaled.jpeg",,,,,,,,,0,,,,0,10,,الألوان,"bleu, Marron, Pistache, Rose",1,1,المقاس,"Taille 1 : 38-40-42, Taille 2 : 42-44-46",1,1,none,,no,,,none,default,default,none,,,,,,,,inherit,inherit,,after,inherit,,,,text,,,,text,,,,,,,,,,,,,yes,yes,,,,,,,,,text,,,,,text,,,,,text,,,1780323521,33,,,,,,
59975,variation,,,"Robe Flora<span> - </span>bleu, Taille 1 : 38-40-42",1,0,visible,,,,,taxable,parent,0,0,,0,0,,,,,0,,,6500,,,,https://boutique-she.com/wp-content/uploads/2026/04/IMG_8184-scaled.jpeg,,,id:59974,,,,,,1,,,,,10,,الألوان,bleu,,1,المقاس,"Taille 1 : 38-40-42",,1,,,,,,,,,,,,,,,,,,,,,,,,,,,,,,,,,,,,,,,,,,yes,yes,,,,product,,,,,,,,,,,,,,,,,,1776779381,,,,,upload,,
59976,variation,,,"Robe Flora<span> - </span>bleu, Taille 2 : 42-44-46",1,0,visible,,,,,taxable,parent,0,0,,0,0,,,,,0,,,6500,,,,https://boutique-she.com/wp-content/uploads/2026/04/IMG_8184-scaled.jpeg,,,id:59974,,,,,,2,,,,,10,,الألوان,bleu,,1,المقاس,"Taille 2 : 42-44-46",,1,,,,,,,,,,,,,,,,,,,,,,,,,,,,,,,,,,,,,,,,,,yes,yes,,,,product,,,,,,,,,,,,,,,,,,1777590232,,,,,upload,,
59977,variation,,,"Robe Flora<span> - </span>Marron, Taille 1 : 38-40-42",1,0,visible,,,,,taxable,parent,0,0,,0,0,,,,,0,,,6500,,,,https://boutique-she.com/wp-content/uploads/2026/04/IMG_8245.jpeg,,,id:59974,,,,,,5,,,,,10,,الألوان,Marron,,1,المقاس,"Taille 1 : 38-40-42",,1,,,,,,,,,,,,,,,,,,,,,,,,,,,,,,,,,,,,,,,,,,yes,yes,,,,product,,,,,,,,,,,,,,,,,,1777573456,,,,,upload,,
59978,variation,,,"Robe Flora<span> - </span>Marron, Taille 2 : 42-44-46",1,0,visible,,,,,taxable,parent,0,0,,0,0,,,,,0,,,6500,,,,https://boutique-she.com/wp-content/uploads/2026/04/IMG_8245.jpeg,,,id:59974,,,,,,6,,,,,10,,الألوان,Marron,,1,المقاس,"Taille 2 : 42-44-46",,1,,,,,,,,,,,,,,,,,,,,,,,,,,,,,,,,,,,,,,,,,,yes,yes,,,,product,,,,,,,,,,,,,,,,,,1777161776,,,,,upload,,
59979,variation,,,"Robe Flora<span> - </span>Pistache, Taille 1 : 38-40-42",1,0,visible,,,,,taxable,parent,0,0,,0,0,,,,,0,,,6500,,,,https://boutique-she.com/wp-content/uploads/2026/04/IMG_8247-scaled.jpeg,,,id:59974,,,,,,3,,,,,10,,الألوان,Pistache,,1,المقاس,"Taille 1 : 38-40-42",,1,,,,,,,,,,,,,,,,,,,,,,,,,,,,,,,,,,,,,,,,,,yes,yes,,,,product,,,,,,,,,,,,,,,,,,1778343859,,,,,upload,,
59980,variation,,,"Robe Flora<span> - </span>Pistache, Taille 2 : 42-44-46",1,0,visible,,,,,taxable,parent,1,1,,0,0,,,,,0,,,6500,,,,https://boutique-she.com/wp-content/uploads/2026/04/IMG_8247-scaled.jpeg,,,id:59974,,,,,,4,,,,,10,,الألوان,Pistache,,1,المقاس,"Taille 2 : 42-44-46",,1,,,,,,,,,,,,,,,,,,,,,,,,,,,,,,,,,,,,,,,,,,yes,yes,,,,product,,,,,,,,,,,,,,,,,,1780323521,,,,,upload,,
59981,variation,,,"Robe Flora<span> - </span>Rose, Taille 1 : 38-40-42",1,0,visible,,,,,taxable,parent,0,0,,0,0,,,,,0,,,6500,,,,https://boutique-she.com/wp-content/uploads/2026/04/IMG_8181-scaled.jpeg,,,id:59974,,,,,,7,,,,,10,,الألوان,Rose,,1,المقاس,"Taille 1 : 38-40-42",,1,,,,,,,,,,,,,,,,,,,,,,,,,,,,,,,,,,,,,,,,,,yes,yes,,,,product,,,,,,,,,,,,,,,,,,1777651088,,,,,upload,,
59982,variation,,,"Robe Flora<span> - </span>Rose, Taille 2 : 42-44-46",1,0,visible,,,,,taxable,parent,0,0,,0,0,,,,,0,,,6500,,,,https://boutique-she.com/wp-content/uploads/2026/04/IMG_8181-scaled.jpeg,,,id:59974,,,,,,8,,,,,10,,الألوان,Rose,,1,المقاس,"Taille 2 : 42-44-46",,1,,,,,,,,,,,,,,,,,,,,,,,,,,,,,,,,,,,,,,,,,,yes,yes,,,,product,,,,,,,,,,,,,,,,,,1777039721,,,,,upload,,
59987,variable,,,"Robe Marbré",1,0,visible,,,,,taxable,,0,,,0,0,,,,,0,,,,"Robe Hidjab",,,"https://boutique-she.com/wp-content/uploads/2026/04/IMG_8177-scaled.jpeg, https://boutique-she.com/wp-content/uploads/2026/04/IMG_8171-scaled.jpeg, https://boutique-she.com/wp-content/uploads/2026/04/IMG_8177-scaled.jpeg, https://boutique-she.com/wp-content/uploads/2026/04/IMG_8178.jpeg, https://boutique-she.com/wp-content/uploads/2026/04/IMG_8172-scaled.jpeg",,,,,,,,,0,,,,0,10,,الألوان,"Pistache, Rose",1,1,المقاس,"Taille 1 : 38-40-42, Taille 2 : 42-44-46",1,1,none,,no,,,none,default,default,none,,,,,,,,inherit,inherit,,after,inherit,,,,text,,,,text,,,,,,,,,,,,,yes,yes,,,,product,,,,,text,,,,,text,,,,,text,,,1779546015,4,,,,,,
59992,variation,,,"Robe Marbré<span> - </span>Pistache, Taille 1 : 38-40-42",1,0,visible,,,,,taxable,parent,0,0,,0,0,,,,,0,,,6500,,,,https://boutique-she.com/wp-content/uploads/2026/04/IMG_8178.jpeg,,,id:59987,,,,,,1,,,,,10,,الألوان,Pistache,,1,المقاس,"Taille 1 : 38-40-42",,1,,,,,,,,,,,,,,,,,,,,,,,,,,,,,,,,,,,,,,,,,,yes,yes,,,,product,,,,,,,,,,,,,,,,,,1779546015,,,,,upload,,
59993,variation,,,"Robe Marbré<span> - </span>Pistache, Taille 2 : 42-44-46",1,0,visible,,,,,taxable,parent,0,0,,0,0,,,,,0,,,6500,,,,https://boutique-she.com/wp-content/uploads/2026/04/IMG_8177-scaled.jpeg,,,id:59987,,,,,,2,,,,,10,,الألوان,Pistache,,1,المقاس,"Taille 2 : 42-44-46",,1,,,,,,,,,,,,,,,,,,,,,,,,,,,,,,,,,,,,,,,,,,yes,yes,,,,product,,,,,,,,,,,,,,,,,,1777905583,,,,,upload,,
59994,variation,,,"Robe Marbré<span> - </span>Rose, Taille 1 : 38-40-42",1,0,visible,,,,,taxable,parent,0,0,,0,0,,,,,0,,,6500,,,,https://boutique-she.com/wp-content/uploads/2026/04/IMG_8172-scaled.jpeg,,,id:59987,,,,,,3,,,,,10,,الألوان,Rose,,1,المقاس,"Taille 1 : 38-40-42",,1,,,,,,,,,,,,,,,,,,,,,,,,,,,,,,,,,,,,,,,,,,yes,yes,,,,product,,,,,,,,,,,,,,,,,,1776691591,,,,,upload,,
59995,variation,,,"Robe Marbré<span> - </span>Rose, Taille 2 : 42-44-46",1,0,visible,,,,,taxable,parent,0,0,,0,0,,,,,0,,,6500,,,,https://boutique-she.com/wp-content/uploads/2026/04/IMG_8171-scaled.jpeg,,,id:59987,,,,,,4,,,,,10,,الألوان,Rose,,1,المقاس,"Taille 2 : 42-44-46",,1,,,,,,,,,,,,,,,,,,,,,,,,,,,,,,,,,,,,,,,,,,yes,yes,,,,product,,,,,,,,,,,,,,,,,,1778659962,,,,,upload,,
60039,variable,,,"Ensemble Layane",1,0,visible,,,,,taxable,,1,,,0,0,,,,,0,,,,Ensemble,,,"https://boutique-she.com/wp-content/uploads/2026/04/IMG_7915-scaled.jpeg, https://boutique-she.com/wp-content/uploads/2026/04/IMG_7912-scaled.jpeg, https://boutique-she.com/wp-content/uploads/2026/04/IMG_7915-scaled.jpeg, https://boutique-she.com/wp-content/uploads/2026/04/IMG_8274.jpeg, https://boutique-she.com/wp-content/uploads/2026/04/IMG_8275.jpeg, https://boutique-she.com/wp-content/uploads/2026/04/IMG_8276.jpeg, https://boutique-she.com/wp-content/uploads/2026/04/IMG_8628.jpeg, https://boutique-she.com/wp-content/uploads/2026/04/IMG_8627.jpeg",,,,,,,,,0,,,,0,10,,الألوان,"crème, Jaune, Marron, Noir, Rose, Taupe, Vert",1,1,المقاس,"Standard (du 38 au 44/46)",1,1,none,,no,,,none,default,default,none,,,,,,,,inherit,inherit,,after,inherit,,,,text,,,,text,,,,,,,,,,,,,yes,yes,,,,,,,,,text,,,,,text,,,,,text,,,1776683289,20,,,,,,
60045,variation,,,"Ensemble Layane<span> - </span>crème, Standard (du 38 au 44/46)",1,0,visible,,,,,taxable,parent,0,0,,0,0,,,,,0,,,6500,,,,https://boutique-she.com/wp-content/uploads/2026/04/IMG_7915-scaled.jpeg,,,id:60039,,,,,,3,,,,,10,,الألوان,crème,,1,المقاس,"Standard (du 38 au 44/46)",,1,,,,,,,,,,,,,,,,,,,,,,,,,,,,,,,,,,,,,,,,,,yes,yes,,,,product,,,,,,,,,,,,,,,,,,1777813665,,,,,upload,,
60046,variation,,,"Ensemble Layane<span> - </span>Marron, Standard (du 38 au 44/46)",1,0,visible,,,,,taxable,parent,0,0,,0,0,,,,,0,,,6500,,,,https://boutique-she.com/wp-content/uploads/2026/04/IMG_7912-scaled.jpeg,,,id:60039,,,,,,4,,,,,10,,الألوان,Marron,,1,المقاس,"Standard (du 38 au 44/46)",,1,,,,,,,,,,,,,,,,,,,,,,,,,,,,,,,,,,,,,,,,,,yes,yes,,,,product,,,,,,,,,,,,,,,,,,1776813212,,,,,upload,,
60047,variation,,,"Ensemble Layane<span> - </span>Noir, Standard (du 38 au 44/46)",1,0,visible,,,,,taxable,parent,1,3,,0,0,,,,,0,,,6500,,,,https://boutique-she.com/wp-content/uploads/2026/04/IMG_8274.jpeg,,,id:60039,,,,,,5,,,,,10,,الألوان,Noir,,1,المقاس,"Standard (du 38 au 44/46)",,1,,,,,,,,,,,,,,,,,,,,,,,,,,,,,,,,,,,,,,,,,,yes,yes,,,,product,,,,,,,,,,,,,,,,,,1777813665,,,,,upload,,
60048,variation,,,"Ensemble Layane<span> - </span>Taupe, Standard (du 38 au 44/46)",1,0,visible,,,,,taxable,parent,0,0,,0,0,,,,,0,,,6500,,,,https://boutique-she.com/wp-content/uploads/2026/04/IMG_8275.jpeg,,,id:60039,,,,,,6,,,,,10,,الألوان,Taupe,,1,المقاس,"Standard (du 38 au 44/46)",,1,,,,,,,,,,,,,,,,,,,,,,,,,,,,,,,,,,,,,,,,,,yes,yes,,,,product,,,,,,,,,,,,,,,,,,1778937863,,,,,upload,,
60049,variation,,,"Ensemble Layane<span> - </span>Vert, Standard (du 38 au 44/46)",1,0,visible,,,,,taxable,parent,0,0,,0,0,,,,,0,,,6500,,,,https://boutique-she.com/wp-content/uploads/2026/04/IMG_8276.jpeg,,,id:60039,,,,,,7,,,,,10,,الألوان,Vert,,1,المقاس,"Standard (du 38 au 44/46)",,1,,,,,,,,,,,,,,,,,,,,,,,,,,,,,,,,,,,,,,,,,,yes,yes,,,,product,,,,,,,,,,,,,,,,,,1778937863,,,,,upload,,
60050,variable,,,"Ensemble ChicChic",1,0,visible,,,,,taxable,,1,,,0,0,,,,,0,,,,Ensemble,,,"https://boutique-she.com/wp-content/uploads/2026/04/IMG_1030.jpeg, https://boutique-she.com/wp-content/uploads/2026/04/IMG_8270.jpeg, https://boutique-she.com/wp-content/uploads/2026/04/IMG_8269.jpeg, https://boutique-she.com/wp-content/uploads/2026/04/IMG_8268.jpeg, https://boutique-she.com/wp-content/uploads/2026/04/IMG_8211-scaled.jpeg, https://boutique-she.com/wp-content/uploads/2026/04/IMG_8207-scaled.jpeg, https://boutique-she.com/wp-content/uploads/2026/04/IMG_1033.jpeg, https://boutique-she.com/wp-content/uploads/2026/04/IMG_1032.jpeg, https://boutique-she.com/wp-content/uploads/2026/04/IMG_1031.jpeg, https://boutique-she.com/wp-content/uploads/2026/04/IMG_1030.jpeg",,,,,,,,,0,,,,0,10,,الألوان,"bleu jean, Bleu nuit, Bordeaux, crème, Jaune, Marron, Noir, Taupe, Vert",1,1,المقاس,"Standard (du 38 au 44/46)",1,1,none,,no,,,none,default,default,none,,,,,,,,inherit,inherit,,after,inherit,,,,text,,,,text,,,,,,,,,,,,,yes,yes,,,,product,,,,,text,,,,,text,,,,,text,,,1780648894,45,,,,,,
60051,"variation, downloadable",,,"Ensemble ChicChic<span> - </span>crème, Standard (du 38 au 44/46)",1,0,visible,,,,,taxable,parent,0,0,,0,0,,,,,0,,,6500,,,,https://boutique-she.com/wp-content/uploads/2026/04/IMG_7915-scaled.jpeg,-1,-1,id:60050,,,,,,5,,,,,10,,الألوان,crème,,1,المقاس,"Standard (du 38 au 44/46)",,1,,,,,,,,,,,,,,,,,,,,,,,,,,,,,,,,,,,,,,,,,,yes,yes,,,,product,,,,,,,,,,,,,,,,,,1780485653,,,,,upload,,
60052,"variation, downloadable",,,"Ensemble ChicChic<span> - </span>Marron, Standard (du 38 au 44/46)",1,0,visible,,,,,taxable,parent,0,0,,0,0,,,,,0,,,6500,,,,https://boutique-she.com/wp-content/uploads/2026/04/IMG_8207-scaled.jpeg,-1,-1,id:60050,,,,,,6,,,,,10,,الألوان,Marron,,1,المقاس,"Standard (du 38 au 44/46)",,1,,,,,,,,,,,,,,,,,,,,,,,,,,,,,,,,,,,,,,,,,,yes,yes,,,,product,,,,,,,,,,,,,,,,,,1780485655,,,,,upload,,
60053,"variation, downloadable",,,"Ensemble ChicChic<span> - </span>Bordeaux, Standard (du 38 au 44/46)",1,0,visible,,,,,taxable,parent,0,0,,0,0,,,,,0,,,6500,,,,https://boutique-she.com/wp-content/uploads/2026/04/IMG_8268.jpeg,-1,-1,id:60050,,,,,,7,,,,,10,,الألوان,Bordeaux,,1,المقاس,"Standard (du 38 au 44/46)",,1,,,,,,,,,,,,,,,,,,,,,,,,,,,,,,,,,,,,,,,,,,yes,yes,,,,product,,,,,,,,,,,,,,,,,,1779625303,,,,,upload,,
60054,"variation, downloadable",,,"Ensemble ChicChic<span> - </span>Taupe, Standard (du 38 au 44/46)",1,0,visible,,,,,taxable,parent,0,0,,0,0,,,,,0,,,6500,,,,https://boutique-she.com/wp-content/uploads/2026/04/IMG_8211-scaled.jpeg,-1,-1,id:60050,,,,,,8,,,,,10,,الألوان,Taupe,,1,المقاس,"Standard (du 38 au 44/46)",,1,,,,,,,,,,,,,,,,,,,,,,,,,,,,,,,,,,,,,,,,,,yes,yes,,,,product,,,,,,,,,,,,,,,,,,1779553283,,,,,upload,,
60055,"variation, downloadable",,,"Ensemble ChicChic<span> - </span>Vert, Standard (du 38 au 44/46)",1,0,visible,,,,,taxable,parent,0,0,,0,0,,,,,0,,,6500,,,,https://boutique-she.com/wp-content/uploads/2026/04/IMG_8269.jpeg,-1,-1,id:60050,,,,,,9,,,,,10,,الألوان,Vert,,1,المقاس,"Standard (du 38 au 44/46)",,1,,,,,,,,,,,,,,,,,,,,,,,,,,,,,,,,,,,,,,,,,,yes,yes,,,,product,,,,,,,,,,,,,,,,,,1780485655,,,,,upload,,
60061,variable,,,"Ensemble noeud satiné",1,0,visible,,,,,taxable,,1,,,0,0,,,,,0,,,,Ensemble,,,"https://boutique-she.com/wp-content/uploads/2026/04/IMG_8197-scaled.jpeg, https://boutique-she.com/wp-content/uploads/2026/04/IMG_8190-scaled.jpeg, https://boutique-she.com/wp-content/uploads/2026/04/IMG_8196-scaled.jpeg, https://boutique-she.com/wp-content/uploads/2026/04/IMG_8197-scaled.jpeg, https://boutique-she.com/wp-content/uploads/2026/04/IMG_8271.jpeg, https://boutique-she.com/wp-content/uploads/2026/04/IMG_8272.jpeg, https://boutique-she.com/wp-content/uploads/2026/04/IMG_8273.jpeg",,,,,,,,,0,,,,0,10,,الألوان,"crème, Marron, Noir, Taupe, Vert",1,1,المقاس,"Standard (du 38 au 44/46)",1,1,none,,no,,,none,default,default,none,,,,,,,,inherit,inherit,,after,inherit,,,,text,,,,text,,,,,,,,,,,,,yes,yes,,,,,,,,,text,,,,,text,,,,,text,,,1776684011,10,,,,,,
60062,variation,,,"Ensemble noeud satiné<span> - </span>crème, Standard (du 38 au 44/46)",1,0,visible,,,,,taxable,parent,1,4,,0,0,,,,,0,,,6500,,,,https://boutique-she.com/wp-content/uploads/2026/04/IMG_8197-scaled.jpeg,,,id:60061,,,,,,1,,,,,10,,الألوان,crème,,1,المقاس,"Standard (du 38 au 44/46)",,1,,,,,,,,,,,,,,,,,,,,,,,,,,,,,,,,,,,,,,,,,,yes,yes,,,,product,,,,,,,,,,,,,,,,,,1779007146,,,,,upload,,
60063,variation,,,"Ensemble noeud satiné<span> - </span>Marron, Standard (du 38 au 44/46)",1,0,visible,,,,,taxable,parent,1,2,,0,0,,,,,0,,,6500,,,,https://boutique-she.com/wp-content/uploads/2026/04/IMG_8272.jpeg,,,id:60061,,,,,,2,,,,,10,,الألوان,Marron,,1,المقاس,"Standard (du 38 au 44/46)",,1,,,,,,,,,,,,,,,,,,,,,,,,,,,,,,,,,,,,,,,,,,yes,yes,,,,product,,,,,,,,,,,,,,,,,,1779007146,,,,,upload,,
60064,variation,,,"Ensemble noeud satiné<span> - </span>Noir, Standard (du 38 au 44/46)",1,0,visible,,,,,taxable,parent,0,0,,0,0,,,,,0,,,6500,,,,https://boutique-she.com/wp-content/uploads/2026/04/IMG_8273.jpeg,,,id:60061,,,,,,3,,,,,10,,الألوان,Noir,,1,المقاس,"Standard (du 38 au 44/46)",,1,,,,,,,,,,,,,,,,,,,,,,,,,,,,,,,,,,,,,,,,,,yes,yes,,,,product,,,,,,,,,,,,,,,,,,1779007146,,,,,upload,,
60065,variation,,,"Ensemble noeud satiné<span> - </span>Taupe, Standard (du 38 au 44/46)",1,0,visible,,,,,taxable,parent,0,0,,0,0,,,,,0,,,6500,,,,https://boutique-she.com/wp-content/uploads/2026/04/IMG_8271.jpeg,,,id:60061,,,,,,4,,,,,10,,الألوان,Taupe,,1,المقاس,"Standard (du 38 au 44/46)",,1,,,,,,,,,,,,,,,,,,,,,,,,,,,,,,,,,,,,,,,,,,yes,yes,,,,product,,,,,,,,,,,,,,,,,,1779007146,,,,,upload,,
60066,variation,,,"Ensemble noeud satiné<span> - </span>Vert, Standard (du 38 au 44/46)",1,0,visible,,,,,taxable,parent,1,2,,0,0,,,,,0,,,6500,,,,https://boutique-she.com/wp-content/uploads/2026/04/IMG_8190-scaled.jpeg,,,id:60061,,,,,,5,,,,,10,,الألوان,Vert,,1,المقاس,"Standard (du 38 au 44/46)",,1,,,,,,,,,,,,,,,,,,,,,,,,,,,,,,,,,,,,,,,,,,yes,yes,,,,product,,,,,,,,,,,,,,,,,,1779007146,,,,,upload,,
60114,variable,,,"Robe Luna",1,0,visible,,,,,taxable,,1,,,0,0,,,,,0,,,,"Robe Hidjab",,,"https://boutique-she.com/wp-content/uploads/2026/04/IMG_7816-scaled.jpeg, https://boutique-she.com/wp-content/uploads/2026/04/IMG_7804-scaled.jpeg, https://boutique-she.com/wp-content/uploads/2026/04/IMG_7816-scaled.jpeg, https://boutique-she.com/wp-content/uploads/2026/04/IMG_8300.jpeg, https://boutique-she.com/wp-content/uploads/2026/04/IMG_8301-scaled.jpeg, https://boutique-she.com/wp-content/uploads/2026/04/IMG_8302.jpeg, https://boutique-she.com/wp-content/uploads/2026/04/IMG_8632.jpeg, https://boutique-she.com/wp-content/uploads/2026/04/IMG_8631.jpeg, https://boutique-she.com/wp-content/uploads/2026/04/IMG_8629.jpeg, https://boutique-she.com/wp-content/uploads/2026/04/IMG_8630.jpeg",,,,,,,,,0,,,,0,10,,الألوان,"bleu, Brique, crème, Jaune, Marron, Noir, Rose, Taupe, Vert",1,1,المقاس,"Standard (du 38 au 44/46)",1,1,none,,no,,,none,default,default,none,,,,,,,,inherit,inherit,,after,inherit,,,,text,,,,text,,,,,,,,,,,,,yes,yes,,,,product,,,,,text,,,,,text,,,,,text,,,1776712235,19,,,,,,2026-04-20
60120,variation,,,"Robe Luna<span> - </span>crème, Standard (du 38 au 44/46)",1,0,visible,,,,,taxable,parent,1,8,,0,0,,,,,0,,,5900,,,,https://boutique-she.com/wp-content/uploads/2026/04/IMG_8302.jpeg,,,id:60114,,,,,,5,,,,,10,,الألوان,crème,,1,المقاس,"Standard (du 38 au 44/46)",,1,,,,,,,,,,,,,,,,,,,,,,,,,,,,,,,,,,,,,,,,,,yes,yes,,,,product,,,,,,,,,,,,,,,,,,1776849500,,,,,upload,,
60121,variation,,,"Robe Luna<span> - </span>Marron, Standard (du 38 au 44/46)",1,0,visible,,,,,taxable,parent,0,0,,0,0,,,,,0,,,5900,,,,https://boutique-she.com/wp-content/uploads/2026/04/IMG_8301-scaled.jpeg,,,id:60114,,,,,,6,,,,,10,,الألوان,Marron,,1,المقاس,"Standard (du 38 au 44/46)",,1,,,,,,,,,,,,,,,,,,,,,,,,,,,,,,,,,,,,,,,,,,yes,yes,,,,product,,,,,,,,,,,,,,,,,,1777378368,,,,,upload,,
60122,variation,,,"Robe Luna<span> - </span>Noir, Standard (du 38 au 44/46)",1,0,visible,,,,,taxable,parent,1,4,,0,0,,,,,0,,,5900,,,,https://boutique-she.com/wp-content/uploads/2026/04/IMG_8300.jpeg,,,id:60114,,,,,,7,,,,,10,,الألوان,Noir,,1,المقاس,"Standard (du 38 au 44/46)",,1,,,,,,,,,,,,,,,,,,,,,,,,,,,,,,,,,,,,,,,,,,yes,yes,,,,product,,,,,,,,,,,,,,,,,,1776849500,,,,,upload,,
60123,variation,,,"Robe Luna<span> - </span>Rose, Standard (du 38 au 44/46)",1,0,visible,,,,,taxable,parent,0,0,,0,0,,,,,0,,,5900,,,,https://boutique-she.com/wp-content/uploads/2026/04/IMG_7816-scaled.jpeg,,,id:60114,,,,,,8,,,,,10,,الألوان,Rose,,1,المقاس,"Standard (du 38 au 44/46)",,1,,,,,,,,,,,,,,,,,,,,,,,,,,,,,,,,,,,,,,,,,,yes,yes,,,,product,,,,,,,,,,,,,,,,,,1777384581,,,,,upload,,
60124,variation,,,"Robe Luna<span> - </span>Taupe, Standard (du 38 au 44/46)",1,0,visible,,,,,taxable,parent,0,0,,0,0,,,,,0,,,5900,,,,https://boutique-she.com/wp-content/uploads/2026/04/IMG_7804-scaled.jpeg,,,id:60114,,,,,,9,,,,,10,,الألوان,Taupe,,1,المقاس,"Standard (du 38 au 44/46)",,1,,,,,,,,,,,,,,,,,,,,,,,,,,,,,,,,,,,,,,,,,,yes,yes,,,,product,,,,,,,,,,,,,,,,,,1777328285,,,,,upload,,
60125,variable,,,"Robe Paisley",1,0,visible,,,,,taxable,,1,,,0,0,,,,,0,,,,"Robe Hidjab",,,"https://boutique-she.com/wp-content/uploads/2026/04/IMG_7871-scaled.jpeg, https://boutique-she.com/wp-content/uploads/2026/04/IMG_8310.jpeg, https://boutique-she.com/wp-content/uploads/2026/04/IMG_8307-scaled.jpeg, https://boutique-she.com/wp-content/uploads/2026/04/IMG_8309.jpeg, https://boutique-she.com/wp-content/uploads/2026/04/IMG_8308-scaled.jpeg, https://boutique-she.com/wp-content/uploads/2026/04/IMG_7868-scaled.jpeg, https://boutique-she.com/wp-content/uploads/2026/04/IMG_7871-scaled.jpeg, https://boutique-she.com/wp-content/uploads/2026/04/IMG_7874-scaled.jpeg",,,,,,,,,0,,,,0,10,,الألوان,"bleu, crème, Jaune, Noir, Orange brique, Rose, Taupe, Vert",1,1,المقاس,"Standard (du 38 au 44/46)",1,1,none,,no,,,none,default,default,none,,,,,,,,inherit,inherit,,after,inherit,,,,text,,,,text,,,,,,,,,,,,,yes,yes,,,,product,,,,,text,,,,,text,,,,,text,,,1779204134,60,,,,,,
60126,variation,,,"Robe Paisley<span> - </span>crème, Standard (du 38 au 44/46)",1,0,visible,,,,,taxable,parent,0,0,,0,0,,,,,0,,,5900,,,,https://boutique-she.com/wp-content/uploads/2026/04/IMG_8309.jpeg,,,id:60125,,,,,,5,,,,,10,,الألوان,crème,,1,المقاس,"Standard (du 38 au 44/46)",,1,,,,,,,,,,,,,,,,,,,,,,,,,,,,,,,,,,,,,,,,,,yes,yes,,,,product,,,,,,,,,,,,,,,,,,1779445125,,,,,upload,,
60128,variation,,,"Robe Paisley<span> - </span>Noir, Standard (du 38 au 44/46)",1,0,visible,,,,,taxable,parent,0,0,,0,0,,,,,0,,,5900,,,,https://boutique-she.com/wp-content/uploads/2026/04/IMG_8310.jpeg,,,id:60125,,,,,,6,,,,,10,,الألوان,Noir,,1,المقاس,"Standard (du 38 au 44/46)",,1,,,,,,,,,,,,,,,,,,,,,,,,,,,,,,,,,,,,,,,,,,yes,yes,,,,product,,,,,,,,,,,,,,,,,,1779536769,,,,,upload,,
60129,variation,,,"Robe Paisley<span> - </span>Rose, Standard (du 38 au 44/46)",1,0,visible,,,,,taxable,parent,0,0,,0,0,,,,,0,,,5900,,,,https://boutique-she.com/wp-content/uploads/2026/04/IMG_7868-scaled.jpeg,,,id:60125,,,,,,7,,,,,10,,الألوان,Rose,,1,المقاس,"Standard (du 38 au 44/46)",,1,,,,,,,,,,,,,,,,,,,,,,,,,,,,,,,,,,,,,,,,,,yes,yes,,,,product,,,,,,,,,,,,,,,,,,1779209817,,,,,upload,,
60130,variation,,,"Robe Paisley<span> - </span>Taupe, Standard (du 38 au 44/46)",1,0,visible,,,,,taxable,parent,0,0,,0,0,,,,,0,,,5900,,,,https://boutique-she.com/wp-content/uploads/2026/04/IMG_8307-scaled.jpeg,,,id:60125,,,,,,8,,,,,10,,الألوان,Taupe,,1,المقاس,"Standard (du 38 au 44/46)",,1,,,,,,,,,,,,,,,,,,,,,,,,,,,,,,,,,,,,,,,,,,yes,yes,,,,product,,,,,,,,,,,,,,,,,,1779536769,,,,,upload,,
60138,variation,,,"Robe Paisley<span> - </span>bleu, Standard (du 38 au 44/46)",1,0,visible,,,,,taxable,parent,0,0,,0,0,,,,,0,,,5900,,,,https://boutique-she.com/wp-content/uploads/2026/04/IMG_7874-scaled.jpeg,,,id:60125,,,,,,2,,,,,10,,الألوان,bleu,,1,المقاس,"Standard (du 38 au 44/46)",,1,,,,,,,,,,,,,,,,,,,,,,,,,,,,,,,,,,,,,,,,,,yes,yes,,,,product,,,,,,,,,,,,,,,,,,1779783399,,,,,upload,,
60139,variation,,,"Robe Paisley<span> - </span>Jaune, Standard (du 38 au 44/46)",1,0,visible,,,,,taxable,parent,0,0,,0,0,,,,,0,,,5900,,,,https://boutique-she.com/wp-content/uploads/2026/04/IMG_7871-scaled.jpeg,,,id:60125,,,,,,3,,,,,10,,الألوان,Jaune,,1,المقاس,"Standard (du 38 au 44/46)",,1,,,,,,,,,,,,,,,,,,,,,,,,,,,,,,,,,,,,,,,,,,yes,yes,,,,product,,,,,,,,,,,,,,,,,,1779715317,,,,,upload,,
60140,variation,,,"Robe Paisley<span> - </span>Vert, Standard (du 38 au 44/46)",1,0,visible,,,,,taxable,parent,0,0,,0,0,,,,,0,,,5900,,,,https://boutique-she.com/wp-content/uploads/2026/04/IMG_8308-scaled.jpeg,,,id:60125,,,,,,4,,,,,10,,الألوان,Vert,,1,المقاس,"Standard (du 38 au 44/46)",,1,,,,,,,,,,,,,,,,,,,,,,,,,,,,,,,,,,,,,,,,,,yes,yes,,,,product,,,,,,,,,,,,,,,,,,1779711639,,,,,upload,,
60141,variable,,,"Robe rayé",1,0,visible,,,,,taxable,,0,,,0,0,,,,,0,,,,"Robe Hidjab",,,"https://boutique-she.com/wp-content/uploads/2026/04/IMG_7833-scaled.jpeg, https://boutique-she.com/wp-content/uploads/2026/04/IMG_8303.jpeg, https://boutique-she.com/wp-content/uploads/2026/04/IMG_8304.jpeg, https://boutique-she.com/wp-content/uploads/2026/04/IMG_8305.jpeg, https://boutique-she.com/wp-content/uploads/2026/04/IMG_8306.jpeg, https://boutique-she.com/wp-content/uploads/2026/04/IMG_7833-scaled.jpeg, https://boutique-she.com/wp-content/uploads/2026/04/IMG_7828-scaled.jpeg",,,,,,,,,0,,,,0,10,,الألوان,"caramel, crème, Marron, Noir, rose clair, Vert",1,1,المقاس,"Standard (du 38 au 44/46)",1,1,none,,no,,,none,default,default,none,,,,,,,,inherit,inherit,,after,inherit,,,,text,,,,text,,,,,,,,,,,,,yes,yes,,,,,,,,,text,,,,,text,,,,,text,,,1777459419,10,,,,,,
60143,variation,,,"Robe rayé<span> - </span>caramel, Standard (du 38 au 44/46)",1,0,visible,,,,,taxable,parent,0,0,,0,0,,,,,0,,,5900,,,,https://boutique-she.com/wp-content/uploads/2026/04/IMG_8306.jpeg,,,id:60141,,,,,,1,,,,,10,,الألوان,caramel,,1,المقاس,"Standard (du 38 au 44/46)",,1,,,,,,,,,,,,,,,,,,,,,,,,,,,,,,,,,,,,,,,,,,yes,yes,,,,product,,,,,,,,,,,,,,,,,,1776873260,,,,,upload,,
60144,variation,,,"Robe rayé<span> - </span>Vert, Standard (du 38 au 44/46)",1,0,visible,,,,,taxable,parent,0,0,,0,0,,,,,0,,,5900,,,,https://boutique-she.com/wp-content/uploads/2026/04/IMG_8303.jpeg,,,id:60141,,,,,,2,,,,,10,,الألوان,Vert,,1,المقاس,"Standard (du 38 au 44/46)",,1,,,,,,,,,,,,,,,,,,,,,,,,,,,,,,,,,,,,,,,,,,yes,yes,,,,product,,,,,,,,,,,,,,,,,,1777459418,,,,,upload,,
60145,variation,,,"Robe rayé<span> - </span>crème, Standard (du 38 au 44/46)",1,0,visible,,,,,taxable,parent,0,0,,0,0,,,,,0,,,5900,,,,https://boutique-she.com/wp-content/uploads/2026/04/IMG_7828-scaled.jpeg,,,id:60141,,,,,,3,,,,,10,,الألوان,crème,,1,المقاس,"Standard (du 38 au 44/46)",,1,,,,,,,,,,,,,,,,,,,,,,,,,,,,,,,,,,,,,,,,,,yes,yes,,,,product,,,,,,,,,,,,,,,,,,1776860271,,,,,upload,,
60146,variation,,,"Robe rayé<span> - </span>Noir, Standard (du 38 au 44/46)",1,0,visible,,,,,taxable,parent,0,0,,0,0,,,,,0,,,5900,,,,https://boutique-she.com/wp-content/uploads/2026/04/IMG_8305.jpeg,,,id:60141,,,,,,4,,,,,10,,الألوان,Noir,,1,المقاس,"Standard (du 38 au 44/46)",,1,,,,,,,,,,,,,,,,,,,,,,,,,,,,,,,,,,,,,,,,,,yes,yes,,,,product,,,,,,,,,,,,,,,,,,1776856466,,,,,upload,,
60147,variation,,,"Robe rayé<span> - </span>rose clair, Standard (du 38 au 44/46)",1,0,visible,,,,,taxable,parent,0,0,,0,0,,,,,0,,,5900,,,,https://boutique-she.com/wp-content/uploads/2026/04/IMG_8304.jpeg,,,id:60141,,,,,,5,,,,,10,,الألوان,"rose clair",,1,المقاس,"Standard (du 38 au 44/46)",,1,,,,,,,,,,,,,,,,,,,,,,,,,,,,,,,,,,,,,,,,,,yes,yes,,,,product,,,,,,,,,,,,,,,,,,1776869931,,,,,upload,,
60148,variation,,,"Robe rayé<span> - </span>Marron, Standard (du 38 au 44/46)",1,0,visible,,,,,taxable,parent,0,0,,0,0,,,,,0,,,5900,,,,https://boutique-she.com/wp-content/uploads/2026/04/IMG_7833-scaled.jpeg,,,id:60141,,,,,,6,,,,,10,,الألوان,Marron,,1,المقاس,"Standard (du 38 au 44/46)",,1,,,,,,,,,,,,,,,,,,,,,,,,,,,,,,,,,,,,,,,,,,yes,yes,,,,product,,,,,,,,,,,,,,,,,,1776794655,,,,,upload,,
60240,variable,,,"Robe Parisa",1,0,visible,,,,,taxable,,0,,,0,0,,,,,0,,,,"Robe Hidjab",,,"https://boutique-she.com/wp-content/uploads/2026/04/IMG_7854-scaled.jpeg, https://boutique-she.com/wp-content/uploads/2026/04/IMG_7854-scaled.jpeg, https://boutique-she.com/wp-content/uploads/2026/04/IMG_7865-scaled.jpeg, https://boutique-she.com/wp-content/uploads/2026/04/IMG_8530.jpeg, https://boutique-she.com/wp-content/uploads/2026/04/IMG_8531.jpeg, https://boutique-she.com/wp-content/uploads/2026/04/IMG_8532.jpeg, https://boutique-she.com/wp-content/uploads/2026/04/IMG_8533.jpeg",,,,,,,,,0,,,,0,10,,الألوان,"bleu, Corail, Noir, Rose, Taupe, Vert",1,1,المقاس,"Standard (du 38 au 44/46)",1,1,none,,no,,,none,default,default,none,,,,,,,,inherit,inherit,,after,inherit,,,,text,,,,text,,,,,,,,,,,,,yes,yes,,,,,,,,,text,,,,,text,,,,,text,,,1777728829,16,,,,,,
60241,variation,,,"Robe Parisa<span> - </span>bleu, Standard (du 38 au 44/46)",1,0,visible,,,,,taxable,parent,0,0,,0,0,,,,,0,,,5900,,,,https://boutique-she.com/wp-content/uploads/2026/04/IMG_7874-scaled.jpeg,,,id:60240,,,,,,2,,,,,10,,الألوان,bleu,,1,المقاس,"Standard (du 38 au 44/46)",,1,,,,,,,,,,,,,,,,,,,,,,,,,,,,,,,,,,,,,,,,,,yes,yes,,,,product,,,,,,,,,,,,,,,,,,1776879686,,,,,upload,,
60243,variation,,,"Robe Parisa<span> - </span>Vert, Standard (du 38 au 44/46)",1,0,visible,,,,,taxable,parent,0,0,,0,0,,,,,0,,,5900,,,,https://boutique-she.com/wp-content/uploads/2026/04/IMG_7865-scaled.jpeg,,,id:60240,,,,,,3,,,,,10,,الألوان,Vert,,1,المقاس,"Standard (du 38 au 44/46)",,1,,,,,,,,,,,,,,,,,,,,,,,,,,,,,,,,,,,,,,,,,,yes,yes,,,,product,,,,,,,,,,,,,,,,,,1776867765,,,,,upload,,
60245,variation,,,"Robe Parisa<span> - </span>Noir, Standard (du 38 au 44/46)",1,0,visible,,,,,taxable,parent,0,0,,0,0,,,,,0,,,5900,,,,https://boutique-she.com/wp-content/uploads/2026/04/IMG_8530.jpeg,,,id:60240,,,,,,4,,,,,10,,الألوان,Noir,,1,المقاس,"Standard (du 38 au 44/46)",,1,,,,,,,,,,,,,,,,,,,,,,,,,,,,,,,,,,,,,,,,,,yes,yes,,,,product,,,,,,,,,,,,,,,,,,1777728829,,,,,upload,,
60246,variation,,,"Robe Parisa<span> - </span>Rose, Standard (du 38 au 44/46)",1,0,visible,,,,,taxable,parent,0,0,,0,0,,,,,0,,,5900,,,,https://boutique-she.com/wp-content/uploads/2026/04/IMG_8532.jpeg,,,id:60240,,,,,,5,,,,,10,,الألوان,Rose,,1,المقاس,"Standard (du 38 au 44/46)",,1,,,,,,,,,,,,,,,,,,,,,,,,,,,,,,,,,,,,,,,,,,yes,yes,,,,product,,,,,,,,,,,,,,,,,,1777385420,,,,,upload,,
60247,variation,,,"Robe Parisa<span> - </span>Taupe, Standard (du 38 au 44/46)",1,0,visible,,,,,taxable,parent,0,0,,0,0,,,,,0,,,5900,,,,https://boutique-she.com/wp-content/uploads/2026/04/IMG_8531.jpeg,,,id:60240,,,,,,6,,,,,10,,الألوان,Taupe,,1,المقاس,"Standard (du 38 au 44/46)",,1,,,,,,,,,,,,,,,,,,,,,,,,,,,,,,,,,,,,,,,,,,yes,yes,,,,product,,,,,,,,,,,,,,,,,,1777728829,,,,,upload,,
60254,variation,,,"Robe Parisa<span> - </span>Corail, Standard (du 38 au 44/46)",1,0,visible,,,,,taxable,parent,0,0,,0,0,,,,,0,,,5900,,,,https://boutique-she.com/wp-content/uploads/2026/04/IMG_7854-scaled.jpeg,,,id:60240,,,,,,1,,,,,10,,الألوان,Corail,,1,المقاس,"Standard (du 38 au 44/46)",,1,,,,,,,,,,,,,,,,,,,,,,,,,,,,,,,,,,,,,,,,,,yes,yes,,,,product,,,,,,,,,,,,,,,,,,1776907164,,,,,upload,,
60257,variable,,,"Ensemble Corset",1,0,visible,,,,,taxable,,0,,,0,0,,,,,0,,,,Ensemble,,,"https://boutique-she.com/wp-content/uploads/2026/04/IMG_7902-scaled.jpeg, https://boutique-she.com/wp-content/uploads/2026/04/IMG_7902-scaled.jpeg, https://boutique-she.com/wp-content/uploads/2026/04/IMG_7905-scaled.jpeg, https://boutique-she.com/wp-content/uploads/2026/04/IMG_8534.jpeg, https://boutique-she.com/wp-content/uploads/2026/04/IMG_8535.jpeg, https://boutique-she.com/wp-content/uploads/2026/04/IMG_8536.jpeg, https://boutique-she.com/wp-content/uploads/2026/04/IMG_8537.jpeg, https://boutique-she.com/wp-content/uploads/2026/04/IMG_8538.jpeg",,,,,,,,,0,,,,0,10,,الألوان,"bleu jean, Bordeaux, crème, Marron, Noir, Taupe, Vert",1,1,المقاس,"Standard (du 38 au 44/46)",1,1,none,,no,,,none,default,default,none,,,,,,,,inherit,inherit,,after,inherit,,,,text,,,,text,,,,,,,,,,,,,yes,yes,,,,,,,,,text,,,,,text,,,,,text,,,1779395117,10,,,,,,
60259,variation,,,"Ensemble Corset<span> - </span>bleu jean, Standard (du 38 au 44/46)",1,0,visible,,,,,taxable,parent,0,0,,0,0,,,,,0,,,6500,,,,https://boutique-she.com/wp-content/uploads/2026/04/IMG_8535.jpeg,,,id:60257,,,,,,1,,,,,10,,الألوان,"bleu jean",,1,المقاس,"Standard (du 38 au 44/46)",,1,,,,,,,,,,,,,,,,,,,,,,,,,,,,,,,,,,,,,,,,,,yes,yes,,,,product,,,,,,,,,,,,,,,,,,1776959152,,,,,upload,,
60260,variation,,,"Ensemble Corset<span> - </span>Bordeaux, Standard (du 38 au 44/46)",1,0,visible,,,,,taxable,parent,0,0,,0,0,,,,,0,,,6500,,,,https://boutique-she.com/wp-content/uploads/2026/04/IMG_8536.jpeg,,,id:60257,,,,,,2,,,,,10,,الألوان,Bordeaux,,1,المقاس,"Standard (du 38 au 44/46)",,1,,,,,,,,,,,,,,,,,,,,,,,,,,,,,,,,,,,,,,,,,,yes,yes,,,,product,,,,,,,,,,,,,,,,,,1776959152,,,,,upload,,
60261,variation,,,"Ensemble Corset<span> - </span>crème, Standard (du 38 au 44/46)",1,0,visible,,,,,taxable,parent,0,0,,0,0,,,,,0,,,6500,,,,https://boutique-she.com/wp-content/uploads/2026/04/IMG_8538.jpeg,,,id:60257,,,,,,3,,,,,10,,الألوان,crème,,1,المقاس,"Standard (du 38 au 44/46)",,1,,,,,,,,,,,,,,,,,,,,,,,,,,,,,,,,,,,,,,,,,,yes,yes,,,,product,,,,,,,,,,,,,,,,,,1776959153,,,,,upload,,
60262,variation,,,"Ensemble Corset<span> - </span>Marron, Standard (du 38 au 44/46)",1,0,visible,,,,,taxable,parent,0,0,,0,0,,,,,0,,,6500,,,,https://boutique-she.com/wp-content/uploads/2026/04/IMG_8534.jpeg,,,id:60257,,,,,,4,,,,,10,,الألوان,Marron,,1,المقاس,"Standard (du 38 au 44/46)",,1,,,,,,,,,,,,,,,,,,,,,,,,,,,,,,,,,,,,,,,,,,yes,yes,,,,product,,,,,,,,,,,,,,,,,,1776959153,,,,,upload,,
60263,variation,,,"Ensemble Corset<span> - </span>Noir, Standard (du 38 au 44/46)",1,0,visible,,,,,taxable,parent,0,0,,0,0,,,,,0,,,6500,,,,https://boutique-she.com/wp-content/uploads/2026/04/IMG_8537.jpeg,,,id:60257,,,,,,5,,,,,10,,الألوان,Noir,,1,المقاس,"Standard (du 38 au 44/46)",,1,,,,,,,,,,,,,,,,,,,,,,,,,,,,,,,,,,,,,,,,,,yes,yes,,,,product,,,,,,,,,,,,,,,,,,1776959153,,,,,upload,,
60264,variation,,,"Ensemble Corset<span> - </span>Taupe, Standard (du 38 au 44/46)",1,0,visible,,,,,taxable,parent,0,0,,0,0,,,,,0,,,6500,,,,https://boutique-she.com/wp-content/uploads/2026/04/IMG_7905-scaled.jpeg,,,id:60257,,,,,,6,,,,,10,,الألوان,Taupe,,1,المقاس,"Standard (du 38 au 44/46)",,1,,,,,,,,,,,,,,,,,,,,,,,,,,,,,,,,,,,,,,,,,,yes,yes,,,,product,,,,,,,,,,,,,,,,,,1776959153,,,,,upload,,
60265,variation,,,"Ensemble Corset<span> - </span>Vert, Standard (du 38 au 44/46)",1,0,visible,,,,,taxable,parent,0,0,,0,0,,,,,0,,,6500,,,,https://boutique-she.com/wp-content/uploads/2026/04/IMG_7902-scaled.jpeg,,,id:60257,,,,,,7,,,,,10,,الألوان,Vert,,1,المقاس,"Standard (du 38 au 44/46)",,1,,,,,,,,,,,,,,,,,,,,,,,,,,,,,,,,,,,,,,,,,,yes,yes,,,,product,,,,,,,,,,,,,,,,,,1779395117,,,,,upload,,
60327,variation,,,"Ensemble Layane<span> - </span>Jaune, Standard (du 38 au 44/46)",1,0,visible,,,,,taxable,parent,1,4,,0,0,,,,,0,,,6500,,,,https://boutique-she.com/wp-content/uploads/2026/04/IMG_8628.jpeg,,,id:60039,,,,,,1,,,,,10,,الألوان,Jaune,,1,المقاس,"Standard (du 38 au 44/46)",,1,,,,,,,,,,,,,,,,,,,,,,,,,,,,,,,,,,,,,,,,,,yes,yes,,,,product,,,,,,,,,,,,,,,,,,1778937862,,,,,upload,,
60328,variation,,,"Ensemble Layane<span> - </span>Rose, Standard (du 38 au 44/46)",1,0,visible,,,,,taxable,parent,1,4,,0,0,,,,,0,,,6500,,,,https://boutique-she.com/wp-content/uploads/2026/04/IMG_8627.jpeg,,,id:60039,,,,,,2,,,,,10,,الألوان,Rose,,1,المقاس,"Standard (du 38 au 44/46)",,1,,,,,,,,,,,,,,,,,,,,,,,,,,,,,,,,,,,,,,,,,,yes,yes,,,,product,,,,,,,,,,,,,,,,,,1776948065,,,,,upload,,
60331,variation,,,"Robe Luna<span> - </span>bleu, Standard (du 38 au 44/46)",1,0,visible,,,,,taxable,parent,1,1,,0,0,,,,,0,,,5900,,,,https://boutique-she.com/wp-content/uploads/2026/04/IMG_8629.jpeg,,,id:60114,,,,,,1,,,,,10,,الألوان,bleu,,1,المقاس,"Standard (du 38 au 44/46)",,1,,,,,,,,,,,,,,,,,,,,,,,,,,,,,,,,,,,,,,,,,,yes,yes,,,,product,,,,,,,,,,,,,,,,,,1780227070,,,,,upload,,
60332,variation,,,"Robe Luna<span> - </span>Brique, Standard (du 38 au 44/46)",1,0,visible,,,,,taxable,parent,0,0,,0,0,,,,,0,,,5900,,,,https://boutique-she.com/wp-content/uploads/2026/04/IMG_8631.jpeg,,,id:60114,,,,,,2,,,,,10,,الألوان,Brique,,1,المقاس,"Standard (du 38 au 44/46)",,1,,,,,,,,,,,,,,,,,,,,,,,,,,,,,,,,,,,,,,,,,,yes,yes,,,,product,,,,,,,,,,,,,,,,,,1778494130,,,,,upload,,
60333,variation,,,"Robe Luna<span> - </span>Jaune, Standard (du 38 au 44/46)",1,0,visible,,,,,taxable,parent,1,4,,0,0,,,,,0,,,5900,,,,https://boutique-she.com/wp-content/uploads/2026/04/IMG_8632.jpeg,,,id:60114,,,,,,3,,,,,10,,الألوان,Jaune,,1,المقاس,"Standard (du 38 au 44/46)",,1,,,,,,,,,,,,,,,,,,,,,,,,,,,,,,,,,,,,,,,,,,yes,yes,,,,product,,,,,,,,,,,,,,,,,,1776948010,,,,,upload,,
60334,variation,,,"Robe Luna<span> - </span>Vert, Standard (du 38 au 44/46)",1,0,visible,,,,,taxable,parent,1,1,,0,0,,,,,0,,,5900,,,,https://boutique-she.com/wp-content/uploads/2026/04/IMG_8630.jpeg,,,id:60114,,,,,,4,,,,,10,,الألوان,Vert,,1,المقاس,"Standard (du 38 au 44/46)",,1,,,,,,,,,,,,,,,,,,,,,,,,,,,,,,,,,,,,,,,,,,yes,yes,,,,product,,,,,,,,,,,,,,,,,,1776948010,,,,,upload,,
60342,variable,,,"Robe Tina",1,0,visible,,,,,taxable,,0,,,0,0,,,,,0,,,,"Robe Hidjab",,,https://boutique-she.com/wp-content/uploads/2026/04/IMG_7880-scaled.jpeg,,,,,,,,,0,,,,0,10,,الألوان,"Bordeaux, crème, Marron, Noir, Rose, Taupe, Vert",1,1,المقاس,"Standard (du 38 au 44/46)",1,1,none,,no,,,none,default,default,none,,,,,,,,inherit,inherit,,after,inherit,,,,text,,,,text,,,,,,,,,,,,,yes,yes,,,,,,,,,text,,,,,text,,,,,text,,,1777735286,12,,,,,,
60344,variation,,,"Robe Tina<span> - </span>Bordeaux, Standard (du 38 au 44/46)",1,0,visible,,,,,taxable,parent,0,0,,0,0,,,,,0,,,5900,,,,https://boutique-she.com/wp-content/uploads/2026/04/IMG_8638.jpeg,,,id:60342,,,,,,1,,,,,10,,الألوان,Bordeaux,,1,المقاس,"Standard (du 38 au 44/46)",,1,,,,,,,,,,,,,,,,,,,,,,,,,,,,,,,,,,,,,,,,,,yes,yes,,,,product,,,,,,,,,,,,,,,,,,1777735286,,,,,upload,,
60345,variation,,,"Robe Tina<span> - </span>crème, Standard (du 38 au 44/46)",1,0,visible,,,,,taxable,parent,0,0,,0,0,,,,,0,,,5900,,,,https://boutique-she.com/wp-content/uploads/2026/04/IMG_8635.jpeg,,,id:60342,,,,,,2,,,,,10,,الألوان,crème,,1,المقاس,"Standard (du 38 au 44/46)",,1,,,,,,,,,,,,,,,,,,,,,,,,,,,,,,,,,,,,,,,,,,yes,yes,,,,product,,,,,,,,,,,,,,,,,,1777735286,,,,,upload,,
60346,variation,,,"Robe Tina<span> - </span>Marron, Standard (du 38 au 44/46)",1,0,visible,,,,,taxable,parent,0,0,,0,0,,,,,0,,,5900,,,,https://boutique-she.com/wp-content/uploads/2026/04/IMG_7880-scaled.jpeg,,,id:60342,,,,,,3,,,,,10,,الألوان,Marron,,1,المقاس,"Standard (du 38 au 44/46)",,1,,,,,,,,,,,,,,,,,,,,,,,,,,,,,,,,,,,,,,,,,,yes,yes,,,,product,,,,,,,,,,,,,,,,,,1777135731,,,,,upload,,
60347,variation,,,"Robe Tina<span> - </span>Noir, Standard (du 38 au 44/46)",1,0,visible,,,,,taxable,parent,0,0,,0,0,,,,,0,,,5900,,,,https://boutique-she.com/wp-content/uploads/2026/04/IMG_8637.jpeg,,,id:60342,,,,,,4,,,,,10,,الألوان,Noir,,1,المقاس,"Standard (du 38 au 44/46)",,1,,,,,,,,,,,,,,,,,,,,,,,,,,,,,,,,,,,,,,,,,,yes,yes,,,,product,,,,,,,,,,,,,,,,,,1777735286,,,,,upload,,
60348,variation,,,"Robe Tina<span> - </span>Rose, Standard (du 38 au 44/46)",1,0,visible,,,,,taxable,parent,0,0,,0,0,,,,,0,,,5900,,,,https://boutique-she.com/wp-content/uploads/2026/04/IMG_8636.jpeg,,,id:60342,,,,,,5,,,,,10,,الألوان,Rose,,1,المقاس,"Standard (du 38 au 44/46)",,1,,,,,,,,,,,,,,,,,,,,,,,,,,,,,,,,,,,,,,,,,,yes,yes,,,,product,,,,,,,,,,,,,,,,,,1777735286,,,,,upload,,
60349,variation,,,"Robe Tina<span> - </span>Taupe, Standard (du 38 au 44/46)",1,0,visible,,,,,taxable,parent,0,0,,0,0,,,,,0,,,5900,,,,https://boutique-she.com/wp-content/uploads/2026/04/IMG_8639.jpeg,,,id:60342,,,,,,6,,,,,10,,الألوان,Taupe,,1,المقاس,"Standard (du 38 au 44/46)",,1,,,,,,,,,,,,,,,,,,,,,,,,,,,,,,,,,,,,,,,,,,yes,yes,,,,product,,,,,,,,,,,,,,,,,,1777722912,,,,,upload,,
60350,variation,,,"Robe Tina<span> - </span>Vert, Standard (du 38 au 44/46)",1,0,visible,,,,,taxable,parent,0,0,,0,0,,,,,0,,,5900,,,,https://boutique-she.com/wp-content/uploads/2026/04/IMG_7877-scaled.jpeg,,,id:60342,,,,,,7,,,,,10,,الألوان,Vert,,1,المقاس,"Standard (du 38 au 44/46)",,1,,,,,,,,,,,,,,,,,,,,,,,,,,,,,,,,,,,,,,,,,,yes,yes,,,,product,,,,,,,,,,,,,,,,,,1777130888,,,,,upload,,
60373,variable,,,"Robe Tokyo",1,0,visible,,,,,taxable,,0,,,0,0,,,,,0,,,,"Robe Hidjab",,,"https://boutique-she.com/wp-content/uploads/2026/04/IMG_7794.jpeg, https://boutique-she.com/wp-content/uploads/2026/04/IMG_8698.jpeg, https://boutique-she.com/wp-content/uploads/2026/04/IMG_8697-scaled.jpeg, https://boutique-she.com/wp-content/uploads/2026/04/IMG_8696.jpeg, https://boutique-she.com/wp-content/uploads/2026/04/IMG_7794.jpeg, https://boutique-she.com/wp-content/uploads/2026/04/IMG_7798-scaled.jpeg",,,,,,,,,0,,,,0,10,,الألوان,"Bordeaux, Marron, Noir, Taupe, Vert",1,1,المقاس,"Standard (du 38 au 44/46)",1,1,none,,no,,,none,default,default,none,,,,,,,,inherit,inherit,,after,inherit,,,,text,,,,text,,,,,,,,,,,,,yes,yes,,,,,,,,,text,,,,,text,,,,,text,,,1778147540,9,,,,,,
60374,variation,,,"Robe Tokyo<span> - </span>Bordeaux, Standard (du 38 au 44/46)",1,0,visible,,,,,taxable,parent,0,0,,0,0,,,,,0,,,5900,,,,https://boutique-she.com/wp-content/uploads/2026/04/IMG_8697-scaled.jpeg,,,id:60373,,,,,,1,,,,,10,,الألوان,Bordeaux,,1,المقاس,"Standard (du 38 au 44/46)",,1,,,,,,,,,,,,,,,,,,,,,,,,,,,,,,,,,,,,,,,,,,yes,yes,,,,product,,,,,,,,,,,,,,,,,,1778147539,,,,,upload,,
60376,variation,,,"Robe Tokyo<span> - </span>Marron, Standard (du 38 au 44/46)",1,0,visible,,,,,taxable,parent,0,0,,0,0,,,,,0,,,5900,,,,https://boutique-she.com/wp-content/uploads/2026/04/IMG_8698.jpeg,,,id:60373,,,,,,2,,,,,10,,الألوان,Marron,,1,المقاس,"Standard (du 38 au 44/46)",,1,,,,,,,,,,,,,,,,,,,,,,,,,,,,,,,,,,,,,,,,,,yes,yes,,,,product,,,,,,,,,,,,,,,,,,1778147539,,,,,upload,,
60377,variation,,,"Robe Tokyo<span> - </span>Noir, Standard (du 38 au 44/46)",1,0,visible,,,,,taxable,parent,0,0,,0,0,,,,,0,,,5900,,,,https://boutique-she.com/wp-content/uploads/2026/04/IMG_8696.jpeg,,,id:60373,,,,,,3,,,,,10,,الألوان,Noir,,1,المقاس,"Standard (du 38 au 44/46)",,1,,,,,,,,,,,,,,,,,,,,,,,,,,,,,,,,,,,,,,,,,,yes,yes,,,,product,,,,,,,,,,,,,,,,,,1778147540,,,,,upload,,
60379,variation,,,"Robe Tokyo<span> - </span>Taupe, Standard (du 38 au 44/46)",1,0,visible,,,,,taxable,parent,0,0,,0,0,,,,,0,,,5900,,,,https://boutique-she.com/wp-content/uploads/2026/04/IMG_7798-scaled.jpeg,,,id:60373,,,,,,4,,,,,10,,الألوان,Taupe,,1,المقاس,"Standard (du 38 au 44/46)",,1,,,,,,,,,,,,,,,,,,,,,,,,,,,,,,,,,,,,,,,,,,yes,yes,,,,product,,,,,,,,,,,,,,,,,,1778147540,,,,,upload,,
60380,variation,,,"Robe Tokyo<span> - </span>Vert, Standard (du 38 au 44/46)",1,0,visible,,,,,taxable,parent,0,0,,0,0,,,,,0,,,5900,,,,https://boutique-she.com/wp-content/uploads/2026/04/IMG_7794.jpeg,,,id:60373,,,,,,5,,,,,10,,الألوان,Vert,,1,المقاس,"Standard (du 38 au 44/46)",,1,,,,,,,,,,,,,,,,,,,,,,,,,,,,,,,,,,,,,,,,,,yes,yes,,,,product,,,,,,,,,,,,,,,,,,1777413150,,,,,upload,,
60389,variable,,,"Robe Étoile",1,0,visible,,,,,taxable,,1,,,0,0,,,,,0,,,,"Robe Hidjab",,,"https://boutique-she.com/wp-content/uploads/2026/04/IMG_8725-scaled.jpeg, https://boutique-she.com/wp-content/uploads/2026/04/IMG_8733-scaled.jpeg, https://boutique-she.com/wp-content/uploads/2026/04/IMG_8725-scaled.jpeg, https://boutique-she.com/wp-content/uploads/2026/04/IMG_8749.jpeg, https://boutique-she.com/wp-content/uploads/2026/04/IMG_8750.jpeg, https://boutique-she.com/wp-content/uploads/2026/04/IMG_8751.jpeg, https://boutique-she.com/wp-content/uploads/2026/04/IMG_8752.jpeg, https://boutique-she.com/wp-content/uploads/2026/04/IMG_8753.jpeg",,,,,,,,,0,,,,0,10,,الألوان,"crème, Jaune, Marron, Noir, Rose, Taupe, Vert",1,1,المقاس,"Standard (du 38 au 44/46)",1,1,none,,no,,,none,default,default,none,,,,,,,,inherit,inherit,,after,inherit,,,,text,,,,text,,,,,,,,,,,,,yes,yes,,,,product,,,,,text,,,,,text,,,,,text,,,1777031807,29,,,,,,
60391,variation,,,"Robe Étoile<span> - </span>crème, Standard (du 38 au 44/46)",1,0,visible,,,,,taxable,parent,1,2,,0,0,,,,,0,,,5900,,,,https://boutique-she.com/wp-content/uploads/2026/04/IMG_8751.jpeg,,,id:60389,,,,,,2,,,,,10,,الألوان,crème,,1,المقاس,"Standard (du 38 au 44/46)",,1,,,,,,,,,,,,,,,,,,,,,,,,,,,,,,,,,,,,,,,,,,yes,yes,,,,product,,,,,,,,,,,,,,,,,,1777032138,,,,,upload,,
60392,variation,,,"Robe Étoile<span> - </span>Jaune, Standard (du 38 au 44/46)",1,0,visible,,,,,taxable,parent,0,0,,0,0,,,,,0,,,5900,,,,https://boutique-she.com/wp-content/uploads/2026/04/IMG_8725-scaled.jpeg,,,id:60389,,,,,,3,,,,,10,,الألوان,Jaune,,1,المقاس,"Standard (du 38 au 44/46)",,1,,,,,,,,,,,,,,,,,,,,,,,,,,,,,,,,,,,,,,,,,,yes,yes,,,,product,,,,,,,,,,,,,,,,,,1778862799,,,,,upload,,
60393,variation,,,"Robe Étoile<span> - </span>Marron, Standard (du 38 au 44/46)",1,0,visible,,,,,taxable,parent,0,0,,0,0,,,,,0,,,5900,,,,https://boutique-she.com/wp-content/uploads/2026/04/IMG_8733-scaled.jpeg,,,id:60389,,,,,,4,,,,,10,,الألوان,Marron,,1,المقاس,"Standard (du 38 au 44/46)",,1,,,,,,,,,,,,,,,,,,,,,,,,,,,,,,,,,,,,,,,,,,yes,yes,,,,product,,,,,,,,,,,,,,,,,,1778167660,,,,,upload,,
60394,variation,,,"Robe Étoile<span> - </span>Noir, Standard (du 38 au 44/46)",1,0,visible,,,,,taxable,parent,0,-1,,0,0,,,,,0,,,5900,,,,https://boutique-she.com/wp-content/uploads/2026/04/IMG_8752.jpeg,,,id:60389,,,,,,5,,,,,10,,الألوان,Noir,,1,المقاس,"Standard (du 38 au 44/46)",,1,,,,,,,,,,,,,,,,,,,,,,,,,,,,,,,,,,,,,,,,,,yes,yes,,,,product,,,,,,,,,,,,,,,,,,1778667988,,,,,upload,,
60395,variation,,,"Robe Étoile<span> - </span>Rose, Standard (du 38 au 44/46)",1,0,visible,,,,,taxable,parent,0,0,,0,0,,,,,0,,,5900,,,,https://boutique-she.com/wp-content/uploads/2026/04/IMG_8750.jpeg,,,id:60389,,,,,,6,,,,,10,,الألوان,Rose,,1,المقاس,"Standard (du 38 au 44/46)",,1,,,,,,,,,,,,,,,,,,,,,,,,,,,,,,,,,,,,,,,,,,yes,yes,,,,product,,,,,,,,,,,,,,,,,,1778667988,,,,,upload,,
60396,variation,,,"Robe Étoile<span> - </span>Taupe, Standard (du 38 au 44/46)",1,0,visible,,,,,taxable,parent,1,2,,0,0,,,,,0,,,5900,,,,https://boutique-she.com/wp-content/uploads/2026/04/IMG_8753.jpeg,,,id:60389,,,,,,7,,,,,10,,الألوان,Taupe,,1,المقاس,"Standard (du 38 au 44/46)",,1,,,,,,,,,,,,,,,,,,,,,,,,,,,,,,,,,,,,,,,,,,yes,yes,,,,product,,,,,,,,,,,,,,,,,,1778667988,,,,,upload,,
60404,variation,,,"Robe Étoile<span> - </span>Vert, Standard (du 38 au 44/46)",1,0,visible,,,,,taxable,parent,1,2,,0,0,,,,,0,,,,,,,https://boutique-she.com/wp-content/uploads/2026/04/IMG_8749.jpeg,,,id:60389,,,,,,1,,,,,10,,الألوان,Vert,,1,المقاس,"Standard (du 38 au 44/46)",,1,,,,,,,,,,,,,,,,,,,,,,,,,,,,,,,,,,,,,,,,,,yes,yes,,,,product,,,,,,,,,,,,,,,,,,1778667988,,,,,upload,,
60405,variable,,,"Ensemble colle V",1,0,visible,,,,,taxable,,1,,,0,0,,,,,0,,,,Ensemble,,,"https://boutique-she.com/wp-content/uploads/2026/04/IMG_8204-scaled.jpeg, https://boutique-she.com/wp-content/uploads/2026/04/IMG_8204-scaled.jpeg, https://boutique-she.com/wp-content/uploads/2026/04/IMG_8200-scaled.jpeg, https://boutique-she.com/wp-content/uploads/2026/04/IMG_8754.jpeg, https://boutique-she.com/wp-content/uploads/2026/04/IMG_8755.jpeg, https://boutique-she.com/wp-content/uploads/2026/04/IMG_8756.jpeg, https://boutique-she.com/wp-content/uploads/2026/04/IMG_8757.jpeg",,,,,,,,,0,,,,0,10,,الألوان,"bleu, Jaune, Marron, Rose, Taupe, Vert",1,1,المقاس,"Standard (du 38 au 44/46)",1,1,none,,no,,,none,default,default,none,,,,,,,,inherit,inherit,,after,inherit,,,,text,,,,text,,,,,,,,,,,,,yes,yes,,,,,,,,,text,,,,,text,,,,,text,,,1777033300,11,,,,,,
60407,variation,,,"Ensemble colle V<span> - </span>bleu, Standard (du 38 au 44/46)",1,0,visible,,,,,taxable,parent,1,4,,0,0,,,,,0,,,6500,,,,https://boutique-she.com/wp-content/uploads/2026/04/IMG_8754.jpeg,,,id:60405,,,,,,1,,,,,10,,الألوان,bleu,,1,المقاس,"Standard (du 38 au 44/46)",,1,,,,,,,,,,,,,,,,,,,,,,,,,,,,,,,,,,,,,,,,,,yes,yes,,,,product,,,,,,,,,,,,,,,,,,1777033608,,,,,upload,,
60408,"variation, virtual",,,"Ensemble colle V<span> - </span>Jaune, Standard (du 38 au 44/46)",1,0,visible,,,,,taxable,parent,0,0,,0,0,,,,,0,,,6500,,,,https://boutique-she.com/wp-content/uploads/2026/04/IMG_8200-scaled.jpeg,,,id:60405,,,,,,2,,,,,10,,الألوان,Jaune,,1,المقاس,"Standard (du 38 au 44/46)",,1,,,,,,,,,,,,,,,,,,,,,,,,,,,,,,,,,,,,,,,,,,yes,no,,,,product,,,,,,,,,,,,,,,,,,1777057166,,,,,upload,,
60409,"variation, virtual",,,"Ensemble colle V<span> - </span>Marron, Standard (du 38 au 44/46)",1,0,visible,,,,,taxable,parent,1,2,,0,0,,,,,0,,,6500,,,,https://boutique-she.com/wp-content/uploads/2026/04/IMG_8757.jpeg,,,id:60405,,,,,,3,,,,,10,,الألوان,Marron,,1,المقاس,"Standard (du 38 au 44/46)",,1,,,,,,,,,,,,,,,,,,,,,,,,,,,,,,,,,,,,,,,,,,yes,no,,,,product,,,,,,,,,,,,,,,,,,1777033608,,,,,upload,,
60410,"variation, virtual",,,"Ensemble colle V<span> - </span>Rose, Standard (du 38 au 44/46)",1,0,visible,,,,,taxable,parent,0,0,,0,0,,,,,0,,,6500,,,,https://boutique-she.com/wp-content/uploads/2026/04/IMG_8204-scaled.jpeg,,,id:60405,,,,,,4,,,,,10,,الألوان,Rose,,1,المقاس,"Standard (du 38 au 44/46)",,1,,,,,,,,,,,,,,,,,,,,,,,,,,,,,,,,,,,,,,,,,,yes,no,,,,product,,,,,,,,,,,,,,,,,,1777218110,,,,,upload,,
60411,"variation, virtual",,,"Ensemble colle V<span> - </span>Taupe, Standard (du 38 au 44/46)",1,0,visible,,,,,taxable,parent,1,2,,0,0,,,,,0,,,6500,,,,https://boutique-she.com/wp-content/uploads/2026/04/IMG_8756.jpeg,,,id:60405,,,,,,5,,,,,10,,الألوان,Taupe,,1,المقاس,"Standard (du 38 au 44/46)",,1,,,,,,,,,,,,,,,,,,,,,,,,,,,,,,,,,,,,,,,,,,yes,no,,,,,,,,,,,,,,,,,,,,,,1777033631,,,,,,,
60412,variation,,,"Ensemble colle V<span> - </span>Vert, Standard (du 38 au 44/46)",1,0,visible,,,,,taxable,parent,0,0,,0,0,,,,,0,,,6500,,,,https://boutique-she.com/wp-content/uploads/2026/04/IMG_8755.jpeg,,,id:60405,,,,,,6,,,,,10,,الألوان,Vert,,1,المقاس,"Standard (du 38 au 44/46)",,1,,,,,,,,,,,,,,,,,,,,,,,,,,,,,,,,,,,,,,,,,,yes,yes,,,,product,,,,,,,,,,,,,,,,,,1780319379,,,,,upload,,
60422,variable,,,"Ensemble Missaka",1,0,visible,,,,,taxable,,1,,,0,0,,,,,0,,,,Ensemble,,,"https://boutique-she.com/wp-content/uploads/2026/04/IMG_8385-scaled.jpeg, https://boutique-she.com/wp-content/uploads/2026/04/IMG_8762.jpeg, https://boutique-she.com/wp-content/uploads/2026/04/IMG_8761.jpeg, https://boutique-she.com/wp-content/uploads/2026/04/IMG_8760.jpeg, https://boutique-she.com/wp-content/uploads/2026/04/IMG_8759.jpeg, https://boutique-she.com/wp-content/uploads/2026/04/IMG_8385-scaled.jpeg, https://boutique-she.com/wp-content/uploads/2026/04/IMG_8391.jpeg",,,,,,,,,0,,,,0,10,,الألوان,"bleu, caramel, crème, Noir, Rose, Vert",1,1,المقاس,"M/L (38-40-42), Xl/xxl (44-46-48)",1,1,none,,no,,,none,default,default,none,,,,,,,,inherit,inherit,,after,inherit,,,,text,,,,text,,,,,,,,,,,,,yes,yes,,,,,,,,,text,,,,,text,,,,,text,,,1777036121,18,,,,,,
60430,variation,,,"Ensemble Missaka<span> - </span>bleu, M/L (38-40-42)",1,0,visible,,,,,taxable,parent,0,0,,0,0,,,,,0,,,6500,,,,https://boutique-she.com/wp-content/uploads/2026/04/IMG_8759-1.jpeg,,,id:60422,,,,,,1,,,,,10,,الألوان,bleu,,1,المقاس,"M/L (38-40-42)",,1,,,,,,,,,,,,,,,,,,,,,,,,,,,,,,,,,,,,,,,,,,yes,yes,,,,product,,,,,,,,,,,,,,,,,,1777796089,,,,,upload,,
60431,variation,,,"Ensemble Missaka<span> - </span>bleu, Xl/xxl (44-46-48)",1,0,visible,,,,,taxable,parent,0,0,,0,0,,,,,0,,,6500,,,,https://boutique-she.com/wp-content/uploads/2026/04/IMG_8759-1.jpeg,,,id:60422,,,,,,2,,,,,10,,الألوان,bleu,,1,المقاس,"Xl/xxl (44-46-48)",,1,,,,,,,,,,,,,,,,,,,,,,,,,,,,,,,,,,,,,,,,,,yes,yes,,,,product,,,,,,,,,,,,,,,,,,1777571770,,,,,upload,,
60432,variation,,,"Ensemble Missaka<span> - </span>caramel, Xl/xxl (44-46-48)",1,0,visible,,,,,taxable,parent,0,0,,0,0,,,,,0,,,6500,,,,https://boutique-she.com/wp-content/uploads/2026/04/IMG_8391-1.jpeg,,,id:60422,,,,,,3,,,,,10,,الألوان,caramel,,1,المقاس,"Xl/xxl (44-46-48)",,1,,,,,,,,,,,,,,,,,,,,,,,,,,,,,,,,,,,,,,,,,,yes,yes,,,,product,,,,,,,,,,,,,,,,,,1777135232,,,,,upload,,
60433,variation,,,"Ensemble Missaka<span> - </span>caramel, M/L (38-40-42)",1,0,visible,,,,,taxable,parent,0,0,,0,0,,,,,0,,,6500,,,,https://boutique-she.com/wp-content/uploads/2026/04/IMG_8391-1.jpeg,,,id:60422,,,,,,4,,,,,10,,الألوان,caramel,,1,المقاس,"M/L (38-40-42)",,1,,,,,,,,,,,,,,,,,,,,,,,,,,,,,,,,,,,,,,,,,,yes,yes,,,,product,,,,,,,,,,,,,,,,,,1778776858,,,,,upload,,
60434,variation,,,"Ensemble Missaka<span> - </span>crème, Xl/xxl (44-46-48)",1,0,visible,,,,,taxable,parent,1,1,,0,0,,,,,0,,,6500,,,,https://boutique-she.com/wp-content/uploads/2026/04/IMG_8762-1.jpeg,,,id:60422,,,,,,5,,,,,10,,الألوان,crème,,1,المقاس,"Xl/xxl (44-46-48)",,1,,,,,,,,,,,,,,,,,,,,,,,,,,,,,,,,,,,,,,,,,,yes,yes,,,,product,,,,,,,,,,,,,,,,,,1778008404,,,,,upload,,
60435,variation,,,"Ensemble Missaka<span> - </span>crème, M/L (38-40-42)",1,0,visible,,,,,taxable,parent,0,0,,0,0,,,,,0,,,6500,,,,https://boutique-she.com/wp-content/uploads/2026/04/IMG_8762.jpeg,,,id:60422,,,,,,6,,,,,10,,الألوان,crème,,1,المقاس,"M/L (38-40-42)",,1,,,,,,,,,,,,,,,,,,,,,,,,,,,,,,,,,,,,,,,,,,yes,yes,,,,product,,,,,,,,,,,,,,,,,,1777545381,,,,,upload,,
60436,variation,,,"Ensemble Missaka<span> - </span>Noir, Xl/xxl (44-46-48)",1,0,visible,,,,,taxable,parent,0,0,,0,0,,,,,0,,,6500,,,,https://boutique-she.com/wp-content/uploads/2026/04/IMG_8761-1.jpeg,,,id:60422,,,,,,7,,,,,10,,الألوان,Noir,,1,المقاس,"Xl/xxl (44-46-48)",,1,,,,,,,,,,,,,,,,,,,,,,,,,,,,,,,,,,,,,,,,,,yes,yes,,,,product,,,,,,,,,,,,,,,,,,1778350008,,,,,upload,,
60437,variation,,,"Ensemble Missaka<span> - </span>Noir, M/L (38-40-42)",1,0,visible,,,,,taxable,parent,0,0,,0,0,,,,,0,,,6500,,,,https://boutique-she.com/wp-content/uploads/2026/04/IMG_8761-1.jpeg,,,id:60422,,,,,,8,,,,,10,,الألوان,Noir,,1,المقاس,"M/L (38-40-42)",,1,,,,,,,,,,,,,,,,,,,,,,,,,,,,,,,,,,,,,,,,,,yes,yes,,,,product,,,,,,,,,,,,,,,,,,1777383250,,,,,upload,,
60438,variation,,,"Ensemble Missaka<span> - </span>Rose, Xl/xxl (44-46-48)",1,0,visible,,,,,taxable,parent,0,0,,0,0,,,,,0,,,6500,,,,https://boutique-she.com/wp-content/uploads/2026/04/IMG_8760-1.jpeg,,,id:60422,,,,,,9,,,,,10,,الألوان,Rose,,1,المقاس,"Xl/xxl (44-46-48)",,1,,,,,,,,,,,,,,,,,,,,,,,,,,,,,,,,,,,,,,,,,,yes,yes,,,,product,,,,,,,,,,,,,,,,,,1779122606,,,,,upload,,
60439,variation,,,"Ensemble Missaka<span> - </span>Rose, M/L (38-40-42)",1,0,visible,,,,,taxable,parent,0,0,,0,0,,,,,0,,,6500,,,,https://boutique-she.com/wp-content/uploads/2026/04/IMG_8760-1.jpeg,,,id:60422,,,,,,10,,,,,10,,الألوان,Rose,,1,المقاس,"M/L (38-40-42)",,1,,,,,,,,,,,,,,,,,,,,,,,,,,,,,,,,,,,,,,,,,,yes,yes,,,,product,,,,,,,,,,,,,,,,,,1780105002,,,,,upload,,
60440,variation,,,"Ensemble Missaka<span> - </span>Vert, Xl/xxl (44-46-48)",1,0,visible,,,,,taxable,parent,0,0,,0,0,,,,,0,,,6500,,,,https://boutique-she.com/wp-content/uploads/2026/04/IMG_8385-scaled.jpeg,,,id:60422,,,,,,11,,,,,10,,الألوان,Vert,,1,المقاس,"Xl/xxl (44-46-48)",,1,,,,,,,,,,,,,,,,,,,,,,,,,,,,,,,,,,,,,,,,,,yes,yes,,,,product,,,,,,,,,,,,,,,,,,1777135822,,,,,upload,,
60441,variation,,,"Ensemble Missaka<span> - </span>Vert, M/L (38-40-42)",1,0,visible,,,,,taxable,parent,1,1,,0,0,,,,,0,,,6500,,,,https://boutique-she.com/wp-content/uploads/2026/04/IMG_8385-scaled.jpeg,,,id:60422,,,,,,12,,,,,10,,الألوان,Vert,,1,المقاس,"M/L (38-40-42)",,1,,,,,,,,,,,,,,,,,,,,,,,,,,,,,,,,,,,,,,,,,,yes,yes,,,,product,,,,,,,,,,,,,,,,,,1778008405,,,,,upload,,
60477,variable,,,"Ensemble Missaka imprimé",1,0,visible,,,,,taxable,,1,,,0,0,,,,,0,,,,Ensemble,,,"https://boutique-she.com/wp-content/uploads/2026/04/IMG_8404-scaled.jpeg, https://boutique-she.com/wp-content/uploads/2026/04/IMG_8404-scaled.jpeg, https://boutique-she.com/wp-content/uploads/2026/04/IMG_8416.jpeg, https://boutique-she.com/wp-content/uploads/2026/04/IMG_8799.jpeg, https://boutique-she.com/wp-content/uploads/2026/04/IMG_8800.jpeg",,,,,,,,,0,,,,0,10,,الألوان,"Beige, bleu, crème, Noir",1,1,المقاس,"ML (38-40-42), XL/XXL (42-44-46)",1,1,none,,no,,,none,default,default,none,,,,,,,,inherit,inherit,,after,inherit,,,,text,,,,text,,,,,,,,,,,,,yes,yes,,,,,,,,,text,,,,,text,,,,,text,,,1777132702,23,,,,,,
60479,variation,,,"Ensemble Missaka imprimé<span> - </span>Beige, ML (38-40-42)",1,0,visible,,,,,taxable,parent,0,0,,0,0,,,,,0,,,6500,,,,https://boutique-she.com/wp-content/uploads/2026/04/IMG_8416.jpeg,,,id:60477,,,,,,1,,,,,10,,الألوان,Beige,,1,المقاس,"ML (38-40-42)",,1,,,,,,,,,,,,,,,,,,,,,,,,,,,,,,,,,,,,,,,,,,yes,yes,,,,product,,,,,,,,,,,,,,,,,,1777138273,,,,,upload,,
60480,"variation, virtual",,,"Ensemble Missaka imprimé<span> - </span>Beige, XL/XXL (42-44-46)",1,0,visible,,,,,taxable,parent,0,0,,0,0,,,,,0,,,6500,,,,https://boutique-she.com/wp-content/uploads/2026/04/IMG_8416.jpeg,,,id:60477,,,,,,2,,,,,10,,الألوان,Beige,,1,المقاس,"XL/XXL (42-44-46)",,1,,,,,,,,,,,,,,,,,,,,,,,,,,,,,,,,,,,,,,,,,,yes,no,,,,product,,,,,,,,,,,,,,,,,,1777139663,,,,,upload,,
60481,variation,,,"Ensemble Missaka imprimé<span> - </span>bleu, ML (38-40-42)",1,0,visible,,,,,taxable,parent,0,0,,0,0,,,,,0,,,6500,,,,https://boutique-she.com/wp-content/uploads/2026/04/IMG_8404-scaled.jpeg,,,id:60477,,,,,,3,,,,,10,,الألوان,bleu,,1,المقاس,"ML (38-40-42)",,1,,,,,,,,,,,,,,,,,,,,,,,,,,,,,,,,,,,,,,,,,,yes,yes,,,,product,,,,,,,,,,,,,,,,,,1777141294,,,,,upload,,
60482,variation,,,"Ensemble Missaka imprimé<span> - </span>bleu, XL/XXL (42-44-46)",1,0,visible,,,,,taxable,parent,0,0,,0,0,,,,,0,,,6500,,,,https://boutique-she.com/wp-content/uploads/2026/04/IMG_8404-scaled.jpeg,,,id:60477,,,,,,4,,,,,10,,الألوان,bleu,,1,المقاس,"XL/XXL (42-44-46)",,1,,,,,,,,,,,,,,,,,,,,,,,,,,,,,,,,,,,,,,,,,,yes,yes,,,,product,,,,,,,,,,,,,,,,,,1777308789,,,,,upload,,
60483,variation,,,"Ensemble Missaka imprimé<span> - </span>crème, ML (38-40-42)",1,0,visible,,,,,taxable,parent,1,1,,0,0,,,,,0,,,6500,,,,https://boutique-she.com/wp-content/uploads/2026/04/IMG_8800.jpeg,,,id:60477,,,,,,5,,,,,10,,الألوان,crème,,1,المقاس,"ML (38-40-42)",,1,,,,,,,,,,,,,,,,,,,,,,,,,,,,,,,,,,,,,,,,,,yes,yes,,,,product,,,,,,,,,,,,,,,,,,1777227045,,,,,upload,,
60484,variation,,,"Ensemble Missaka imprimé<span> - </span>crème, XL/XXL (42-44-46)",1,0,visible,,,,,taxable,parent,0,0,,0,0,,,,,0,,,6500,,,,https://boutique-she.com/wp-content/uploads/2026/04/IMG_8800.jpeg,,,id:60477,,,,,,6,,,,,10,,الألوان,crème,,1,المقاس,"XL/XXL (42-44-46)",,1,,,,,,,,,,,,,,,,,,,,,,,,,,,,,,,,,,,,,,,,,,yes,yes,,,,product,,,,,,,,,,,,,,,,,,1779110021,,,,,upload,,
60485,variation,,,"Ensemble Missaka imprimé<span> - </span>Noir, ML (38-40-42)",1,0,visible,,,,,taxable,parent,0,0,,0,0,,,,,0,,,6500,,,,https://boutique-she.com/wp-content/uploads/2026/04/IMG_8799.jpeg,,,id:60477,,,,,,7,,,,,10,,الألوان,Noir,,1,المقاس,"ML (38-40-42)",,1,,,,,,,,,,,,,,,,,,,,,,,,,,,,,,,,,,,,,,,,,,yes,yes,,,,product,,,,,,,,,,,,,,,,,,1777756444,,,,,upload,,
60486,variation,,,"Ensemble Missaka imprimé<span> - </span>Noir, XL/XXL (42-44-46)",1,0,visible,,,,,taxable,parent,0,0,,0,0,,,,,0,,,6500,,,,https://boutique-she.com/wp-content/uploads/2026/04/IMG_8799.jpeg,,,id:60477,,,,,,8,,,,,10,,الألوان,Noir,,1,المقاس,"XL/XXL (42-44-46)",,1,,,,,,,,,,,,,,,,,,,,,,,,,,,,,,,,,,,,,,,,,,yes,yes,,,,product,,,,,,,,,,,,,,,,,,1777143616,,,,,upload,,
60500,variable,,,"Jupe à petits pois",1,0,visible,,,,,taxable,,1,,,0,0,,,,,0,,,,Jupe,,,"https://boutique-she.com/wp-content/uploads/2026/04/IMG_8710-scaled.jpeg, https://boutique-she.com/wp-content/uploads/2026/04/IMG_8710-scaled.jpeg, https://boutique-she.com/wp-content/uploads/2026/04/IMG_8715-scaled.jpeg, https://boutique-she.com/wp-content/uploads/2026/04/IMG_8716-scaled.jpeg, https://boutique-she.com/wp-content/uploads/2026/04/IMG_8711-scaled.jpeg",,,,,,,,,0,,,,0,10,,الألوان,"blanc, Marron, Noir",1,1,المقاس,"38, 40, 42, 44, 46",1,1,none,,no,,,none,default,default,none,,,,,,,,inherit,inherit,,after,inherit,,,,text,,,,text,,,,,,,,,,,,,yes,yes,,,,product,,,,,text,,,,,text,,,,,text,,,1777136475,4,,,,,,
60508,variation,,,"Jupe à petits pois<span> - </span>blanc, 38",1,0,visible,,,,,taxable,parent,0,0,,0,0,,,,,0,,,5500,,,,https://boutique-she.com/wp-content/uploads/2026/04/IMG_8710-scaled.jpeg,,,id:60500,,,,,,1,,,,,10,,الألوان,blanc,,1,المقاس,38,,1,,,,,,,,,,,,,,,,,,,,,,,,,,,,,,,,,,,,,,,,,,yes,yes,,,,product,,,,,,,,,,,,,,,,,,1777662571,,,,,upload,,
60509,variation,,,"Jupe à petits pois<span> - </span>blanc, 40",1,0,visible,,,,,taxable,parent,0,0,,0,0,,,,,0,,,5500,,,,https://boutique-she.com/wp-content/uploads/2026/04/IMG_8710-scaled.jpeg,,,id:60500,,,,,,2,,,,,10,,الألوان,blanc,,1,المقاس,40,,1,,,,,,,,,,,,,,,,,,,,,,,,,,,,,,,,,,,,,,,,,,yes,yes,,,,product,,,,,,,,,,,,,,,,,,1777236287,,,,,upload,,
60510,variation,,,"Jupe à petits pois<span> - </span>blanc, 42",1,0,visible,,,,,taxable,parent,0,0,,0,0,,,,,0,,,5500,,,,https://boutique-she.com/wp-content/uploads/2026/04/IMG_8710-scaled.jpeg,,,id:60500,,,,,,3,,,,,10,,الألوان,blanc,,1,المقاس,42,,1,,,,,,,,,,,,,,,,,,,,,,,,,,,,,,,,,,,,,,,,,,yes,yes,,,,product,,,,,,,,,,,,,,,,,,1778110510,,,,,upload,,
60511,variation,,,"Jupe à petits pois<span> - </span>blanc, 44",1,0,visible,,,,,taxable,parent,0,0,,0,0,,,,,0,,,5500,,,,https://boutique-she.com/wp-content/uploads/2026/04/IMG_8710-scaled.jpeg,,,id:60500,,,,,,4,,,,,10,,الألوان,blanc,,1,المقاس,44,,1,,,,,,,,,,,,,,,,,,,,,,,,,,,,,,,,,,,,,,,,,,yes,yes,,,,product,,,,,,,,,,,,,,,,,,1779128433,,,,,upload,,
60512,variation,,,"Jupe à petits pois<span> - </span>blanc, 46",1,0,visible,,,,,taxable,parent,0,0,,0,0,,,,,0,,,5500,,,,https://boutique-she.com/wp-content/uploads/2026/04/IMG_8710-scaled.jpeg,,,id:60500,,,,,,5,,,,,10,,الألوان,blanc,,1,المقاس,46,,1,,,,,,,,,,,,,,,,,,,,,,,,,,,,,,,,,,,,,,,,,,yes,yes,,,,product,,,,,,,,,,,,,,,,,,1777993164,,,,,upload,,
60513,variation,,,"Jupe à petits pois<span> - </span>Marron, 38",1,0,visible,,,,,taxable,parent,0,0,,0,0,,,,,0,,,5500,,,,https://boutique-she.com/wp-content/uploads/2026/04/IMG_8715-scaled.jpeg,,,id:60500,,,,,,6,,,,,10,,الألوان,Marron,,1,المقاس,38,,1,,,,,,,,,,,,,,,,,,,,,,,,,,,,,,,,,,,,,,,,,,yes,yes,,,,product,,,,,,,,,,,,,,,,,,1779300561,,,,,upload,,
60514,variation,,,"Jupe à petits pois<span> - </span>Marron, 40",1,0,visible,,,,,taxable,parent,0,0,,0,0,,,,,0,,,5500,,,,https://boutique-she.com/wp-content/uploads/2026/04/IMG_8715-scaled.jpeg,,,id:60500,,,,,,7,,,,,10,,الألوان,Marron,,1,المقاس,40,,1,,,,,,,,,,,,,,,,,,,,,,,,,,,,,,,,,,,,,,,,,,yes,yes,,,,product,,,,,,,,,,,,,,,,,,1777157542,,,,,upload,,
60515,variation,,,"Jupe à petits pois<span> - </span>Marron, 42",1,0,visible,,,,,taxable,parent,0,0,,0,0,,,,,0,,,5500,,,,https://boutique-she.com/wp-content/uploads/2026/04/IMG_8715-scaled.jpeg,,,id:60500,,,,,,8,,,,,10,,الألوان,Marron,,1,المقاس,42,,1,,,,,,,,,,,,,,,,,,,,,,,,,,,,,,,,,,,,,,,,,,yes,yes,,,,product,,,,,,,,,,,,,,,,,,1777153849,,,,,upload,,
60516,variation,,,"Jupe à petits pois<span> - </span>Marron, 44",1,0,visible,,,,,taxable,parent,1,1,,0,0,,,,,0,,,5500,,,,https://boutique-she.com/wp-content/uploads/2026/04/IMG_8715-scaled.jpeg,,,id:60500,,,,,,9,,,,,10,,الألوان,Marron,,1,المقاس,44,,1,,,,,,,,,,,,,,,,,,,,,,,,,,,,,,,,,,,,,,,,,,yes,yes,,,,product,,,,,,,,,,,,,,,,,,1777971413,,,,,upload,,
60517,variation,,,"Jupe à petits pois<span> - </span>Marron, 46",1,0,visible,,,,,taxable,parent,0,0,,0,0,,,,,0,,,5500,,,,https://boutique-she.com/wp-content/uploads/2026/04/IMG_8715-scaled.jpeg,,,id:60500,,,,,,10,,,,,10,,الألوان,Marron,,1,المقاس,46,,1,,,,,,,,,,,,,,,,,,,,,,,,,,,,,,,,,,,,,,,,,,yes,yes,,,,product,,,,,,,,,,,,,,,,,,1777207872,,,,,upload,,
60518,variation,,,"Jupe à petits pois<span> - </span>Noir, 38",1,0,visible,,,,,taxable,parent,0,0,,0,0,,,,,0,,,5500,,,,https://boutique-she.com/wp-content/uploads/2026/04/IMG_8716-scaled.jpeg,,,id:60500,,,,,,11,,,,,10,,الألوان,Noir,,1,المقاس,38,,1,,,,,,,,,,,,,,,,,,,,,,,,,,,,,,,,,,,,,,,,,,yes,yes,,,,product,,,,,,,,,,,,,,,,,,1777141395,,,,,upload,,
60519,variation,,,"Jupe à petits pois<span> - </span>Noir, 40",1,0,visible,,,,,taxable,parent,0,0,,0,0,,,,,0,,,5500,,,,https://boutique-she.com/wp-content/uploads/2026/04/IMG_8716-scaled.jpeg,,,id:60500,,,,,,12,,,,,10,,الألوان,Noir,,1,المقاس,40,,1,,,,,,,,,,,,,,,,,,,,,,,,,,,,,,,,,,,,,,,,,,yes,yes,,,,product,,,,,,,,,,,,,,,,,,1777146179,,,,,upload,,
60520,variation,,,"Jupe à petits pois<span> - </span>Noir, 42",1,0,visible,,,,,taxable,parent,0,0,,0,0,,,,,0,,,5500,,,,https://boutique-she.com/wp-content/uploads/2026/04/IMG_8716-scaled.jpeg,,,id:60500,,,,,,13,,,,,10,,الألوان,Noir,,1,المقاس,42,,1,,,,,,,,,,,,,,,,,,,,,,,,,,,,,,,,,,,,,,,,,,yes,yes,,,,product,,,,,,,,,,,,,,,,,,1777147102,,,,,upload,,
60521,variation,,,"Jupe à petits pois<span> - </span>Noir, 44",1,0,visible,,,,,taxable,parent,0,0,,0,0,,,,,0,,,5500,,,,https://boutique-she.com/wp-content/uploads/2026/04/IMG_8716-scaled.jpeg,,,id:60500,,,,,,14,,,,,10,,الألوان,Noir,,1,المقاس,44,,1,,,,,,,,,,,,,,,,,,,,,,,,,,,,,,,,,,,,,,,,,,yes,yes,,,,product,,,,,,,,,,,,,,,,,,1777143352,,,,,upload,,
60522,variation,,,"Jupe à petits pois<span> - </span>Noir, 46",1,0,visible,,,,,taxable,parent,0,0,,0,0,,,,,0,,,5500,,,,https://boutique-she.com/wp-content/uploads/2026/04/IMG_8716-scaled.jpeg,,,id:60500,,,,,,15,,,,,10,,الألوان,Noir,,1,المقاس,46,,1,,,,,,,,,,,,,,,,,,,,,,,,,,,,,,,,,,,,,,,,,,yes,yes,,,,product,,,,,,,,,,,,,,,,,,1777149271,,,,,upload,,
60528,variable,,,"Haut à froufrou",1,0,visible,,,,,taxable,,1,,,0,0,,,,,0,,,,Chemise,,,"https://boutique-she.com/wp-content/uploads/2026/04/IMG_8713.jpeg, https://boutique-she.com/wp-content/uploads/2026/04/IMG_8713.jpeg, https://boutique-she.com/wp-content/uploads/2026/04/IMG_8714-scaled.jpeg",,,,,,,,,0,,,,0,10,,الألوان,"blanc, Noir",1,1,المقاس,"L 40/42, M 38/40, S (36-38)",1,1,none,,no,,,none,default,default,none,,,,,,,,inherit,inherit,,after,inherit,,,,text,,,,text,,,,,,,,,,,,,yes,yes,,,,,,,,,text,,,,,text,,,,,text,,,1777138687,1,,,,,,
60533,variation,,,"Haut à froufrou<span> - </span>blanc, L 40/42",1,0,visible,,,,,taxable,parent,1,1,,0,0,,,,,0,,,4500,,,,https://boutique-she.com/wp-content/uploads/2026/04/IMG_8714-scaled.jpeg,,,id:60528,,,,,,1,,,,,10,,الألوان,blanc,,1,المقاس,"L 40/42",,1,,,,,,,,,,,,,,,,,,,,,,,,,,,,,,,,,,,,,,,,,,yes,yes,,,,product,,,,,,,,,,,,,,,,,,1777993955,,,,,upload,,
60534,variation,,,"Haut à froufrou<span> - </span>blanc, M 38/40",1,0,visible,,,,,taxable,parent,0,0,,0,0,,,,,0,,,4500,,,,https://boutique-she.com/wp-content/uploads/2026/04/IMG_8714-scaled.jpeg,,,id:60528,,,,,,2,,,,,10,,الألوان,blanc,,1,المقاس,"M 38/40",,1,,,,,,,,,,,,,,,,,,,,,,,,,,,,,,,,,,,,,,,,,,yes,yes,,,,product,,,,,,,,,,,,,,,,,,1777993955,,,,,upload,,
60535,variation,,,"Haut à froufrou<span> - </span>blanc, S (36-38)",1,0,visible,,,,,taxable,parent,1,2,,0,0,,,,,0,,,4500,,,,https://boutique-she.com/wp-content/uploads/2026/04/IMG_8714-scaled.jpeg,,,id:60528,,,,,,3,,,,,10,,الألوان,blanc,,1,المقاس,"S (36-38)",,1,,,,,,,,,,,,,,,,,,,,,,,,,,,,,,,,,,,,,,,,,,yes,yes,,,,product,,,,,,,,,,,,,,,,,,1777993955,,,,,upload,,
60536,variation,,,"Haut à froufrou<span> - </span>Noir, L 40/42",1,0,visible,,,,,taxable,parent,0,0,,0,0,,,,,0,,,4500,,,,https://boutique-she.com/wp-content/uploads/2026/04/IMG_8713.jpeg,,,id:60528,,,,,,4,,,,,10,,الألوان,Noir,,1,المقاس,"L 40/42",,1,,,,,,,,,,,,,,,,,,,,,,,,,,,,,,,,,,,,,,,,,,yes,yes,,,,product,,,,,,,,,,,,,,,,,,1777145996,,,,,upload,,
60537,variation,,,"Haut à froufrou<span> - </span>Noir, M 38/40",1,0,visible,,,,,taxable,parent,0,0,,0,0,,,,,0,,,4500,,,,https://boutique-she.com/wp-content/uploads/2026/04/IMG_8713.jpeg,,,id:60528,,,,,,5,,,,,10,,الألوان,Noir,,1,المقاس,"M 38/40",,1,,,,,,,,,,,,,,,,,,,,,,,,,,,,,,,,,,,,,,,,,,yes,yes,,,,product,,,,,,,,,,,,,,,,,,1777220341,,,,,upload,,
60538,variation,,,"Haut à froufrou<span> - </span>Noir, S (36-38)",1,0,visible,,,,,taxable,parent,0,0,,0,0,,,,,0,,,4500,,,,https://boutique-she.com/wp-content/uploads/2026/04/IMG_8713.jpeg,,,id:60528,,,,,,6,,,,,10,,الألوان,Noir,,1,المقاس,"S (36-38)",,1,,,,,,,,,,,,,,,,,,,,,,,,,,,,,,,,,,,,,,,,,,yes,yes,,,,product,,,,,,,,,,,,,,,,,,1777662571,,,,,upload,,
60575,variable,,,"Robe Polka Polim",1,0,visible,,,,,taxable,,1,,,0,0,,,,,0,,,,"Robe Hidjab",,,"https://boutique-she.com/wp-content/uploads/2026/04/IMG_8567.jpeg, https://boutique-she.com/wp-content/uploads/2026/04/IMG_8560.jpeg, https://boutique-she.com/wp-content/uploads/2026/04/IMG_8568-scaled.jpeg, https://boutique-she.com/wp-content/uploads/2026/04/IMG_8567.jpeg",,,,,,,,,0,,,,0,10,,الألوان,"Beige, Bordeaux, Marron",1,1,المقاس,"38, 40, 42, 44, 46",1,1,none,,no,,,none,default,default,none,,,,,,,,inherit,inherit,,after,inherit,,,,text,,,,text,,,,,,,,,,,,,yes,yes,,,,product,,,,,text,,,,,text,,,,,text,,,1777196755,28,,,,,,
60579,variation,,,"Robe Polka Polim<span> - </span>Beige, 38",1,0,visible,,,,,taxable,parent,0,0,,0,0,,,,,0,,,8500,,,,https://boutique-she.com/wp-content/uploads/2026/04/IMG_8567.jpeg,,,id:60575,,,,,,1,,,,,10,,الألوان,Beige,,1,المقاس,38,,1,,,,,,,,,,,,,,,,,,,,,,,,,,,,,,,,,,,,,,,,,,yes,yes,,,,product,,,,,,,,,,,,,,,,,,1777562737,,,,,upload,,
60580,variation,,,"Robe Polka Polim<span> - </span>Beige, 40",1,0,visible,,,,,taxable,parent,1,2,,0,0,,,,,0,,,8500,,,,https://boutique-she.com/wp-content/uploads/2026/04/IMG_8567.jpeg,,,id:60575,,,,,,2,,,,,10,,الألوان,Beige,,1,المقاس,40,,1,,,,,,,,,,,,,,,,,,,,,,,,,,,,,,,,,,,,,,,,,,yes,yes,,,,product,,,,,,,,,,,,,,,,,,1778504820,,,,,upload,,
60581,variation,,,"Robe Polka Polim<span> - </span>Beige, 42",1,0,visible,,,,,taxable,parent,0,,,0,0,,,,,0,,,8500,,,,https://boutique-she.com/wp-content/uploads/2026/04/IMG_8567.jpeg,,,id:60575,,,,,,3,,,,,10,,الألوان,Beige,,1,المقاس,42,,1,,,,,,,,,,,,,,,,,,,,,,,,,,,,,,,,,,,,,,,,,,yes,yes,,,,product,,,,,,,,,,,,,,,,,,1777242225,,,,,upload,,
60582,variation,,,"Robe Polka Polim<span> - </span>Beige, 44",1,0,visible,,,,,taxable,parent,0,0,,0,0,,,,,0,,,8500,,,,https://boutique-she.com/wp-content/uploads/2026/04/IMG_8567.jpeg,,,id:60575,,,,,,4,,,,,10,,الألوان,Beige,,1,المقاس,44,,1,,,,,,,,,,,,,,,,,,,,,,,,,,,,,,,,,,,,,,,,,,yes,yes,,,,product,,,,,,,,,,,,,,,,,,1777242225,,,,,upload,,
60583,variation,,,"Robe Polka Polim<span> - </span>Beige, 46",1,0,visible,,,,,taxable,parent,0,0,,0,0,,,,,0,,,8500,,,,https://boutique-she.com/wp-content/uploads/2026/04/IMG_8567.jpeg,,,id:60575,,,,,,5,,,,,10,,الألوان,Beige,,1,المقاس,46,,1,,,,,,,,,,,,,,,,,,,,,,,,,,,,,,,,,,,,,,,,,,yes,yes,,,,product,,,,,,,,,,,,,,,,,,1777242225,,,,,upload,,
60584,variation,,,"Robe Polka Polim<span> - </span>Bordeaux, 38",1,0,visible,,,,,taxable,parent,0,0,,0,0,,,,,0,,,8500,,,,https://boutique-she.com/wp-content/uploads/2026/04/IMG_8568-scaled.jpeg,,,id:60575,,,,,,6,,,,,10,,الألوان,Bordeaux,,1,المقاس,38,,1,,,,,,,,,,,,,,,,,,,,,,,,,,,,,,,,,,,,,,,,,,yes,yes,,,,product,,,,,,,,,,,,,,,,,,1778504821,,,,,upload,,
60585,variation,,,"Robe Polka Polim<span> - </span>Bordeaux, 40",1,0,visible,,,,,taxable,parent,0,0,,0,0,,,,,0,,,8500,,,,https://boutique-she.com/wp-content/uploads/2026/04/IMG_8568-scaled.jpeg,,,id:60575,,,,,,7,,,,,10,,الألوان,Bordeaux,,1,المقاس,40,,1,,,,,,,,,,,,,,,,,,,,,,,,,,,,,,,,,,,,,,,,,,yes,yes,,,,product,,,,,,,,,,,,,,,,,,1777242225,,,,,upload,,
60586,variation,,,"Robe Polka Polim<span> - </span>Bordeaux, 42",1,0,visible,,,,,taxable,parent,0,0,,0,0,,,,,0,,,8500,,,,https://boutique-she.com/wp-content/uploads/2026/04/IMG_8568-scaled.jpeg,,,id:60575,,,,,,8,,,,,10,,الألوان,Bordeaux,,1,المقاس,42,,1,,,,,,,,,,,,,,,,,,,,,,,,,,,,,,,,,,,,,,,,,,yes,yes,,,,product,,,,,,,,,,,,,,,,,,1778926402,,,,,upload,,
60587,variation,,,"Robe Polka Polim<span> - </span>Bordeaux, 44",1,0,visible,,,,,taxable,parent,0,0,,0,0,,,,,0,,,8500,,,,https://boutique-she.com/wp-content/uploads/2026/04/IMG_8568-scaled.jpeg,,,id:60575,,,,,,9,,,,,10,,الألوان,Bordeaux,,1,المقاس,44,,1,,,,,,,,,,,,,,,,,,,,,,,,,,,,,,,,,,,,,,,,,,yes,yes,,,,product,,,,,,,,,,,,,,,,,,1777369178,,,,,upload,,
60588,variation,,,"Robe Polka Polim<span> - </span>Bordeaux, 46",1,0,visible,,,,,taxable,parent,0,0,,0,0,,,,,0,,,8500,,,,https://boutique-she.com/wp-content/uploads/2026/04/IMG_8568-scaled.jpeg,,,id:60575,,,,,,10,,,,,10,,الألوان,Bordeaux,,1,المقاس,46,,1,,,,,,,,,,,,,,,,,,,,,,,,,,,,,,,,,,,,,,,,,,yes,yes,,,,product,,,,,,,,,,,,,,,,,,1777242226,,,,,upload,,
60589,variation,,,"Robe Polka Polim<span> - </span>Marron, 38",1,0,visible,,,,,taxable,parent,1,2,,0,0,,,,,0,,,8500,,,,https://boutique-she.com/wp-content/uploads/2026/04/IMG_8560.jpeg,,,id:60575,,,,,,11,,,,,10,,الألوان,Marron,,1,المقاس,38,,1,,,,,,,,,,,,,,,,,,,,,,,,,,,,,,,,,,,,,,,,,,yes,yes,,,,product,,,,,,,,,,,,,,,,,,1777242226,,,,,upload,,
60590,variation,,,"Robe Polka Polim<span> - </span>Marron, 40",1,0,visible,,,,,taxable,parent,0,0,,0,0,,,,,0,,,8500,,,,https://boutique-she.com/wp-content/uploads/2026/04/IMG_8560.jpeg,,,id:60575,,,,,,12,,,,,10,,الألوان,Marron,,1,المقاس,40,,1,,,,,,,,,,,,,,,,,,,,,,,,,,,,,,,,,,,,,,,,,,yes,yes,,,,product,,,,,,,,,,,,,,,,,,1777242226,,,,,upload,,
60591,variation,,,"Robe Polka Polim<span> - </span>Marron, 42",1,0,visible,,,,,taxable,parent,0,0,,0,0,,,,,0,,,8500,,,,https://boutique-she.com/wp-content/uploads/2026/04/IMG_8560.jpeg,,,id:60575,,,,,,13,,,,,10,,الألوان,Marron,,1,المقاس,42,,1,,,,,,,,,,,,,,,,,,,,,,,,,,,,,,,,,,,,,,,,,,yes,yes,,,,product,,,,,,,,,,,,,,,,,,1778787915,,,,,upload,,
60592,variation,,,"Robe Polka Polim<span> - </span>Marron, 44",1,0,visible,,,,,taxable,parent,0,0,,0,0,,,,,0,,,8500,,,,https://boutique-she.com/wp-content/uploads/2026/04/IMG_8560.jpeg,,,id:60575,,,,,,14,,,,,10,,الألوان,Marron,,1,المقاس,44,,1,,,,,,,,,,,,,,,,,,,,,,,,,,,,,,,,,,,,,,,,,,yes,yes,,,,product,,,,,,,,,,,,,,,,,,1777311643,,,,,upload,,
60593,variation,,,"Robe Polka Polim<span> - </span>Marron, 46",1,0,visible,,,,,taxable,parent,0,0,,0,0,,,,,0,,,8500,,,,https://boutique-she.com/wp-content/uploads/2026/04/IMG_8560.jpeg,,,id:60575,,,,,,15,,,,,10,,الألوان,Marron,,1,المقاس,46,,1,,,,,,,,,,,,,,,,,,,,,,,,,,,,,,,,,,,,,,,,,,yes,yes,,,,product,,,,,,,,,,,,,,,,,,1777314018,,,,,upload,,
60600,variable,,,"Jupe à petits pois avec ceinture",1,0,visible,,,,,taxable,,1,,,0,0,,,,,0,,,,Jupe,,,"https://boutique-she.com/wp-content/uploads/2026/04/IMG_8719-scaled.jpeg, https://boutique-she.com/wp-content/uploads/2026/04/IMG_8720-scaled.jpeg, https://boutique-she.com/wp-content/uploads/2026/04/IMG_8719-scaled.jpeg",,,,,,,,,0,,,,0,10,,المقاس,"38, 40, 42, 44, 46",1,1,,,,,none,,no,,,none,default,default,none,,,,,,,,inherit,inherit,,after,inherit,,,,text,,,,text,,,,,,,,,,,,,yes,yes,,,,,,,,,text,,,,,text,,,,,text,,,1777208666,1,,,,,,
60601,variation,,,"Jupe à petits pois avec ceinture<span> - </span>38",1,0,visible,,,,,taxable,parent,1,1,,0,0,,,,,0,,,5500,,,,,,,id:60600,,,,,,1,,,,,10,,المقاس,38,,1,,,,,,,,,,,,,,,,,,,,,,,,,,,,,,,,,,,,,,,,,,,,,,yes,yes,,,,product,,,,,,,,,,,,,,,,,,1777993057,,,,,upload,,
60602,variation,,,"Jupe à petits pois avec ceinture<span> - </span>40",1,0,visible,,,,,taxable,parent,0,0,,0,0,,,,,0,,,5500,,,,,,,id:60600,,,,,,2,,,,,10,,المقاس,40,,1,,,,,,,,,,,,,,,,,,,,,,,,,,,,,,,,,,,,,,,,,,,,,,yes,yes,,,,product,,,,,,,,,,,,,,,,,,1777993058,,,,,upload,,
60603,variation,,,"Jupe à petits pois avec ceinture<span> - </span>42",1,0,visible,,,,,taxable,parent,0,0,,0,0,,,,,0,,,5500,,,,,,,id:60600,,,,,,3,,,,,10,,المقاس,42,,1,,,,,,,,,,,,,,,,,,,,,,,,,,,,,,,,,,,,,,,,,,,,,,yes,yes,,,,product,,,,,,,,,,,,,,,,,,1777220014,,,,,upload,,
60604,variation,,,"Jupe à petits pois avec ceinture<span> - </span>44",1,0,visible,,,,,taxable,parent,0,0,,0,0,,,,,0,,,5500,,,,,,,id:60600,,,,,,4,,,,,10,,المقاس,44,,1,,,,,,,,,,,,,,,,,,,,,,,,,,,,,,,,,,,,,,,,,,,,,,yes,yes,,,,product,,,,,,,,,,,,,,,,,,1777223300,,,,,upload,,
60605,variation,,,"Jupe à petits pois avec ceinture<span> - </span>46",1,0,visible,,,,,taxable,parent,0,0,,0,0,,,,,0,,,5500,,,,,,,id:60600,,,,,,5,,,,,10,,المقاس,46,,1,,,,,,,,,,,,,,,,,,,,,,,,,,,,,,,,,,,,,,,,,,,,,,yes,yes,,,,product,,,,,,,,,,,,,,,,,,1780306431,,,,,upload,,
60651,variable,,,"Robe étagée Polim",1,0,visible,,"     ",,,taxable,,1,,,0,0,,,,,0,,,,"Robe Hidjab",,,"https://boutique-she.com/wp-content/uploads/2026/04/IMG_8571-scaled.jpeg, https://boutique-she.com/wp-content/uploads/2026/04/IMG_8575.jpeg, https://boutique-she.com/wp-content/uploads/2026/04/IMG_8576-scaled.jpeg, https://boutique-she.com/wp-content/uploads/2026/04/IMG_8571-scaled.jpeg",,,,,,,,,0,,,,0,10,,الألوان,"Marron, Rose, Vert",1,1,المقاس,"38, 40, 42, 44, 46",1,1,none,,no,,,none,default,default,none,,,,,,,,inherit,inherit,,after,inherit,,,,text,,,,text,,,,,,,,,,,,,yes,yes,,,,,,,,,text,,,,,text,,,,,text,,,1778587677,58,,,,,,
60656,variation,,,"Robe étagée Polim<span> - </span>Marron, 38",1,0,visible,,,,,taxable,parent,1,2,,0,0,,,,,0,,,9500,,,,https://boutique-she.com/wp-content/uploads/2026/04/IMG_8576-scaled.jpeg,,,id:60651,,,,,,1,,,,,10,,الألوان,Marron,,1,المقاس,38,,1,,,,,,,,,,,,,,,,,,,,,,,,,,,,,,,,,,,,,,,,,,yes,yes,,,,product,,,,,,,,,,,,,,,,,,1778587675,,,,,upload,,
60657,variation,,,"Robe étagée Polim<span> - </span>Marron, 40",1,0,visible,,,,,taxable,parent,0,0,,0,0,,,,,0,,,9500,,,,https://boutique-she.com/wp-content/uploads/2026/04/IMG_8576-scaled.jpeg,,,id:60651,,,,,,2,,,,,10,,الألوان,Marron,,1,المقاس,40,,1,,,,,,,,,,,,,,,,,,,,,,,,,,,,,,,,,,,,,,,,,,yes,yes,,,,product,,,,,,,,,,,,,,,,,,1778575969,,,,,upload,,
60658,variation,,,"Robe étagée Polim<span> - </span>Marron, 42",1,0,visible,,,,,taxable,parent,0,0,,0,0,,,,,0,,,9500,,,,https://boutique-she.com/wp-content/uploads/2026/04/IMG_8576-scaled.jpeg,,,id:60651,,,,,,3,,,,,10,,الألوان,Marron,,1,المقاس,42,,1,,,,,,,,,,,,,,,,,,,,,,,,,,,,,,,,,,,,,,,,,,yes,yes,,,,product,,,,,,,,,,,,,,,,,,1778926402,,,,,upload,,
60659,variation,,,"Robe étagée Polim<span> - </span>Marron, 44",1,0,visible,,,,,taxable,parent,0,0,,0,0,,,,,0,,,9500,,,,https://boutique-she.com/wp-content/uploads/2026/04/IMG_8576-scaled.jpeg,,,id:60651,,,,,,4,,,,,10,,الألوان,Marron,,1,المقاس,44,,1,,,,,,,,,,,,,,,,,,,,,,,,,,,,,,,,,,,,,,,,,,yes,yes,,,,product,,,,,,,,,,,,,,,,,,1778575969,,,,,upload,,
60660,variation,,,"Robe étagée Polim<span> - </span>Marron, 46",1,0,visible,,,,,taxable,parent,0,0,,0,0,,,,,0,,,9500,,,,https://boutique-she.com/wp-content/uploads/2026/04/IMG_8576-scaled.jpeg,,,id:60651,,,,,,5,,,,,10,,الألوان,Marron,,1,المقاس,46,,1,,,,,,,,,,,,,,,,,,,,,,,,,,,,,,,,,,,,,,,,,,yes,yes,,,,product,,,,,,,,,,,,,,,,,,1779101777,,,,,upload,,
60661,variation,,,"Robe étagée Polim<span> - </span>Rose, 38",1,0,visible,,,,,taxable,parent,0,0,,0,0,,,,,0,,,9500,,,,https://boutique-she.com/wp-content/uploads/2026/04/IMG_8575.jpeg,,,id:60651,,,,,,6,,,,,10,,الألوان,Rose,,1,المقاس,38,,1,,,,,,,,,,,,,,,,,,,,,,,,,,,,,,,,,,,,,,,,,,yes,yes,,,,product,,,,,,,,,,,,,,,,,,1778575969,,,,,upload,,
60662,variation,,,"Robe étagée Polim<span> - </span>Rose, 40",1,0,visible,,,,,taxable,parent,0,0,,0,0,,,,,0,,,9500,,,,https://boutique-she.com/wp-content/uploads/2026/04/IMG_8575.jpeg,,,id:60651,,,,,,7,,,,,10,,الألوان,Rose,,1,المقاس,40,,1,,,,,,,,,,,,,,,,,,,,,,,,,,,,,,,,,,,,,,,,,,yes,yes,,,,product,,,,,,,,,,,,,,,,,,1777562737,,,,,upload,,
60663,variation,,,"Robe étagée Polim<span> - </span>Rose, 42",1,0,visible,,,,,taxable,parent,0,0,,0,0,,,,,0,,,9500,,,,https://boutique-she.com/wp-content/uploads/2026/04/IMG_8575.jpeg,,,id:60651,,,,,,8,,,,,10,,الألوان,Rose,,1,المقاس,42,,1,,,,,,,,,,,,,,,,,,,,,,,,,,,,,,,,,,,,,,,,,,yes,yes,,,,product,,,,,,,,,,,,,,,,,,1777321841,,,,,upload,,
60664,variation,,,"Robe étagée Polim<span> - </span>Rose, 44",1,0,visible,,,,,taxable,parent,0,0,,0,0,,,,,0,,,9500,,,,https://boutique-she.com/wp-content/uploads/2026/04/IMG_8575.jpeg,,,id:60651,,,,,,9,,,,,10,,الألوان,Rose,,1,المقاس,44,,1,,,,,,,,,,,,,,,,,,,,,,,,,,,,,,,,,,,,,,,,,,yes,yes,,,,product,,,,,,,,,,,,,,,,,,1778198782,,,,,upload,,
60665,variation,,,"Robe étagée Polim<span> - </span>Rose, 46",1,0,visible,,,,,taxable,parent,0,0,,0,0,,,,,0,,,9500,,,,https://boutique-she.com/wp-content/uploads/2026/04/IMG_8575.jpeg,,,id:60651,,,,,,10,,,,,10,,الألوان,Rose,,1,المقاس,46,,1,,,,,,,,,,,,,,,,,,,,,,,,,,,,,,,,,,,,,,,,,,yes,yes,,,,product,,,,,,,,,,,,,,,,,,1778685342,,,,,upload,,
60666,variation,,,"Robe étagée Polim<span> - </span>Vert, 38",1,0,visible,,,,,taxable,parent,0,0,,0,0,,,,,0,,,9500,,,,https://boutique-she.com/wp-content/uploads/2026/04/IMG_8571-scaled.jpeg,,,id:60651,,,,,,11,,,,,10,,الألوان,Vert,,1,المقاس,38,,1,,,,,,,,,,,,,,,,,,,,,,,,,,,,,,,,,,,,,,,,,,yes,yes,,,,product,,,,,,,,,,,,,,,,,,1779128753,,,,,upload,,
60667,variation,,,"Robe étagée Polim<span> - </span>Vert, 40",1,0,visible,,,,,taxable,parent,0,0,,0,0,,,,,0,,,9500,,,,https://boutique-she.com/wp-content/uploads/2026/04/IMG_8571-scaled.jpeg,,,id:60651,,,,,,12,,,,,10,,الألوان,Vert,,1,المقاس,40,,1,,,,,,,,,,,,,,,,,,,,,,,,,,,,,,,,,,,,,,,,,,yes,yes,,,,product,,,,,,,,,,,,,,,,,,1778575970,,,,,upload,,
60668,variation,,,"Robe étagée Polim<span> - </span>Vert, 42",1,0,visible,,,,,taxable,parent,0,0,,0,0,,,,,0,,,9500,,,,https://boutique-she.com/wp-content/uploads/2026/04/IMG_8571-scaled.jpeg,,,id:60651,,,,,,13,,,,,10,,الألوان,Vert,,1,المقاس,42,,1,,,,,,,,,,,,,,,,,,,,,,,,,,,,,,,,,,,,,,,,,,yes,yes,,,,product,,,,,,,,,,,,,,,,,,1778700812,,,,,upload,,
60669,variation,,,"Robe étagée Polim<span> - </span>Vert, 44",1,0,visible,,,,,taxable,parent,0,0,,0,0,,,,,0,,,9500,,,,https://boutique-she.com/wp-content/uploads/2026/04/IMG_8571-scaled.jpeg,,,id:60651,,,,,,14,,,,,10,,الألوان,Vert,,1,المقاس,44,,1,,,,,,,,,,,,,,,,,,,,,,,,,,,,,,,,,,,,,,,,,,yes,yes,,,,product,,,,,,,,,,,,,,,,,,1778575970,,,,,upload,,
60670,variation,,,"Robe étagée Polim<span> - </span>Vert, 46",1,0,visible,,,,,taxable,parent,0,0,,0,0,,,,,0,,,9500,,,,https://boutique-she.com/wp-content/uploads/2026/04/IMG_8571-scaled.jpeg,,,id:60651,,,,,,15,,,,,10,,الألوان,Vert,,1,المقاس,46,,1,,,,,,,,,,,,,,,,,,,,,,,,,,,,,,,,,,,,,,,,,,yes,yes,,,,product,,,,,,,,,,,,,,,,,,1779138682,,,,,upload,,
60671,variable,,,"Pantalon carré Clois",1,0,visible,,,,,taxable,,1,,,0,0,,,,,0,,,,Pantalon,,,"https://boutique-she.com/wp-content/uploads/2026/04/IMG_8919.jpeg, https://boutique-she.com/wp-content/uploads/2026/04/IMG_8924.jpeg, https://boutique-she.com/wp-content/uploads/2026/04/IMG_8923.jpeg, https://boutique-she.com/wp-content/uploads/2026/04/IMG_8922.jpeg, https://boutique-she.com/wp-content/uploads/2026/04/IMG_8921.jpeg, https://boutique-she.com/wp-content/uploads/2026/04/IMG_8920.jpeg, https://boutique-she.com/wp-content/uploads/2026/04/IMG_8919.jpeg",,,,,,,,,0,,,,0,10,,الألوان,"Bleu nuit, Jaune, Kaki, Marron, Noir, Pistache",1,1,المقاس,"Standard (du 38 au 44/46)",1,1,none,,no,,,none,default,default,none,,,,,,,,inherit,inherit,,after,inherit,,,,text,,,,text,,,,,,,,,,,,,yes,yes,,,,,,,,,text,,,,,text,,,,,text,,,1777280924,7,,,,,,
60678,variation,,,"Pantalon carré Clois<span> - </span>Bleu nuit, Standard (du 38 au 44/46)",1,0,visible,,,,,taxable,parent,0,0,,0,0,,,,,0,,,3500,,,,https://boutique-she.com/wp-content/uploads/2026/04/IMG_8923.jpeg,,,id:60671,,,,,,1,,,,,10,,الألوان,"Bleu nuit",,1,المقاس,"Standard (du 38 au 44/46)",,1,,,,,,,,,,,,,,,,,,,,,,,,,,,,,,,,,,,,,,,,,,yes,yes,,,,product,,,,,,,,,,,,,,,,,,1777894100,,,,,upload,,
60679,variation,,,"Pantalon carré Clois<span> - </span>Jaune, Standard (du 38 au 44/46)",1,0,visible,,,,,taxable,parent,0,0,,0,0,,,,,0,,,3500,,,,https://boutique-she.com/wp-content/uploads/2026/04/IMG_8924.jpeg,,,id:60671,,,,,,2,,,,,10,,الألوان,Jaune,,1,المقاس,"Standard (du 38 au 44/46)",,1,,,,,,,,,,,,,,,,,,,,,,,,,,,,,,,,,,,,,,,,,,yes,yes,,,,product,,,,,,,,,,,,,,,,,,1777381003,,,,,upload,,
60680,variation,,,"Pantalon carré Clois<span> - </span>Kaki, Standard (du 38 au 44/46)",1,0,visible,,,,,taxable,parent,1,1,,0,0,,,,,0,,,3500,,,,https://boutique-she.com/wp-content/uploads/2026/04/IMG_8921.jpeg,,,id:60671,,,,,,3,,,,,10,,الألوان,Kaki,,1,المقاس,"Standard (du 38 au 44/46)",,1,,,,,,,,,,,,,,,,,,,,,,,,,,,,,,,,,,,,,,,,,,yes,yes,,,,product,,,,,,,,,,,,,,,,,,1777281022,,,,,upload,,
60681,variation,,,"Pantalon carré Clois<span> - </span>Marron, Standard (du 38 au 44/46)",1,0,visible,,,,,taxable,parent,0,0,,0,0,,,,,0,,,3500,,,,https://boutique-she.com/wp-content/uploads/2026/04/IMG_8920.jpeg,,,id:60671,,,,,,4,,,,,10,,الألوان,Marron,,1,المقاس,"Standard (du 38 au 44/46)",,1,,,,,,,,,,,,,,,,,,,,,,,,,,,,,,,,,,,,,,,,,,yes,yes,,,,product,,,,,,,,,,,,,,,,,,1777457058,,,,,upload,,
60682,variation,,,"Pantalon carré Clois<span> - </span>Noir, Standard (du 38 au 44/46)",1,0,visible,,,,,taxable,parent,0,0,,0,0,,,,,0,,,3500,,,,https://boutique-she.com/wp-content/uploads/2026/04/IMG_8922.jpeg,,,id:60671,,,,,,5,,,,,10,,الألوان,Noir,,1,المقاس,"Standard (du 38 au 44/46)",,1,,,,,,,,,,,,,,,,,,,,,,,,,,,,,,,,,,,,,,,,,,yes,yes,,,,product,,,,,,,,,,,,,,,,,,1777894100,,,,,upload,,
60683,variation,,,"Pantalon carré Clois<span> - </span>Pistache, Standard (du 38 au 44/46)",1,0,visible,,,,,taxable,parent,0,0,,0,0,,,,,0,,,3500,,,,https://boutique-she.com/wp-content/uploads/2026/04/IMG_8919.jpeg,,,id:60671,,,,,,6,,,,,10,,الألوان,Pistache,,1,المقاس,"Standard (du 38 au 44/46)",,1,,,,,,,,,,,,,,,,,,,,,,,,,,,,,,,,,,,,,,,,,,yes,yes,,,,product,,,,,,,,,,,,,,,,,,1777894100,,,,,upload,,
60707,variable,,,"Pantalon Carré BS",1,0,visible,,,,,taxable,,0,,,0,0,,,,,0,,,,"Manteaux et vestes",,,"https://boutique-she.com/wp-content/uploads/2026/04/IMG_8964.jpeg, https://boutique-she.com/wp-content/uploads/2026/04/IMG_8969.jpeg, https://boutique-she.com/wp-content/uploads/2026/04/IMG_8968.jpeg, https://boutique-she.com/wp-content/uploads/2026/04/IMG_8967-scaled.png, https://boutique-she.com/wp-content/uploads/2026/04/IMG_8966.jpeg, https://boutique-she.com/wp-content/uploads/2026/04/IMG_8965.jpeg, https://boutique-she.com/wp-content/uploads/2026/04/IMG_8964.jpeg",,,,,,,,,0,,,,0,10,,الألوان,"blanc, bleu, crème, Noir, Rose, Vert",1,1,المقاس,"Standard (38-48)",1,1,none,,no,,,none,default,default,none,,,,,,,,inherit,inherit,,after,inherit,,,,text,,,,text,,,,,,,,,,,,,yes,yes,,,,product,,,,,text,,,,,text,,,,,text,,,1779541865,1,,,,,,
60715,variation,,,"Pantalon Carré BS<span> - </span>blanc, Standard (38-48)",1,0,visible,,,,,taxable,parent,0,0,,0,0,,,,,0,,,2500,,,,https://boutique-she.com/wp-content/uploads/2026/04/IMG_8967-scaled.png,,,id:60707,,,,,,1,,,,,10,,الألوان,blanc,,1,المقاس,"Standard (38-48)",,1,,,,,,,,,,,,,,,,,,,,,,,,,,,,,,,,,,,,,,,,,,yes,yes,,,,product,,,,,,,,,,,,,,,,,,1777545381,,,,,upload,,
60716,variation,,,"Pantalon Carré BS<span> - </span>bleu, Standard (38-48)",1,0,visible,,,,,taxable,parent,0,0,,0,0,,,,,0,,,2500,,,,https://boutique-she.com/wp-content/uploads/2026/04/IMG_8966.jpeg,,,id:60707,,,,,,2,,,,,10,,الألوان,bleu,,1,المقاس,"Standard (38-48)",,1,,,,,,,,,,,,,,,,,,,,,,,,,,,,,,,,,,,,,,,,,,yes,yes,,,,product,,,,,,,,,,,,,,,,,,1779541863,,,,,upload,,
60717,variation,,,"Pantalon Carré BS<span> - </span>crème, Standard (38-48)",1,0,visible,,,,,taxable,parent,0,0,,0,0,,,,,0,,,2500,,,,https://boutique-she.com/wp-content/uploads/2026/04/IMG_8968.jpeg,,,id:60707,,,,,,3,,,,,10,,الألوان,crème,,1,المقاس,"Standard (38-48)",,1,,,,,,,,,,,,,,,,,,,,,,,,,,,,,,,,,,,,,,,,,,yes,yes,,,,product,,,,,,,,,,,,,,,,,,1777545381,,,,,upload,,
60718,variation,,,"Pantalon Carré BS<span> - </span>Noir, Standard (38-48)",1,0,visible,,,,,taxable,parent,0,0,,0,0,,,,,0,,,2500,,,,https://boutique-she.com/wp-content/uploads/2026/04/IMG_8969.jpeg,,,id:60707,,,,,,4,,,,,10,,الألوان,Noir,,1,المقاس,"Standard (38-48)",,1,,,,,,,,,,,,,,,,,,,,,,,,,,,,,,,,,,,,,,,,,,yes,yes,,,,product,,,,,,,,,,,,,,,,,,1777399263,,,,,upload,,
60719,variation,,,"Pantalon Carré BS<span> - </span>Rose, Standard (38-48)",1,0,visible,,,,,taxable,parent,0,0,,0,0,,,,,0,,,2500,,,,https://boutique-she.com/wp-content/uploads/2026/04/IMG_8964.jpeg,,,id:60707,,,,,,5,,,,,10,,الألوان,Rose,,1,المقاس,"Standard (38-48)",,1,,,,,,,,,,,,,,,,,,,,,,,,,,,,,,,,,,,,,,,,,,yes,yes,,,,product,,,,,,,,,,,,,,,,,,1777457058,,,,,upload,,
60720,variation,,,"Pantalon Carré BS<span> - </span>Vert, Standard (38-48)",1,0,visible,,,,,taxable,parent,0,0,,0,0,,,,,0,,,2500,,,,https://boutique-she.com/wp-content/uploads/2026/04/IMG_8965.jpeg,,,id:60707,,,,,,6,,,,,10,,الألوان,Vert,,1,المقاس,"Standard (38-48)",,1,,,,,,,,,,,,,,,,,,,,,,,,,,,,,,,,,,,,,,,,,,yes,yes,,,,product,,,,,,,,,,,,,,,,,,1777545381,,,,,upload,,
60722,variable,,,"Pantalon carré noeud",1,0,visible,,,,,taxable,,1,,,0,0,,,,,0,,,,"Manteaux et vestes",,,"https://boutique-she.com/wp-content/uploads/2026/04/IMG_8963.jpeg, https://boutique-she.com/wp-content/uploads/2026/04/IMG_8955.jpeg, https://boutique-she.com/wp-content/uploads/2026/04/IMG_8956.jpeg, https://boutique-she.com/wp-content/uploads/2026/04/IMG_8957-scaled.jpeg, https://boutique-she.com/wp-content/uploads/2026/04/IMG_8958-scaled.jpeg, https://boutique-she.com/wp-content/uploads/2026/04/IMG_8959.jpeg, https://boutique-she.com/wp-content/uploads/2026/04/IMG_8961.jpeg, https://boutique-she.com/wp-content/uploads/2026/04/IMG_8963.jpeg",,,,,,,,,0,,,,0,10,,الألوان,"blanc, bleu, crème, Marron, Noir, Rose, Vert",1,1,المقاس,"Standard (du 38 au 44/46)",1,1,none,,no,,,none,default,default,none,,,,,,,,inherit,inherit,,after,inherit,,,,text,,,,text,,,,,,,,,,,,,yes,yes,,,,,,,,,text,,,,,text,,,,,text,,,1777329209,7,,,,,,
60723,variation,,,"Pantalon carré noeud<span> - </span>blanc, Standard (du 38 au 44/46)",1,0,visible,,,,,taxable,parent,0,0,,0,0,,,,,0,,,2500,,,,https://boutique-she.com/wp-content/uploads/2026/04/IMG_8955.jpeg,,,id:60722,,,,,,1,,,,,10,,الألوان,blanc,,1,المقاس,"Standard (du 38 au 44/46)",,1,,,,,,,,,,,,,,,,,,,,,,,,,,,,,,,,,,,,,,,,,,yes,yes,,,,product,,,,,,,,,,,,,,,,,,1777624743,,,,,upload,,
60724,variation,,,"Pantalon carré noeud<span> - </span>bleu, Standard (du 38 au 44/46)",1,0,visible,,,,,taxable,parent,1,1,,0,0,,,,,0,,,2500,,,,https://boutique-she.com/wp-content/uploads/2026/04/IMG_8959.jpeg,,,id:60722,,,,,,2,,,,,10,,الألوان,bleu,,1,المقاس,"Standard (du 38 au 44/46)",,1,,,,,,,,,,,,,,,,,,,,,,,,,,,,,,,,,,,,,,,,,,yes,yes,,,,product,,,,,,,,,,,,,,,,,,1777329446,,,,,upload,,
60725,variation,,,"Pantalon carré noeud<span> - </span>crème, Standard (du 38 au 44/46)",1,0,visible,,,,,taxable,parent,1,1,,0,0,,,,,0,,,2500,,,,https://boutique-she.com/wp-content/uploads/2026/04/IMG_8957-scaled.jpeg,,,id:60722,,,,,,3,,,,,10,,الألوان,crème,,1,المقاس,"Standard (du 38 au 44/46)",,1,,,,,,,,,,,,,,,,,,,,,,,,,,,,,,,,,,,,,,,,,,yes,yes,,,,product,,,,,,,,,,,,,,,,,,1777329446,,,,,upload,,
60726,variation,,,"Pantalon carré noeud<span> - </span>Marron, Standard (du 38 au 44/46)",1,0,visible,,,,,taxable,parent,0,0,,0,0,,,,,0,,,2500,,,,https://boutique-she.com/wp-content/uploads/2026/04/IMG_8963.jpeg,,,id:60722,,,,,,4,,,,,10,,الألوان,Marron,,1,المقاس,"Standard (du 38 au 44/46)",,1,,,,,,,,,,,,,,,,,,,,,,,,,,,,,,,,,,,,,,,,,,yes,yes,,,,product,,,,,,,,,,,,,,,,,,1779541863,,,,,upload,,
60727,variation,,,"Pantalon carré noeud<span> - </span>Noir, Standard (du 38 au 44/46)",1,0,visible,,,,,taxable,parent,0,0,,0,0,,,,,0,,,2500,,,,https://boutique-she.com/wp-content/uploads/2026/04/IMG_8958-scaled.jpeg,,,id:60722,,,,,,5,,,,,10,,الألوان,Noir,,1,المقاس,"Standard (du 38 au 44/46)",,1,,,,,,,,,,,,,,,,,,,,,,,,,,,,,,,,,,,,,,,,,,yes,yes,,,,product,,,,,,,,,,,,,,,,,,1777459298,,,,,upload,,
60728,variation,,,"Pantalon carré noeud<span> - </span>Rose, Standard (du 38 au 44/46)",1,0,visible,,,,,taxable,parent,1,1,,0,0,,,,,0,,,2500,,,,https://boutique-she.com/wp-content/uploads/2026/04/IMG_8956.jpeg,,,id:60722,,,,,,6,,,,,10,,الألوان,Rose,,1,المقاس,"Standard (du 38 au 44/46)",,1,,,,,,,,,,,,,,,,,,,,,,,,,,,,,,,,,,,,,,,,,,yes,yes,,,,product,,,,,,,,,,,,,,,,,,1777329446,,,,,upload,,
60729,variation,,,"Pantalon carré noeud<span> - </span>Vert, Standard (du 38 au 44/46)",1,0,visible,,,,,taxable,parent,0,0,,0,0,,,,,0,,,2500,,,,https://boutique-she.com/wp-content/uploads/2026/04/IMG_8961.jpeg,,,id:60722,,,,,,7,,,,,10,,الألوان,Vert,,1,المقاس,"Standard (du 38 au 44/46)",,1,,,,,,,,,,,,,,,,,,,,,,,,,,,,,,,,,,,,,,,,,,yes,yes,,,,product,,,,,,,,,,,,,,,,,,1777814215,,,,,upload,,
60737,variable,,,"T-shirt fleurs brodées",1,0,visible,,,,,taxable,,1,,,0,0,,,,,0,,,,"Manteaux et vestes",,,"https://boutique-she.com/wp-content/uploads/2026/04/IMG_8973.jpeg, https://boutique-she.com/wp-content/uploads/2026/04/IMG_8974.jpeg, https://boutique-she.com/wp-content/uploads/2026/04/IMG_8973.jpeg",,,,,,,,,0,,,,0,10,,الألوان,"blanc, Noir",1,1,المقاس,"L 40/42, M 38/40, S (36-38)",1,1,none,,no,,,none,default,default,none,,,,,,,,inherit,inherit,,after,inherit,,,,text,,,,text,,,,,,,,,,,,,yes,yes,,,,,,,,,text,,,,,text,,,,,text,,,1777329688,1,,,,,,
60738,variation,,,"T-shirt fleurs brodées<span> - </span>blanc, L 40/42",1,0,visible,,,,,taxable,parent,0,0,,0,0,,,,,0,,,3500,,,,https://boutique-she.com/wp-content/uploads/2026/04/IMG_8973.jpeg,,,id:60737,,,,,,1,,,,,10,,الألوان,blanc,,1,المقاس,"L 40/42",,1,,,,,,,,,,,,,,,,,,,,,,,,,,,,,,,,,,,,,,,,,,yes,yes,,,,product,,,,,,,,,,,,,,,,,,1777399263,,,,,upload,,
60739,variation,,,"T-shirt fleurs brodées<span> - </span>blanc, M 38/40",1,0,visible,,,,,taxable,parent,1,2,,0,0,,,,,0,,,3500,,,,https://boutique-she.com/wp-content/uploads/2026/04/IMG_8973.jpeg,,,id:60737,,,,,,2,,,,,10,,الألوان,blanc,,1,المقاس,"M 38/40",,1,,,,,,,,,,,,,,,,,,,,,,,,,,,,,,,,,,,,,,,,,,yes,yes,,,,product,,,,,,,,,,,,,,,,,,1777329994,,,,,upload,,
60740,variation,,,"T-shirt fleurs brodées<span> - </span>blanc, S (36-38)",1,0,visible,,,,,taxable,parent,1,2,,0,0,,,,,0,,,3500,,,,https://boutique-she.com/wp-content/uploads/2026/04/IMG_8973.jpeg,,,id:60737,,,,,,3,,,,,10,,الألوان,blanc,,1,المقاس,"S (36-38)",,1,,,,,,,,,,,,,,,,,,,,,,,,,,,,,,,,,,,,,,,,,,yes,yes,,,,product,,,,,,,,,,,,,,,,,,1777329994,,,,,upload,,
60741,variation,,,"T-shirt fleurs brodées<span> - </span>Noir, L 40/42",1,0,visible,,,,,taxable,parent,1,2,,0,0,,,,,0,,,3500,,,,https://boutique-she.com/wp-content/uploads/2026/04/IMG_8974.jpeg,,,id:60737,,,,,,4,,,,,10,,الألوان,Noir,,1,المقاس,"L 40/42",,1,,,,,,,,,,,,,,,,,,,,,,,,,,,,,,,,,,,,,,,,,,yes,yes,,,,product,,,,,,,,,,,,,,,,,,1777329995,,,,,upload,,
60742,variation,,,"T-shirt fleurs brodées<span> - </span>Noir, M 38/40",1,0,visible,,,,,taxable,parent,1,2,,0,0,,,,,0,,,3500,,,,https://boutique-she.com/wp-content/uploads/2026/04/IMG_8974.jpeg,,,id:60737,,,,,,5,,,,,10,,الألوان,Noir,,1,المقاس,"M 38/40",,1,,,,,,,,,,,,,,,,,,,,,,,,,,,,,,,,,,,,,,,,,,yes,yes,,,,product,,,,,,,,,,,,,,,,,,1777329995,,,,,upload,,
60743,variation,,,"T-shirt fleurs brodées<span> - </span>Noir, S (36-38)",1,0,visible,,,,,taxable,parent,1,2,,0,0,,,,,0,,,3500,,,,https://boutique-she.com/wp-content/uploads/2026/04/IMG_8974.jpeg,,,id:60737,,,,,,6,,,,,10,,الألوان,Noir,,1,المقاس,"S (36-38)",,1,,,,,,,,,,,,,,,,,,,,,,,,,,,,,,,,,,,,,,,,,,yes,yes,,,,product,,,,,,,,,,,,,,,,,,1777329995,,,,,upload,,
60746,variable,,,"T-shirt star",1,0,visible,,,,,taxable,,1,,,0,0,,,,,0,,,,"Manteaux et vestes",,,"https://boutique-she.com/wp-content/uploads/2026/04/IMG_8976.jpeg, https://boutique-she.com/wp-content/uploads/2026/04/IMG_8977.jpeg, https://boutique-she.com/wp-content/uploads/2026/04/IMG_8976.jpeg, https://boutique-she.com/wp-content/uploads/2026/04/IMG_8975.jpeg",,,,,,,,,0,,,,0,10,,الألوان,"blanc, Jaune, Rose",1,1,المقاس,"L 40/42, M 38/40, S (36-38)",1,1,none,,no,,,none,default,default,none,,,,,,,,inherit,inherit,,after,inherit,,,,text,,,,text,,,,,,,,,,,,,yes,yes,,,,,,,,,text,,,,,text,,,,,text,,,1777330276,3,,,,,,
60747,variation,,,"T-shirt star<span> - </span>blanc, L 40/42",1,0,visible,,,,,taxable,parent,1,2,,0,0,,,,,0,,,3500,,,,https://boutique-she.com/wp-content/uploads/2026/04/IMG_8975.jpeg,,,id:60746,,,,,,7,,,,,10,,الألوان,blanc,,1,المقاس,"L 40/42",,1,,,,,,,,,,,,,,,,,,,,,,,,,,,,,,,,,,,,,,,,,,yes,yes,,,,product,,,,,,,,,,,,,,,,,,1777330257,,,,,upload,,
60748,variation,,,"T-shirt star<span> - </span>blanc, M 38/40",1,0,visible,,,,,taxable,parent,1,2,,0,0,,,,,0,,,3500,,,,https://boutique-she.com/wp-content/uploads/2026/04/IMG_8973.jpeg,,,id:60746,,,,,,8,,,,,10,,الألوان,blanc,,1,المقاس,"M 38/40",,1,,,,,,,,,,,,,,,,,,,,,,,,,,,,,,,,,,,,,,,,,,yes,yes,,,,product,,,,,,,,,,,,,,,,,,1777329994,,,,,upload,,
60749,variation,,,"T-shirt star<span> - </span>blanc, S (36-38)",1,0,visible,,,,,taxable,parent,1,2,,0,0,,,,,0,,,3500,,,,https://boutique-she.com/wp-content/uploads/2026/04/IMG_8975.jpeg,,,id:60746,,,,,,9,,,,,10,,الألوان,blanc,,1,المقاس,"S (36-38)",,1,,,,,,,,,,,,,,,,,,,,,,,,,,,,,,,,,,,,,,,,,,yes,yes,,,,product,,,,,,,,,,,,,,,,,,1777330258,,,,,upload,,
60753,variation,,,"T-shirt star<span> - </span>Jaune, L 40/42",1,0,visible,,,,,taxable,parent,1,2,,0,0,,,,,0,,,,,,,https://boutique-she.com/wp-content/uploads/2026/04/IMG_8977.jpeg,,,id:60746,,,,,,1,,,,,10,,الألوان,Jaune,,1,المقاس,"L 40/42",,1,,,,,,,,,,,,,,,,,,,,,,,,,,,,,,,,,,,,,,,,,,yes,yes,,,,product,,,,,,,,,,,,,,,,,,1777330257,,,,,upload,,
60754,variation,,,"T-shirt star<span> - </span>Jaune, M 38/40",1,0,visible,,,,,taxable,parent,1,2,,0,0,,,,,0,,,,,,,https://boutique-she.com/wp-content/uploads/2026/04/IMG_8977.jpeg,,,id:60746,,,,,,2,,,,,10,,الألوان,Jaune,,1,المقاس,"M 38/40",,1,,,,,,,,,,,,,,,,,,,,,,,,,,,,,,,,,,,,,,,,,,yes,yes,,,,product,,,,,,,,,,,,,,,,,,1777330257,,,,,upload,,
60755,variation,,,"T-shirt star<span> - </span>Jaune, S (36-38)",1,0,visible,,,,,taxable,parent,1,2,,0,0,,,,,0,,,,,,,https://boutique-she.com/wp-content/uploads/2026/04/IMG_8977.jpeg,,,id:60746,,,,,,3,,,,,10,,الألوان,Jaune,,1,المقاس,"S (36-38)",,1,,,,,,,,,,,,,,,,,,,,,,,,,,,,,,,,,,,,,,,,,,yes,yes,,,,product,,,,,,,,,,,,,,,,,,1777330257,,,,,upload,,
60756,variation,,,"T-shirt star<span> - </span>Rose, L 40/42",1,0,visible,,,,,taxable,parent,1,2,,0,0,,,,,0,,,,,,,https://boutique-she.com/wp-content/uploads/2026/04/IMG_8976.jpeg,,,id:60746,,,,,,4,,,,,10,,الألوان,Rose,,1,المقاس,"L 40/42",,1,,,,,,,,,,,,,,,,,,,,,,,,,,,,,,,,,,,,,,,,,,yes,yes,,,,product,,,,,,,,,,,,,,,,,,1777330257,,,,,upload,,
60757,variation,,,"T-shirt star<span> - </span>Rose, M 38/40",1,0,visible,,,,,taxable,parent,1,2,,0,0,,,,,0,,,,,,,https://boutique-she.com/wp-content/uploads/2026/04/IMG_8976.jpeg,,,id:60746,,,,,,5,,,,,10,,الألوان,Rose,,1,المقاس,"M 38/40",,1,,,,,,,,,,,,,,,,,,,,,,,,,,,,,,,,,,,,,,,,,,yes,yes,,,,product,,,,,,,,,,,,,,,,,,1777330257,,,,,upload,,
60758,variation,,,"T-shirt star<span> - </span>Rose, S (36-38)",1,0,visible,,,,,taxable,parent,1,2,,0,0,,,,,0,,,,,,,https://boutique-she.com/wp-content/uploads/2026/04/IMG_8976.jpeg,,,id:60746,,,,,,6,,,,,10,,الألوان,Rose,,1,المقاس,"S (36-38)",,1,,,,,,,,,,,,,,,,,,,,,,,,,,,,,,,,,,,,,,,,,,yes,yes,,,,product,,,,,,,,,,,,,,,,,,1777330257,,,,,upload,,
60799,variable,,,"Robe  Polka colle bateau",1,0,visible,,,,,taxable,,1,,,0,0,,,,,0,,,,"Manteaux et vestes",,,"https://boutique-she.com/wp-content/uploads/2026/04/IMG_8859-scaled.jpeg, https://boutique-she.com/wp-content/uploads/2026/04/IMG_8865-scaled.jpeg, https://boutique-she.com/wp-content/uploads/2026/04/IMG_8859-scaled.jpeg, https://boutique-she.com/wp-content/uploads/2026/04/IMG_8867-scaled.jpeg, https://boutique-she.com/wp-content/uploads/2026/04/IMG_8868-scaled.jpeg, https://boutique-she.com/wp-content/uploads/2026/04/IMG_8870-scaled.jpeg, https://boutique-she.com/wp-content/uploads/2026/04/IMG_8871-scaled.jpeg, https://boutique-she.com/wp-content/uploads/2026/04/IMG_8873-scaled.jpeg",,,,,,,,,0,,,,0,10,,الألوان,"Beige, Bleu nuit, Bordeaux, crème, Jaune, Marron, Noir",1,1,المقاس,"Standard (du 38 au 44/46)",1,1,none,,no,,,none,default,default,none,,,,,,,,inherit,inherit,,after,inherit,,,,text,,,,text,,,,,,,,,,,,,yes,yes,,,,,,,,,text,,,,,text,,,,,text,,,1777479414,18,,,,,,
60800,variation,,,"Robe  Polka colle bateau<span> - </span>Beige, Standard (du 38 au 44/46)",1,0,visible,,,,,taxable,parent,0,0,,0,0,,,,,0,,,6300,,,,https://boutique-she.com/wp-content/uploads/2026/04/IMG_8873-scaled.jpeg,,,id:60799,,,,,,1,,,,,10,,الألوان,Beige,,1,المقاس,"Standard (du 38 au 44/46)",,1,,,,,,,,,,,,,,,,,,,,,,,,,,,,,,,,,,,,,,,,,,yes,yes,,,,product,,,,,,,,,,,,,,,,,,1777480044,,,,,upload,,
60801,variation,,,"Robe  Polka colle bateau<span> - </span>Bleu nuit, Standard (du 38 au 44/46)",1,0,visible,,,,,taxable,parent,0,0,,0,0,,,,,0,,,6300,,,,https://boutique-she.com/wp-content/uploads/2026/04/IMG_8871-scaled.jpeg,,,id:60799,,,,,,2,,,,,10,,الألوان,"Bleu nuit",,1,المقاس,"Standard (du 38 au 44/46)",,1,,,,,,,,,,,,,,,,,,,,,,,,,,,,,,,,,,,,,,,,,,yes,yes,,,,product,,,,,,,,,,,,,,,,,,1778254499,,,,,upload,,
60802,variation,,,"Robe  Polka colle bateau<span> - </span>Bordeaux, Standard (du 38 au 44/46)",1,0,visible,,,,,taxable,parent,0,0,,0,0,,,,,0,,,6300,,,,https://boutique-she.com/wp-content/uploads/2026/04/IMG_8870-scaled.jpeg,,,id:60799,,,,,,3,,,,,10,,الألوان,Bordeaux,,1,المقاس,"Standard (du 38 au 44/46)",,1,,,,,,,,,,,,,,,,,,,,,,,,,,,,,,,,,,,,,,,,,,yes,yes,,,,product,,,,,,,,,,,,,,,,,,1778934856,,,,,upload,,
60803,variation,,,"Robe  Polka colle bateau<span> - </span>crème, Standard (du 38 au 44/46)",1,0,visible,,,,,taxable,parent,0,0,,0,0,,,,,0,,,6300,,,,https://boutique-she.com/wp-content/uploads/2026/04/IMG_8865-scaled.jpeg,,,id:60799,,,,,,4,,,,,10,,الألوان,crème,,1,المقاس,"Standard (du 38 au 44/46)",,1,,,,,,,,,,,,,,,,,,,,,,,,,,,,,,,,,,,,,,,,,,yes,yes,,,,product,,,,,,,,,,,,,,,,,,1777488386,,,,,upload,,
60804,variation,,,"Robe  Polka colle bateau<span> - </span>Jaune, Standard (du 38 au 44/46)",1,0,visible,,,,,taxable,parent,1,1,,0,0,,,,,0,,,6300,,,,https://boutique-she.com/wp-content/uploads/2026/04/IMG_8868-scaled.jpeg,,,id:60799,,,,,,5,,,,,10,,الألوان,Jaune,,1,المقاس,"Standard (du 38 au 44/46)",,1,,,,,,,,,,,,,,,,,,,,,,,,,,,,,,,,,,,,,,,,,,yes,yes,,,,product,,,,,,,,,,,,,,,,,,1777479802,,,,,upload,,
60805,variation,,,"Robe  Polka colle bateau<span> - </span>Marron, Standard (du 38 au 44/46)",1,0,visible,,,,,taxable,parent,0,0,,0,0,,,,,0,,,6300,,,,https://boutique-she.com/wp-content/uploads/2026/04/IMG_8859-scaled.jpeg,,,id:60799,,,,,,6,,,,,10,,الألوان,Marron,,1,المقاس,"Standard (du 38 au 44/46)",,1,,,,,,,,,,,,,,,,,,,,,,,,,,,,,,,,,,,,,,,,,,yes,yes,,,,product,,,,,,,,,,,,,,,,,,1778589748,,,,,upload,,
60806,variation,,,"Robe  Polka colle bateau<span> - </span>Noir, Standard (du 38 au 44/46)",1,0,visible,,,,,taxable,parent,0,0,,0,0,,,,,0,,,6300,,,,https://boutique-she.com/wp-content/uploads/2026/04/IMG_8867-scaled.jpeg,,,id:60799,,,,,,7,,,,,10,,الألوان,Noir,,1,المقاس,"Standard (du 38 au 44/46)",,1,,,,,,,,,,,,,,,,,,,,,,,,,,,,,,,,,,,,,,,,,,yes,yes,,,,product,,,,,,,,,,,,,,,,,,1777496938,,,,,upload,,
60815,variable,,,"Robe  Polka manche élastique",1,0,visible,,,,,taxable,,1,,,0,0,,,,,0,,,,"Manteaux et vestes",,,"https://boutique-she.com/wp-content/uploads/2026/04/IMG_8844-scaled.jpeg, https://boutique-she.com/wp-content/uploads/2026/04/IMG_8844-scaled.jpeg, https://boutique-she.com/wp-content/uploads/2026/04/IMG_8840-scaled.jpeg, https://boutique-she.com/wp-content/uploads/2026/04/IMG_8847-scaled.jpeg, https://boutique-she.com/wp-content/uploads/2026/04/IMG_8848-scaled.jpeg, https://boutique-she.com/wp-content/uploads/2026/04/IMG_8850-scaled.jpeg, https://boutique-she.com/wp-content/uploads/2026/04/IMG_8851-scaled.jpeg, https://boutique-she.com/wp-content/uploads/2026/04/IMG_8853-scaled.jpeg",,,,,,,,,0,,,,0,10,,الألوان,"Beige, bleu ciel, Bleu nuit, Bordeaux, crème, Jaune, Marron, Noir",1,1,المقاس,"Standard (du 38 au 44/46)",1,1,none,,no,,,none,default,default,none,,,,,,,,inherit,inherit,,after,inherit,,,,text,,,,text,,,,,,,,,,,,,yes,yes,,,,product,,,,,text,,,,,text,,,,,text,,,1777480902,15,,,,,,
60816,variation,,,"Robe  Polka manche élastique<span> - </span>Beige, Standard (du 38 au 44/46)",1,0,visible,,,,,taxable,parent,0,0,,0,0,,,,,0,,,6300,,,,https://boutique-she.com/wp-content/uploads/2026/04/IMG_8840-scaled.jpeg,,,id:60815,,,,,,2,,,,,10,,الألوان,Beige,,1,المقاس,"Standard (du 38 au 44/46)",,1,,,,,,,,,,,,,,,,,,,,,,,,,,,,,,,,,,,,,,,,,,yes,yes,,,,product,,,,,,,,,,,,,,,,,,1778591818,,,,,upload,,
60817,variation,,,"Robe  Polka manche élastique<span> - </span>Bleu nuit, Standard (du 38 au 44/46)",1,0,visible,,,,,taxable,parent,1,1,,0,0,,,,,0,,,6300,,,,https://boutique-she.com/wp-content/uploads/2026/04/IMG_8844-scaled.jpeg,,,id:60815,,,,,,3,,,,,10,,الألوان,"Bleu nuit",,1,المقاس,"Standard (du 38 au 44/46)",,1,,,,,,,,,,,,,,,,,,,,,,,,,,,,,,,,,,,,,,,,,,yes,yes,,,,product,,,,,,,,,,,,,,,,,,1778504355,,,,,upload,,
60818,variation,,,"Robe  Polka manche élastique<span> - </span>Bordeaux, Standard (du 38 au 44/46)",1,0,visible,,,,,taxable,parent,1,2,,0,0,,,,,0,,,6300,,,,https://boutique-she.com/wp-content/uploads/2026/04/IMG_8848-scaled.jpeg,,,id:60815,,,,,,4,,,,,10,,الألوان,Bordeaux,,1,المقاس,"Standard (du 38 au 44/46)",,1,,,,,,,,,,,,,,,,,,,,,,,,,,,,,,,,,,,,,,,,,,yes,yes,,,,product,,,,,,,,,,,,,,,,,,1777480856,,,,,upload,,,
60819,variation,,,"Robe  Polka manche élastique<span> - </span>crème, Standard (du 38 au 44/46)",1,0,visible,,,,,taxable,parent,0,0,,0,0,,,,,0,,,6300,,,,https://boutique-she.com/wp-content/uploads/2026/04/IMG_8851-scaled.jpeg,,,id:60815,,,,,,5,,,,,10,,الألوان,crème,,1,المقاس,"Standard (du 38 au 44/46)",,1,,,,,,,,,,,,,,,,,,,,,,,,,,,,,,,,,,,,,,,,,,yes,yes,,,,product,,,,,,,,,,,,,,,,,,1779036792,,,,,upload,,,
60820,variation,,,"Robe  Polka manche élastique<span> - </span>Jaune, Standard (du 38 au 44/46)",1,0,visible,,,,,taxable,parent,1,1,,0,0,,,,,0,,,6300,,,,https://boutique-she.com/wp-content/uploads/2026/04/IMG_8850-scaled.jpeg,,,id:60815,,,,,,6,,,,,10,,الألوان,Jaune,,1,المقاس,"Standard (du 38 au 44/46)",,1,,,,,,,,,,,,,,,,,,,,,,,,,,,,,,,,,,,,,,,,,,yes,yes,,,,product,,,,,,,,,,,,,,,,,,1778504356,,,,,upload,,,
60821,variation,,,"Robe  Polka manche élastique<span> - </span>Marron, Standard (du 38 au 44/46)",1,0,visible,,,,,taxable,parent,0,0,,0,0,,,,,0,,,6300,,,,https://boutique-she.com/wp-content/uploads/2026/04/IMG_8847-scaled.jpeg,,,id:60815,,,,,,7,,,,,10,,الألوان,Marron,,1,المقاس,"Standard (du 38 au 44/46)",,1,,,,,,,,,,,,,,,,,,,,,,,,,,,,,,,,,,,,,,,,,,yes,yes,,,,product,,,,,,,,,,,,,,,,,,1779804048,,,,,upload,,,
60831,variation,,,"Robe  Polka manche élastique<span> - </span>bleu ciel, Standard (du 38 au 44/46)",1,0,visible,,,,,taxable,parent,1,2,,0,0,,,,,0,,,6300,,,,https://boutique-she.com/wp-content/uploads/2026/04/IMG_8853-scaled.jpeg,,,id:60815,,,,,,1,,,,,10,,الألوان,"bleu ciel",,1,المقاس,"Standard (du 38 au 44/46)",,1,,,,,,,,,,,,,,,,,,,,,,,,,,,,,,,,,,,,,,,,,,yes,yes,,,,product,,,,,,,,,,,,,,,,,,1777480573,,,,,upload,,,
60853,variable,,,"Ensemble jupe à points",1,0,visible,,,,,taxable,,0,,,0,0,,,,,0,,,,"Manteaux et vestes",,,"https://boutique-she.com/wp-content/uploads/2026/04/IMG_8824-scaled.jpeg, https://boutique-she.com/wp-content/uploads/2026/04/IMG_8833-scaled.jpeg, https://boutique-she.com/wp-content/uploads/2026/04/IMG_8837-scaled.jpeg, https://boutique-she.com/wp-content/uploads/2026/04/IMG_8831-scaled.jpeg, https://boutique-she.com/wp-content/uploads/2026/04/IMG_8824-scaled.jpeg, https://boutique-she.com/wp-content/uploads/2026/04/IMG_8829-scaled.jpeg",,,,,,,,,0,,,,0,10,,الألوان,"blanc, caramel, Marron, Noir, Rose",1,1,المقاس,"Standard (du 38 au 44/46)",1,1,none,,no,,,none,default,default,none,,,,,,,,inherit,inherit,,after,inherit,,,,text,,,,text,,,,,,,,,,,,,yes,yes,,,,product,,,,,text,,,,,text,,,,,text,,,1777879656,14,,,,,,,
60884,variation,,,"Ensemble jupe à points<span> - </span>blanc, Standard (du 38 au 44/46)",1,0,visible,,,,,taxable,parent,0,0,,0,0,,,,,0,,,7500,,,,https://boutique-she.com/wp-content/uploads/2026/04/IMG_8837-scaled.jpeg,,,id:60853,,,,,,1,,,,,10,,الألوان,blanc,,1,المقاس,"Standard (du 38 au 44/46)",,1,,,,,,,,,,,,,,,,,,,,,,,,,,,,,,,,,,,,,,,,,,yes,yes,,,,product,,,,,,,,,,,,,,,,,,1777563319,,,,,upload,,,
60885,variation,,,"Ensemble jupe à points<span> - </span>caramel, Standard (du 38 au 44/46)",1,0,visible,,,,,taxable,parent,0,0,,0,0,,,,,0,,,7500,,,,https://boutique-she.com/wp-content/uploads/2026/04/IMG_8833-scaled.jpeg,,,id:60853,,,,,,2,,,,,10,,الألوان,caramel,,1,المقاس,"Standard (du 38 au 44/46)",,1,,,,,,,,,,,,,,,,,,,,,,,,,,,,,,,,,,,,,,,,,,yes,yes,,,,product,,,,,,,,,,,,,,,,,,1777562268,,,,,upload,,,
60886,variation,,,"Ensemble jupe à points<span> - </span>Marron, Standard (du 38 au 44/46)",1,0,visible,,,,,taxable,parent,0,0,,0,0,,,,,0,,,7500,,,,https://boutique-she.com/wp-content/uploads/2026/04/IMG_8824-scaled.jpeg,,,id:60853,,,,,,3,,,,,10,,الألوان,Marron,,1,المقاس,"Standard (du 38 au 44/46)",,1,,,,,,,,,,,,,,,,,,,,,,,,,,,,,,,,,,,,,,,,,,yes,yes,,,,product,,,,,,,,,,,,,,,,,,1777565200,,,,,upload,,,
60887,variation,,,"Ensemble jupe à points<span> - </span>Noir, Standard (du 38 au 44/46)",1,0,visible,,,,,taxable,parent,0,0,,0,0,,,,,0,,,7500,,,,https://boutique-she.com/wp-content/uploads/2026/04/IMG_8829-scaled.jpeg,,,id:60853,,,,,,4,,,,,10,,الألوان,Noir,,1,المقاس,"Standard (du 38 au 44/46)",,1,,,,,,,,,,,,,,,,,,,,,,,,,,,,,,,,,,,,,,,,,,yes,yes,,,,product,,,,,,,,,,,,,,,,,,1777579564,,,,,upload,,,
60888,variation,,,"Ensemble jupe à points<span> - </span>Rose, Standard (du 38 au 44/46)",1,0,visible,,,,,taxable,parent,0,0,,0,0,,,,,0,,,7500,,,,https://boutique-she.com/wp-content/uploads/2026/04/IMG_8831-scaled.jpeg,,,id:60853,,,,,,5,,,,,10,,الألوان,Rose,,1,المقاس,"Standard (du 38 au 44/46)",,1,,,,,,,,,,,,,,,,,,,,,,,,,,,,,,,,,,,,,,,,,,yes,yes,,,,product,,,,,,,,,,,,,,,,,,1777879655,,,,,upload,,,
60889,variable,,,"Robe Hijab bouffante",1,0,visible,,,,,taxable,,1,,,0,0,,,,,0,,,,"Manteaux et vestes",,,"https://boutique-she.com/wp-content/uploads/2026/04/IMG_8579.jpeg, https://boutique-she.com/wp-content/uploads/2026/04/IMG_8579.jpeg, https://boutique-she.com/wp-content/uploads/2026/04/IMG_8582-scaled.jpeg, https://boutique-she.com/wp-content/uploads/2026/04/IMG_8587-scaled.jpeg",,,,,,,,,0,,,,0,10,,الألوان,"crème, Jaune, Vert",1,1,المقاس,"38, 40, 42, 44, 46",1,1,none,,no,,,none,default,default,none,,,,,,,,inherit,inherit,,after,inherit,,,,text,,,,text,,,,,,,,,,,,,yes,yes,,,,,,,,,text,,,,,text,,,,,text,,,1778871929,60,,,,,,,
60890,variation,,,"Robe Hijab bouffante<span> - </span>crème, 38",1,0,visible,,,,,taxable,parent,0,0,,0,0,,,,,0,,,8500,,,,https://boutique-she.com/wp-content/uploads/2026/04/IMG_8582-scaled.jpeg,,,id:60889,,,,,,1,,,,,10,,الألوان,crème,,1,المقاس,38,,1,,,,,,,,,,,,,,,,,,,,,,,,,,,,,,,,,,,,,,,,,,yes,yes,,,,product,,,,,,,,,,,,,,,,,,1777584630,,,,,upload,,,
60891,variation,,,"Robe Hijab bouffante<span> - </span>crème, 40",1,0,visible,,,,,taxable,parent,0,0,,0,0,,,,,0,,,8500,,,,https://boutique-she.com/wp-content/uploads/2026/04/IMG_8582-scaled.jpeg,,,id:60889,,,,,,2,,,,,10,,الألوان,crème,,1,المقاس,40,,1,,,,,,,,,,,,,,,,,,,,,,,,,,,,,,,,,,,,,,,,,,yes,yes,,,,product,,,,,,,,,,,,,,,,,,1777638200,,,,,upload,,,
60892,variation,,,"Robe Hijab bouffante<span> - </span>crème, 42",1,0,visible,,,,,taxable,parent,0,0,,0,0,,,,,0,,,8500,,,,https://boutique-she.com/wp-content/uploads/2026/04/IMG_8582-scaled.jpeg,,,id:60889,,,,,,3,,,,,10,,الألوان,crème,,1,المقاس,42,,1,,,,,,,,,,,,,,,,,,,,,,,,,,,,,,,,,,,,,,,,,,yes,yes,,,,product,,,,,,,,,,,,,,,,,,1777579939,,,,,upload,,,
60893,variation,,,"Robe Hijab bouffante<span> - </span>crème, 44",1,0,visible,,,,,taxable,parent,0,0,,0,0,,,,,0,,,8500,,,,https://boutique-she.com/wp-content/uploads/2026/04/IMG_8582-scaled.jpeg,,,id:60889,,,,,,4,,,,,10,,الألوان,crème,,1,المقاس,44,,1,,,,,,,,,,,,,,,,,,,,,,,,,,,,,,,,,,,,,,,,,,yes,yes,,,,product,,,,,,,,,,,,,,,,,,1779286168,,,,,upload,,,
60894,variation,,,"Robe Hijab bouffante<span> - </span>crème, 46",1,0,visible,,,,,taxable,parent,0,0,,0,0,,,,,0,,,8500,,,,https://boutique-she.com/wp-content/uploads/2026/04/IMG_8582-scaled.jpeg,,,id:60889,,,,,,5,,,,,10,,الألوان,crème,,1,المقاس,46,,1,,,,,,,,,,,,,,,,,,,,,,,,,,,,,,,,,,,,,,,,,,yes,yes,,,,product,,,,,,,,,,,,,,,,,,1778742510,,,,,upload,,,
60895,variation,,,"Robe Hijab bouffante<span> - </span>Jaune, 38",1,0,visible,,,,,taxable,parent,0,0,,0,0,,,,,0,,,8500,,,,https://boutique-she.com/wp-content/uploads/2026/04/IMG_8579.jpeg,,,id:60889,,,,,,6,,,,,10,,الألوان,Jaune,,1,المقاس,38,,1,,,,,,,,,,,,,,,,,,,,,,,,,,,,,,,,,,,,,,,,,,yes,yes,,,,product,,,,,,,,,,,,,,,,,,1777570103,,,,,upload,,,
60896,variation,,,"Robe Hijab bouffante<span> - </span>Jaune, 40",1,0,visible,,,,,taxable,parent,0,0,,0,0,,,,,0,,,8500,,,,https://boutique-she.com/wp-content/uploads/2026/04/IMG_8579.jpeg,,,id:60889,,,,,,7,,,,,10,,الألوان,Jaune,,1,المقاس,40,,1,,,,,,,,,,,,,,,,,,,,,,,,,,,,,,,,,,,,,,,,,,yes,yes,,,,product,,,,,,,,,,,,,,,,,,1777562034,,,,,upload,,,
60897,variation,,,"Robe Hijab bouffante<span> - </span>Jaune, 42",1,0,visible,,,,,taxable,parent,0,0,,0,0,,,,,0,,,8500,,,,https://boutique-she.com/wp-content/uploads/2026/04/IMG_8579.jpeg,,,id:60889,,,,,,8,,,,,10,,الألوان,Jaune,,1,المقاس,42,,1,,,,,,,,,,,,,,,,,,,,,,,,,,,,,,,,,,,,,,,,,,yes,yes,,,,product,,,,,,,,,,,,,,,,,,1777562034,,,,,upload,,,
60898,variation,,,"Robe Hijab bouffante<span> - </span>Jaune, 44",1,0,visible,,,,,taxable,parent,1,1,,0,0,,,,,0,,,8500,,,,https://boutique-she.com/wp-content/uploads/2026/04/IMG_8579.jpeg,,,id:60889,,,,,,9,,,,,10,,الألوان,Jaune,,1,المقاس,44,,1,,,,,,,,,,,,,,,,,,,,,,,,,,,,,,,,,,,,,,,,,,yes,yes,,,,product,,,,,,,,,,,,,,,,,,1779633615,,,,,upload,,,
60899,variation,,,"Robe Hijab bouffante<span> - </span>Jaune, 46",1,0,visible,,,,,taxable,parent,1,1,,0,0,,,,,0,,,8500,,,,https://boutique-she.com/wp-content/uploads/2026/04/IMG_8579.jpeg,,,id:60889,,,,,,10,,,,,10,,الألوان,Jaune,,1,المقاس,46,,1,,,,,,,,,,,,,,,,,,,,,,,,,,,,,,,,,,,,,,,,,,yes,yes,,,,product,,,,,,,,,,,,,,,,,,1780344488,,,,,upload,,,
60900,variation,,,"Robe Hijab bouffante<span> - </span>Vert, 38",1,0,visible,,,,,taxable,parent,0,0,,0,0,,,,,0,,,8500,,,,https://boutique-she.com/wp-content/uploads/2026/04/IMG_8587-scaled.jpeg,,,id:60889,,,,,,11,,,,,10,,الألوان,Vert,,1,المقاس,38,,1,,,,,,,,,,,,,,,,,,,,,,,,,,,,,,,,,,,,,,,,,,yes,yes,,,,product,,,,,,,,,,,,,,,,,,1777562035,,,,,upload,,,
60901,variation,,,"Robe Hijab bouffante<span> - </span>Vert, 40",1,0,visible,,,,,taxable,parent,0,0,,0,0,,,,,0,,,8500,,,,https://boutique-she.com/wp-content/uploads/2026/04/IMG_8587-scaled.jpeg,,,id:60889,,,,,,12,,,,,10,,الألوان,Vert,,1,المقاس,40,,1,,,,,,,,,,,,,,,,,,,,,,,,,,,,,,,,,,,,,,,,,,yes,yes,,,,product,,,,,,,,,,,,,,,,,,1777567395,,,,,upload,,,
60902,variation,,,"Robe Hijab bouffante<span> - </span>Vert, 42",1,0,visible,,,,,taxable,parent,0,0,,0,0,,,,,0,,,8500,,,,https://boutique-she.com/wp-content/uploads/2026/04/IMG_8587-scaled.jpeg,,,id:60889,,,,,,13,,,,,10,,الألوان,Vert,,1,المقاس,42,,1,,,,,,,,,,,,,,,,,,,,,,,,,,,,,,,,,,,,,,,,,,yes,yes,,,,product,,,,,,,,,,,,,,,,,,1777562036,,,,,upload,,,
60903,variation,,,"Robe Hijab bouffante<span> - </span>Vert, 44",1,0,visible,,,,,taxable,parent,1,1,,0,0,,,,,0,,,8500,,,,https://boutique-she.com/wp-content/uploads/2026/04/IMG_8587-scaled.jpeg,,,id:60889,,,,,,14,,,,,10,,الألوان,Vert,,1,المقاس,44,,1,,,,,,,,,,,,,,,,,,,,,,,,,,,,,,,,,,,,,,,,,,yes,yes,,,,product,,,,,,,,,,,,,,,,,,1778871928,,,,,upload,,,
60904,variation,,,"Robe Hijab bouffante<span> - </span>Vert, 46",1,0,visible,,,,,taxable,parent,0,0,,0,0,,,,,0,,,8500,,,,https://boutique-she.com/wp-content/uploads/2026/04/IMG_8587-scaled.jpeg,,,id:60889,,,,,,15,,,,,10,,الألوان,Vert,,1,المقاس,46,,1,,,,,,,,,,,,,,,,,,,,,,,,,,,,,,,,,,,,,,,,,,yes,yes,,,,product,,,,,,,,,,,,,,,,,,1777562036,,,,,upload,,,
60911,variable,,,"Robe noeud au poignet",1,0,visible,,,,,taxable,,1,,,0,0,,,,,0,,,,"Manteaux et vestes",,,"https://boutique-she.com/wp-content/uploads/2026/04/IMG_8592-scaled.jpeg, https://boutique-she.com/wp-content/uploads/2026/04/IMG_8592-scaled.jpeg, https://boutique-she.com/wp-content/uploads/2026/04/IMG_8598.jpeg",,,,,,,,,0,,,,0,10,,الألوان,"Vert kaki, Vert pistache",1,1,المقاس,"Taille 1 : 38-40-42, Taille 2 (42-44-46)",1,1,none,,no,,,none,default,default,none,,,,,,,,inherit,inherit,,after,inherit,,,,text,,,,text,,,,,,,,,,,,,yes,yes,,,,,,,,,text,,,,,text,,,,,text,,,1780500959,37,,,,,,,
60914,variation,,,"Robe noeud au poignet<span> - </span>Vert kaki, Taille 1 : 38-40-42",1,0,visible,,,,,taxable,parent,0,0,,0,0,,,,,0,,,9500,,,,https://boutique-she.com/wp-content/uploads/2026/04/IMG_8592-scaled.jpeg,,,id:60911,,,,,,1,,,,,10,,الألوان,"Vert kaki",,1,المقاس,"Taille 1 : 38-40-42",,1,,,,,,,,,,,,,,,,,,,,,,,,,,,,,,,,,,,,,,,,,,yes,yes,,,,product,,,,,,,,,,,,,,,,,,1777647224,,,,,upload,,,
60915,variation,,,"Robe noeud au poignet<span> - </span>Vert kaki, Taille 2 (42-44-46)",1,0,visible,,,,,taxable,parent,1,1,,0,0,,,,,0,,,9500,,,,https://boutique-she.com/wp-content/uploads/2026/04/IMG_8592-scaled.jpeg,,,id:60911,,,,,,2,,,,,10,,الألوان,"Vert kaki",,1,المقاس,"Taille 2 (42-44-46)",,1,,,,,,,,,,,,,,,,,,,,,,,,,,,,,,,,,,,,,,,,,,yes,yes,,,,product,,,,,,,,,,,,,,,,,,1780500959,,,,,upload,,,
60916,variation,,,"Robe noeud au poignet<span> - </span>Vert pistache, Taille 1 : 38-40-42",1,0,visible,,,,,taxable,parent,0,0,,0,0,,,,,0,,,9500,,,,https://boutique-she.com/wp-content/uploads/2026/04/IMG_8598.jpeg,,,id:60911,,,,,,3,,,,,10,,الألوان,"Vert pistache",,1,المقاس,"Taille 1 : 38-40-42",,1,,,,,,,,,,,,,,,,,,,,,,,,,,,,,,,,,,,,,,,,,,yes,yes,,,,product,,,,,,,,,,,,,,,,,,1777562392,,,,,upload,,,
60917,variation,,,"Robe noeud au poignet<span> - </span>Vert pistache, Taille 2 (42-44-46)",1,0,visible,,,,,taxable,parent,0,0,,0,0,,,,,0,,,9500,,,,https://boutique-she.com/wp-content/uploads/2026/04/IMG_8598.jpeg,,,id:60911,,,,,,4,,,,,10,,الألوان,"Vert pistache",,1,المقاس,"Taille 2 (42-44-46)",,1,,,,,,,,,,,,,,,,,,,,,,,,,,,,,,,,,,,,,,,,,,yes,yes,,,,product,,,,,,,,,,,,,,,,,,1777570424,,,,,upload,,,
60921,variable,,,"ensemble Jana",1,0,visible,,,,,taxable,,1,,,0,0,,,,,0,,,,"Manteaux et vestes",,,"https://boutique-she.com/wp-content/uploads/2026/04/IMG_9012-scaled.jpeg, https://boutique-she.com/wp-content/uploads/2026/04/IMG_9115.jpeg, https://boutique-she.com/wp-content/uploads/2026/04/IMG_9114.jpeg, https://boutique-she.com/wp-content/uploads/2026/04/IMG_9113.jpeg, https://boutique-she.com/wp-content/uploads/2026/04/IMG_9112.jpeg, https://boutique-she.com/wp-content/uploads/2026/04/IMG_9111.jpeg, https://boutique-she.com/wp-content/uploads/2026/04/IMG_9012-scaled.jpeg, https://boutique-she.com/wp-content/uploads/2026/04/IMG_9007-scaled.jpeg",,,,,,,,,0,,,,0,10,,الألوان,"bleu, crème, Jaune, Marron, Noir, Rose, Vert",1,1,المقاس,"Standard (du 38 au 44/46)",1,1,none,,no,,,none,default,default,none,,,,,,,,inherit,inherit,,after,inherit,,,,text,,,,text,,,,,,,,,,,,,yes,yes,,,,,,,,,text,,,,,text,,,,,text,,,1778333656,48,,,,,,2026-04-30,
60929,variation,,,"ensemble Jana<span> - </span>bleu, Standard (du 38 au 44/46)",1,0,visible,,,,,taxable,parent,0,0,,0,0,,,,,0,,,6500,,,,https://boutique-she.com/wp-content/uploads/2026/04/IMG_9007-scaled.jpeg,,,id:60921,,,,,,1,,,,,10,,الألوان,bleu,,1,المقاس,"Standard (du 38 au 44/46)",,1,,,,,,,,,,,,,,,,,,,,,,,,,,,,,,,,,,,,,,,,,,yes,yes,,,,product,,,,,,,,,,,,,,,,,,1777974869,,,,,upload,,,
60930,variation,,,"ensemble Jana<span> - </span>crème, Standard (du 38 au 44/46)",1,0,visible,,,,,taxable,parent,0,0,,0,0,,,,,0,,,6500,,,,https://boutique-she.com/wp-content/uploads/2026/04/IMG_9112.jpeg,,,id:60921,,,,,,2,,,,,10,,الألوان,crème,,1,المقاس,"Standard (du 38 au 44/46)",,1,,,,,,,,,,,,,,,,,,,,,,,,,,,,,,,,,,,,,,,,,,yes,yes,,,,product,,,,,,,,,,,,,,,,,,1778275523,,,,,upload,,,
60931,variation,,,"ensemble Jana<span> - </span>Jaune, Standard (du 38 au 44/46)",1,0,visible,,,,,taxable,parent,0,0,,0,0,,,,,0,,,6500,,,,https://boutique-she.com/wp-content/uploads/2026/04/IMG_9115.jpeg,,,id:60921,,,,,,3,,,,,10,,الألوان,Jaune,,1,المقاس,"Standard (du 38 au 44/46)",,1,,,,,,,,,,,,,,,,,,,,,,,,,,,,,,,,,,,,,,,,,,yes,yes,,,,product,,,,,,,,,,,,,,,,,,1777651882,,,,,upload,,,
60932,variation,,,"ensemble Jana<span> - </span>Marron, Standard (du 38 au 44/46)",1,0,visible,,,,,taxable,parent,0,0,,0,0,,,,,0,,,6500,,,,https://boutique-she.com/wp-content/uploads/2026/04/IMG_9114.jpeg,,,id:60921,,,,,,4,,,,,10,,الألوان,Marron,,1,المقاس,"Standard (du 38 au 44/46)",,1,,,,,,,,,,,,,,,,,,,,,,,,,,,,,,,,,,,,,,,,,,yes,yes,,,,product,,,,,,,,,,,,,,,,,,1778524087,,,,,upload,,,
60933,variation,,,"ensemble Jana<span> - </span>Noir, Standard (du 38 au 44/46)",1,0,visible,,,,,taxable,parent,1,1,,0,0,,,,,0,,,6500,,,,https://boutique-she.com/wp-content/uploads/2026/04/IMG_9111.jpeg,,,id:60921,,,,,,5,,,,,10,,الألوان,Noir,,1,المقاس,"Standard (du 38 au 44/46)",,1,,,,,,,,,,,,,,,,,,,,,,,,,,,,,,,,,,,,,,,,,,yes,yes,,,,product,,,,,,,,,,,,,,,,,,1778333655,,,,,upload,,,
60934,variation,,,"ensemble Jana<span> - </span>Rose, Standard (du 38 au 44/46)",1,0,visible,,,,,taxable,parent,0,0,,0,0,,,,,0,,,6500,,,,https://boutique-she.com/wp-content/uploads/2026/04/IMG_9012-scaled.jpeg,,,id:60921,,,,,,6,,,,,10,,الألوان,Rose,,1,المقاس,"Standard (du 38 au 44/46)",,1,,,,,,,,,,,,,,,,,,,,,,,,,,,,,,,,,,,,,,,,,,yes,yes,,,,product,,,,,,,,,,,,,,,,,,1777651433,,,,,upload,,,
60935,variation,,,"ensemble Jana<span> - </span>Vert, Standard (du 38 au 44/46)",1,0,visible,,,,,taxable,parent,0,0,,0,0,,,,,0,,,6500,,,,https://boutique-she.com/wp-content/uploads/2026/04/IMG_9113.jpeg,,,id:60921,,,,,,7,,,,,10,,الألوان,Vert,,1,المقاس,"Standard (du 38 au 44/46)",,1,,,,,,,,,,,,,,,,,,,,,,,,,,,,,,,,,,,,,,,,,,yes,yes,,,,product,,,,,,,,,,,,,,,,,,1778676885,,,,,upload,,,
60936,variable,,,"ensemble reina",1,0,visible,,,,,taxable,,1,,,0,0,,,,,0,,,,"Manteaux et vestes",,,"https://boutique-she.com/wp-content/uploads/2026/04/IMG_9015-scaled.jpeg, https://boutique-she.com/wp-content/uploads/2026/04/IMG_9118.jpeg, https://boutique-she.com/wp-content/uploads/2026/04/IMG_9117.jpeg, https://boutique-she.com/wp-content/uploads/2026/04/IMG_9023-scaled.jpeg, https://boutique-she.com/wp-content/uploads/2026/04/IMG_9015-scaled.jpeg",,,,,,,,,0,,,,0,10,,الألوان,"bleu ciel, Jaune, Noir, Rose, Taupe, Vert",1,1,المقاس,"Standard (du 38 au 44/46)",1,1,none,,no,,,none,default,default,none,,,,,,,,inherit,inherit,,after,inherit,,,,text,,,,text,,,,,,,,,,,,,yes,yes,,,,,,,,,text,,,,,text,,,,,text,,,1777645389,17,,,,,,,
60937,variation,,,"ensemble reina<span> - </span>Taupe, Standard (du 38 au 44/46)",1,0,visible,,,,,taxable,parent,0,0,,0,0,,,,,0,,,6500,,,,https://boutique-she.com/wp-content/uploads/2026/04/IMG_9118.jpeg,,,id:60936,,,,,,1,,,,,10,,الألوان,Taupe,,1,المقاس,"Standard (du 38 au 44/46)",,1,,,,,,,,,,,,,,,,,,,,,,,,,,,,,,,,,,,,,,,,,,yes,yes,,,,product,,,,,,,,,,,,,,,,,,1777921909,,,,,upload,,,
60939,variation,,,"ensemble reina<span> - </span>Jaune, Standard (du 38 au 44/46)",1,0,visible,,,,,taxable,parent,0,0,,0,0,,,,,0,,,6500,,,,https://boutique-she.com/wp-content/uploads/2026/04/IMG_9015-scaled.jpeg,,,id:60936,,,,,,2,,,,,10,,الألوان,Jaune,,1,المقاس,"Standard (du 38 au 44/46)",,1,,,,,,,,,,,,,,,,,,,,,,,,,,,,,,,,,,,,,,,,,,yes,yes,,,,product,,,,,,,,,,,,,,,,,,1779110021,,,,,upload,,,
60942,variation,,,"ensemble reina<span> - </span>Rose, Standard (du 38 au 44/46)",1,0,visible,,,,,taxable,parent,0,0,,0,0,,,,,0,,,6500,,,,https://boutique-she.com/wp-content/uploads/2026/04/IMG_9117.jpeg,,,id:60936,,,,,,3,,,,,10,,الألوان,Rose,,1,المقاس,"Standard (du 38 au 44/46)",,1,,,,,,,,,,,,,,,,,,,,,,,,,,,,,,,,,,,,,,,,,,yes,yes,,,,product,,,,,,,,,,,,,,,,,,1777723740,,,,,upload,,,
60943,variation,,,"ensemble reina<span> - </span>Vert, Standard (du 38 au 44/46)",1,0,visible,,,,,taxable,parent,0,0,,0,0,,,,,0,,,6500,,,,https://boutique-she.com/wp-content/uploads/2026/04/IMG_9023-scaled.jpeg,,,id:60936,,,,,,4,,,,,10,,الألوان,Vert,,1,المقاس,"Standard (du 38 au 44/46)",,1,,,,,,,,,,,,,,,,,,,,,,,,,,,,,,,,,,,,,,,,,,yes,yes,,,,product,,,,,,,,,,,,,,,,,,1779296886,,,,,upload,,,
60948,variable,,,"ensemble colle v à rayures",1,0,visible,,,,,taxable,,1,,,0,0,,,,,0,,,,Ensemble,,,"https://boutique-she.com/wp-content/uploads/2026/04/IMG_9043-scaled.jpeg, https://boutique-she.com/wp-content/uploads/2026/04/IMG_9103.jpeg, https://boutique-she.com/wp-content/uploads/2026/04/IMG_9104.jpeg, https://boutique-she.com/wp-content/uploads/2026/04/IMG_9105.jpeg, https://boutique-she.com/wp-content/uploads/2026/04/IMG_9106.jpeg, https://boutique-she.com/wp-content/uploads/2026/04/IMG_9109.jpeg, https://boutique-she.com/wp-content/uploads/2026/04/IMG_9110.jpeg, https://boutique-she.com/wp-content/uploads/2026/04/IMG_9043-scaled.jpeg",,,,,,,,,0,,,,0,10,,الألوان,"bleu, caramel, Jaune, Marron, Noir, Rose, Vert",1,1,المقاس,"Standard (du 38 au 44/46)",1,1,none,,no,,,none,default,default,none,,,,,,,,inherit,inherit,,after,inherit,,,,text,,,,text,,,,,,,,,,,,,yes,yes,,,,,,,,,text,,,,,text,,,,,text,,,1777645314,18,,,,,,,
60949,variation,,,"ensemble colle v à rayures<span> - </span>bleu, Standard (du 38 au 44/46)",1,0,visible,,,,,taxable,parent,0,0,,0,0,,,,,0,,,6500,,,,https://boutique-she.com/wp-content/uploads/2026/04/IMG_9043-scaled.jpeg,,,id:60948,,,,,,1,,,,,10,,الألوان,bleu,,1,المقاس,"Standard (du 38 au 44/46)",,1,,,,,,,,,,,,,,,,,,,,,,,,,,,,,,,,,,,,,,,,,,yes,yes,,,,product,,,,,,,,,,,,,,,,,,1778689285,,,,,upload,,,
60950,variation,,,"ensemble colle v à rayures<span> - </span>caramel, Standard (du 38 au 44/46)",1,0,visible,,,,,taxable,parent,1,2,2,0,0,,,,,0,,,6500,,,,https://boutique-she.com/wp-content/uploads/2026/04/IMG_9104.jpeg,,,id:60948,,,,,,2,,,,,10,,الألوان,caramel,,1,المقاس,"Standard (du 38 au 44/46)",,1,,,,,,,,,,,,,,,,,,,,,,,,,,,,,,,,,,,,,,,,,,yes,yes,,,,product,,,,,,,,,,,,,,,,,,1777645314,,,,,upload,,,
60951,variation,,,"ensemble colle v à rayures<span> - </span>Jaune, Standard (du 38 au 44/46)",1,0,visible,,,,,taxable,parent,1,2,,0,0,,,,,0,,,6500,,,,https://boutique-she.com/wp-content/uploads/2026/04/IMG_9105.jpeg,,,id:60948,,,,,,3,,,,,10,,الألوان,Jaune,,1,المقاس,"Standard (du 38 au 44/46)",,1,,,,,,,,,,,,,,,,,,,,,,,,,,,,,,,,,,,,,,,,,,yes,yes,,,,product,,,,,,,,,,,,,,,,,,1778335936,,,,,upload,,,
60952,variation,,,"ensemble colle v à rayures<span> - </span>Marron, Standard (du 38 au 44/46)",1,0,visible,,,,,taxable,parent,1,3,,0,0,,,,,0,,,6500,,,,https://boutique-she.com/wp-content/uploads/2026/04/IMG_9109.jpeg,,,id:60948,,,,,,4,,,,,10,,الألوان,Marron,,1,المقاس,"Standard (du 38 au 44/46)",,1,,,,,,,,,,,,,,,,,,,,,,,,,,,,,,,,,,,,,,,,,,yes,yes,,,,product,,,,,,,,,,,,,,,,,,1778335936,,,,,upload,,,
60953,variation,,,"ensemble colle v à rayures<span> - </span>Noir, Standard (du 38 au 44/46)",1,0,visible,,,,,taxable,parent,1,2,,0,0,,,,,0,,,6500,,,,https://boutique-she.com/wp-content/uploads/2026/04/IMG_9103.jpeg,,,id:60948,,,,,,5,,,,,10,,الألوان,Noir,,1,المقاس,"Standard (du 38 au 44/46)",,1,,,,,,,,,,,,,,,,,,,,,,,,,,,,,,,,,,,,,,,,,,yes,yes,,,,product,,,,,,,,,,,,,,,,,,1778335936,,,,,upload,,,
60954,variation,,,"ensemble colle v à rayures<span> - </span>Rose, Standard (du 38 au 44/46)",1,0,visible,,,,,taxable,parent,1,2,,0,0,,,,,0,,,6500,,,,https://boutique-she.com/wp-content/uploads/2026/04/IMG_9106.jpeg,,,id:60948,,,,,,6,,,,,10,,الألوان,Rose,,1,المقاس,"Standard (du 38 au 44/46)",,1,,,,,,,,,,,,,,,,,,,,,,,,,,,,,,,,,,,,,,,,,,yes,yes,,,,product,,,,,,,,,,,,,,,,,,1777645315,,,,,upload,,,
60955,variation,,,"ensemble colle v à rayures<span> - </span>Vert, Standard (du 38 au 44/46)",1,0,visible,,,,,taxable,parent,1,1,,0,0,,,,,0,,,6500,,,,https://boutique-she.com/wp-content/uploads/2026/04/IMG_9110.jpeg,,,id:60948,,,,,,7,,,,,10,,الألوان,Vert,,1,المقاس,"Standard (du 38 au 44/46)",,1,,,,,,,,,,,,,,,,,,,,,,,,,,,,,,,,,,,,,,,,,,yes,yes,,,,product,,,,,,,,,,,,,,,,,,1778335937,,,,,upload,,,
60971,variable,,,"Robe chemsie à rayures",1,0,visible,,,,,taxable,,0,,,0,0,,,,,0,,,,"Robe Hidjab",,,"https://boutique-she.com/wp-content/uploads/2026/04/IMG_8893-scaled.jpeg, https://boutique-she.com/wp-content/uploads/2026/04/IMG_9125.jpeg, https://boutique-she.com/wp-content/uploads/2026/04/IMG_9124.jpeg, https://boutique-she.com/wp-content/uploads/2026/04/IMG_9123.jpeg, https://boutique-she.com/wp-content/uploads/2026/04/IMG_9122.jpeg, https://boutique-she.com/wp-content/uploads/2026/04/IMG_8896-scaled.jpeg, https://boutique-she.com/wp-content/uploads/2026/04/IMG_8893-scaled.jpeg",,,,,,,,,0,,,,0,10,,الألوان,"bleu, caramel, crème, Jaune, Noir, Vert",1,1,المقاس,"Standard (du 38 au 44/46)",1,1,none,,no,,,,,,,,,,,,,,,,,,,,,,,,,,,,,,,,,,,,,,,yes,yes,,,,,,,,,,,,,,,,,,,,,,1780580966,75,,,,,,2026-04-30,
60978,variation,,,"Robe chemsie à rayures<span> - </span>bleu, Standard (du 38 au 44/46)",1,0,visible,,,,,taxable,parent,0,0,,0,0,,,,,0,,,5900,,,,https://boutique-she.com/wp-content/uploads/2026/04/IMG_8896-scaled.jpeg,,,id:60971,,,,,,1,,,,,10,,الألوان,bleu,,1,المقاس,"Standard (du 38 au 44/46)",,1,,,,,,,,,,,,,,,,,,,,,,,,,,,,,,,,,,,,,,,,,,yes,yes,,,,product,,,,,,,,,,,,,,,,,,1777900253,,,,,upload,,,
60979,variation,,,"Robe chemsie à rayures<span> - </span>caramel, Standard (du 38 au 44/46)",1,0,visible,,,,,taxable,parent,0,0,,0,0,,,,,0,,,5900,,,,https://boutique-she.com/wp-content/uploads/2026/04/IMG_9123.jpeg,,,id:60971,,,,,,2,,,,,10,,الألوان,caramel,,1,المقاس,"Standard (du 38 au 44/46)",,1,,,,,,,,,,,,,,,,,,,,,,,,,,,,,,,,,,,,,,,,,,yes,yes,,,,product,,,,,,,,,,,,,,,,,,1780580966,,,,,upload,,,
60980,variation,,,"Robe chemsie à rayures<span> - </span>crème, Standard (du 38 au 44/46)",1,0,visible,,,,,taxable,parent,0,0,,0,0,,,,,0,,,5900,,,,https://boutique-she.com/wp-content/uploads/2026/04/IMG_9125.jpeg,,,id:60971,,,,,,3,,,,,10,,الألوان,crème,,1,المقاس,"Standard (du 38 au 44/46)",,1,,,,,,,,,,,,,,,,,,,,,,,,,,,,,,,,,,,,,,,,,,yes,yes,,,,product,,,,,,,,,,,,,,,,,,1780255277,,,,,upload,,,
60981,variation,,,"Robe chemsie à rayures<span> - </span>Jaune, Standard (du 38 au 44/46)",1,0,visible,,,,,taxable,parent,0,0,,0,0,,,,,0,,,5900,,,,https://boutique-she.com/wp-content/uploads/2026/04/IMG_8893-scaled.jpeg,,,id:60971,,,,,,4,,,,,10,,الألوان,Jaune,,1,المقاس,"Standard (du 38 au 44/46)",,1,,,,,,,,,,,,,,,,,,,,,,,,,,,,,,,,,,,,,,,,,,yes,yes,,,,product,,,,,,,,,,,,,,,,,,1778594766,,,,,upload,,,
60982,variation,,,"Robe chemsie à rayures<span> - </span>Noir, Standard (du 38 au 44/46)",1,0,visible,,,,,taxable,parent,0,0,,0,0,,,,,0,,,5900,,,,https://boutique-she.com/wp-content/uploads/2026/04/IMG_9122.jpeg,,,id:60971,,,,,,5,,,,,10,,الألوان,Noir,,1,المقاس,"Standard (du 38 au 44/46)",,1,,,,,,,,,,,,,,,,,,,,,,,,,,,,,,,,,,,,,,,,,,yes,yes,,,,product,,,,,,,,,,,,,,,,,,1778404711,,,,,upload,,,
60983,variation,,,"Robe chemsie à rayures<span> - </span>Vert, Standard (du 38 au 44/46)",1,0,visible,,,,,taxable,parent,0,0,,0,0,,,,,0,,,5900,,,,https://boutique-she.com/wp-content/uploads/2026/04/IMG_9124.jpeg,,,id:60971,,,,,,6,,,,,10,,الألوان,Vert,,1,المقاس,"Standard (du 38 au 44/46)",,1,,,,,,,,,,,,,,,,,,,,,,,,,,,,,,,,,,,,,,,,,,yes,yes,,,,product,,,,,,,,,,,,,,,,,,1778586199,,,,,upload,,,
60985,variable,,,"Robe chemsie à plis",1,0,visible,,,,,taxable,,0,,,0,0,,,,,0,,,,"Robe Hidjab",,,"https://boutique-she.com/wp-content/uploads/2026/04/IMG_8876.jpeg, https://boutique-she.com/wp-content/uploads/2026/04/IMG_8889-scaled.jpeg, https://boutique-she.com/wp-content/uploads/2026/04/IMG_8888-scaled.jpeg, https://boutique-she.com/wp-content/uploads/2026/04/IMG_8887-scaled.jpeg, https://boutique-she.com/wp-content/uploads/2026/04/IMG_8885-scaled.jpeg, https://boutique-she.com/wp-content/uploads/2026/04/IMG_8884-scaled.jpeg, https://boutique-she.com/wp-content/uploads/2026/04/IMG_8881-scaled.jpeg, https://boutique-she.com/wp-content/uploads/2026/04/IMG_8876.jpeg",,,,,,,,,0,,,,0,10,,الألوان,"bleu, crème, Jaune, Noir, Rose, Taupe, Vert",1,1,المقاس,"Standard (du 38 au 44/46)",1,1,none,,no,,,none,default,default,none,,,,,,,,inherit,inherit,,after,inherit,,,,text,,,,text,,,,,,,,,,,,,yes,yes,,,,product,,,,,text,,,,,text,,,,,text,,,1779110022,40,,,,,,,
60986,variation,,,"Robe chemsie à plis<span> - </span>bleu, Standard (du 38 au 44/46)",1,0,visible,,,,,taxable,parent,0,0,,0,0,,,,,0,,,5900,,,,https://boutique-she.com/wp-content/uploads/2026/04/IMG_8887-scaled.jpeg,,,id:60985,,,,,,3,,,,,10,,الألوان,bleu,,1,المقاس,"Standard (du 38 au 44/46)",,1,,,,,,,,,,,,,,,,,,,,,,,,,,,,,,,,,,,,,,,,,,yes,yes,,,,product,,,,,,,,,,,,,,,,,,1779110021,,,,,upload,,,
60988,variation,,,"Robe chemsie à plis<span> - </span>crème, Standard (du 38 au 44/46)",1,0,visible,,,,,taxable,parent,0,0,,0,0,,,,,0,,,5900,,,,https://boutique-she.com/wp-content/uploads/2026/04/IMG_8885-scaled.jpeg,,,id:60985,,,,,,4,,,,,10,,الألوان,crème,,1,المقاس,"Standard (du 38 au 44/46)",,1,,,,,,,,,,,,,,,,,,,,,,,,,,,,,,,,,,,,,,,,,,yes,yes,,,,product,,,,,,,,,,,,,,,,,,1778592946,,,,,upload,,,
60989,variation,,,"Robe chemsie à plis<span> - </span>Jaune, Standard (du 38 au 44/46)",1,0,visible,,,,,taxable,parent,0,0,,0,0,,,,,0,,,5900,,,,https://boutique-she.com/wp-content/uploads/2026/04/IMG_8888-scaled.jpeg,,,id:60985,,,,,,5,,,,,10,,الألوان,Jaune,,1,المقاس,"Standard (du 38 au 44/46)",,1,,,,,,,,,,,,,,,,,,,,,,,,,,,,,,,,,,,,,,,,,,yes,yes,,,,product,,,,,,,,,,,,,,,,,,1778592947,,,,,upload,,,
60990,variation,,,"Robe chemsie à plis<span> - </span>Noir, Standard (du 38 au 44/46)",1,0,visible,,,,,taxable,parent,0,0,,0,0,,,,,0,,,5900,,,,https://boutique-she.com/wp-content/uploads/2026/04/IMG_8884-scaled.jpeg,,,id:60985,,,,,,6,,,,,10,,الألوان,Noir,,1,المقاس,"Standard (du 38 au 44/46)",,1,,,,,,,,,,,,,,,,,,,,,,,,,,,,,,,,,,,,,,,,,,yes,yes,,,,product,,,,,,,,,,,,,,,,,,1778592947,,,,,upload,,,
60991,variation,,,"Robe chemsie à plis<span> - </span>Vert, Standard (du 38 au 44/46)",1,0,visible,,,,,taxable,parent,0,0,,0,0,,,,,0,,,5900,,,,https://boutique-she.com/wp-content/uploads/2026/04/IMG_8876.jpeg,,,id:60985,,,,,,7,,,,,10,,الألوان,Vert,,1,المقاس,"Standard (du 38 au 44/46)",,1,,,,,,,,,,,,,,,,,,,,,,,,,,,,,,,,,,,,,,,,,,yes,yes,,,,product,,,,,,,,,,,,,,,,,,1777899773,,,,,upload,,,
60999,variation,,,"Robe chemsie à plis<span> - </span>Rose, Standard (du 38 au 44/46)",1,0,visible,,,,,taxable,parent,0,0,,0,0,,,,,0,,,5900,,,,https://boutique-she.com/wp-content/uploads/2026/04/IMG_8881-scaled.jpeg,,,id:60985,,,,,,1,,,,,10,,الألوان,Rose,,1,المقاس,"Standard (du 38 au 44/46)",,1,,,,,,,,,,,,,,,,,,,,,,,,,,,,,,,,,,,,,,,,,,yes,yes,,,,product,,,,,,,,,,,,,,,,,,1777900253,,,,,upload,,,
61000,variation,,,"Robe chemsie à plis<span> - </span>Taupe, Standard (du 38 au 44/46)",1,0,visible,,,,,taxable,parent,0,0,,0,0,,,,,0,,,,,,,https://boutique-she.com/wp-content/uploads/2026/04/IMG_8889-scaled.jpeg,,,id:60985,,,,,,2,,,,,10,,الألوان,Taupe,,1,المقاس,"Standard (du 38 au 44/46)",,1,,,,,,,,,,,,,,,,,,,,,,,,,,,,,,,,,,,,,,,,,,yes,yes,,,,product,,,,,,,,,,,,,,,,,,1778592946,,,,,upload,,,
61001,variable,,,"Ensemble Shanghai",1,0,visible,,,,,taxable,,1,,,0,0,,,,,0,,,,Ensemble,,,"https://boutique-she.com/wp-content/uploads/2026/04/IMG_9037-scaled.jpeg, https://boutique-she.com/wp-content/uploads/2026/03/IMG_7045-scaled.jpeg, https://boutique-she.com/wp-content/uploads/2026/03/IMG_7048-scaled.jpeg, https://boutique-she.com/wp-content/uploads/2026/03/IMG_7228-scaled.png, https://boutique-she.com/wp-content/uploads/2026/03/IMG_7229-scaled.png, https://boutique-she.com/wp-content/uploads/2026/03/IMG_7230-scaled.png, https://boutique-she.com/wp-content/uploads/2026/04/IMG_9037-scaled.jpeg, https://boutique-she.com/wp-content/uploads/2026/04/IMG_9032-scaled.jpeg",,,,,,,,,0,,,,0,10,,الألوان,"crème, Jaune, Marron, Noir, Rose, Taupe, Vert",1,1,المقاس,"standard (38-46)",1,1,none,,no,,,none,default,default,none,,,,,,,,inherit,inherit,,after,inherit,,,,text,,,,text,,,,,,,,,,,,,yes,yes,,,,product,,,,,text,,,,,text,,,,,text,,,1777565925,47,,,,,,,
61003,variation,,,"Ensemble Shanghai<span> - </span>crème, standard (38-46)",1,0,visible,,,,,taxable,parent,0,0,,0,0,,,,,0,,,6500,,,,https://boutique-she.com/wp-content/uploads/2026/03/IMG_7230-scaled.png,,,id:61001,,,,,,2,,,,,10,,الألوان,crème,,1,المقاس,"standard (38-46)",,1,,,,,,,,,,,,,,,,,,,,,,,,,,,,,,,,,,,,,,,,,,yes,yes,,,,product,,,,,,,,,,,,,,,,,,1779128433,,,,,upload,,,
61004,variation,,,"Ensemble Shanghai<span> - </span>Jaune, standard (38-46)",1,0,visible,,,,,taxable,parent,0,0,,0,0,,,,,0,,,6500,,,,https://boutique-she.com/wp-content/uploads/2026/04/IMG_9032-scaled.jpeg,,,id:61001,,,,,,3,,,,,10,,الألوان,Jaune,,1,المقاس,"standard (38-46)",,1,,,,,,,,,,,,,,,,,,,,,,,,,,,,,,,,,,,,,,,,,,yes,yes,,,,product,,,,,,,,,,,,,,,,,,1777748127,,,,,upload,,,
61005,variation,,,"Ensemble Shanghai<span> - </span>Marron, standard (38-46)",1,0,visible,,,,,taxable,parent,0,0,,0,0,,,,,0,,,6500,,,,https://boutique-she.com/wp-content/uploads/2026/03/IMG_7048-scaled.jpeg,,,id:61001,,,,,,4,,,,,10,,الألوان,Marron,,1,المقاس,"standard (38-46)",,1,,,,,,,,,,,,,,,,,,,,,,,,,,,,,,,,,,,,,,,,,,yes,yes,,,,product,,,,,,,,,,,,,,,,,,1777735240,,,,,upload,,,
61006,variation,,,"Ensemble Shanghai<span> - </span>Noir, standard (38-46)",1,0,visible,,,,,taxable,parent,0,0,,0,0,,,,,0,,,6500,,,,https://boutique-she.com/wp-content/uploads/2026/03/IMG_7229-scaled.png,,,id:61001,,,,,,5,,,,,10,,الألوان,Noir,,1,المقاس,"standard (38-46)",,1,,,,,,,,,,,,,,,,,,,,,,,,,,,,,,,,,,,,,,,,,,yes,yes,,,,product,,,,,,,,,,,,,,,,,,1778333739,,,,,upload,,,
61007,variation,,,"Ensemble Shanghai<span> - </span>Taupe, standard (38-46)",1,0,visible,,,,,taxable,parent,1,1,,0,0,,,,,0,,,6500,,,,https://boutique-she.com/wp-content/uploads/2026/03/IMG_7228-scaled.png,,,id:61001,,,,,,6,,,,,10,,الألوان,Taupe,,1,المقاس,"standard (38-46)",,1,,,,,,,,,,,,,,,,,,,,,,,,,,,,,,,,,,,,,,,,,,yes,yes,,,,product,,,,,,,,,,,,,,,,,,1780570389,,,,,upload,,,
61008,variation,,,"Ensemble Shanghai<span> - </span>Vert, standard (38-46)",1,0,visible,,,,,taxable,parent,0,0,,0,0,,,,,0,,,6500,,,,https://boutique-she.com/wp-content/uploads/2026/03/IMG_7045-scaled.jpeg,,,id:61001,,,,,,7,,,,,10,,الألوان,Vert,,1,المقاس,"standard (38-46)",,1,,,,,,,,,,,,,,,,,,,,,,,,,,,,,,,,,,,,,,,,,,yes,yes,,,,product,,,,,,,,,,,,,,,,,,1777736678,,,,,upload,,,
61011,variation,,,"Ensemble Shanghai<span> - </span>Rose, standard (38-46)",1,0,visible,,,,,taxable,parent,0,0,,0,0,,,,,0,,,6500,,,,https://boutique-she.com/wp-content/uploads/2026/04/IMG_9037-scaled.jpeg,,,id:61001,,,,,,1,,,,,10,,الألوان,Rose,,1,المقاس,"standard (38-46)",,1,,,,,,,,,,,,,,,,,,,,,,,,,,,,,,,,,,,,,,,,,,yes,yes,,,,product,,,,,,,,,,,,,,,,,,1778804384,,,,,upload,,,
61109,variable,,,Chapeau,1,0,visible,,,,,taxable,,1,,,0,0,,,,,0,,,,Chapeau,,,"https://boutique-she.com/wp-content/uploads/2026/05/3f3e17c7-bb07-4bc2-99d9-4f059d95452e.jpeg, https://boutique-she.com/wp-content/uploads/2026/05/1af0cebd-970e-4c6d-82dd-43ea9c829ccf.jpeg",,,,,,,,,0,,,,0,10,,الألوان,"Beige, bleu",1,1,,,,,none,,no,,,none,default,default,none,,,,,,,,inherit,inherit,,after,inherit,,,,text,,,,text,,,,,,,,,,,,,yes,yes,,,,,,,,,text,,,,,text,,,,,text,,,1777840652,85,,,,,,,
61110,variation,,,"Chapeau<span> - </span>Beige",1,0,visible,,,,,taxable,parent,1,,,0,0,,,,,0,,,1500,,,,https://boutique-she.com/wp-content/uploads/2026/05/3f3e17c7-bb07-4bc2-99d9-4f059d95452e.jpeg,,,id:61109,,,,,,1,,,,,10,,الألوان,Beige,,1,,,,,,,,,,,,,,,,,,,,,,,,,,,,,,,,,,,,,,,,,,,,,,yes,yes,,,,product,,,,,,,,,,,,,,,,,,1777840708,,,,,upload,,,
61111,variation,,,"Chapeau<span> - </span>bleu",1,0,visible,,,,,taxable,parent,1,,,0,0,,,,,0,,,1500,,,,https://boutique-she.com/wp-content/uploads/2026/05/1af0cebd-970e-4c6d-82dd-43ea9c829ccf.jpeg,,,id:61109,,,,,,2,,,,,10,,الألوان,bleu,,1,,,,,,,,,,,,,,,,,,,,,,,,,,,,,,,,,,,,,,,,,,,,,,yes,yes,,,,product,,,,,,,,,,,,,,,,,,1777840708,,,,,upload,,,
61138,variable,,,"Burkini waterproof noir",0,0,visible,,,,,taxable,,1,,,0,0,,,,,0,,,,Burkini,,,,,,,,,,,,0,,,,0,10,,المقاس,"3Xl 46, 4XL 48, 5XL 50, 6XL 52, L 40, M 38, Xl 42, XXL 44",1,1,,,,,none,,no,,,none,default,default,none,,,,,,,,inherit,inherit,,after,inherit,,,,text,,,,text,,,,,,,,,,,,,yes,,,,,,,,,,text,,,,,text,,,,,text,,,1777916022,,,,,,,,
61139,variation,,,"Burkini waterproof noir<span> - </span>3Xl 46",1,0,visible,,,,,taxable,parent,1,,,0,0,,,,,0,,,6500,,,,,,,id:61138,,,,,,1,,,,,10,,المقاس,"3Xl 46",,1,,,,,,,,,,,,,,,,,,,,,,,,,,,,,,,,,,,,,,,,,,,,,,yes,yes,,,,product,,,,,,,,,,,,,,,,,,,,,,,upload,,,
61140,variation,,,"Burkini waterproof noir<span> - </span>4XL 48",1,0,visible,,,,,taxable,parent,1,,,0,0,,,,,0,,,6500,,,,,,,id:61138,,,,,,2,,,,,10,,المقاس,"4XL 48",,1,,,,,,,,,,,,,,,,,,,,,,,,,,,,,,,,,,,,,,,,,,,,,,yes,yes,,,,product,,,,,,,,,,,,,,,,,,,,,,,upload,,,
61141,variation,,,"Burkini waterproof noir<span> - </span>5XL 50",1,0,visible,,,,,taxable,parent,1,,,0,0,,,,,0,,,6500,,,,,,,id:61138,,,,,,3,,,,,10,,المقاس,"5XL 50",,1,,,,,,,,,,,,,,,,,,,,,,,,,,,,,,,,,,,,,,,,,,,,,,yes,yes,,,,product,,,,,,,,,,,,,,,,,,,,,,,upload,,,
61142,variation,,,"Burkini waterproof noir<span> - </span>6XL 52",1,0,visible,,,,,taxable,parent,1,,,0,0,,,,,0,,,6500,,,,,,,id:61138,,,,,,4,,,,,10,,المقاس,"6XL 52",,1,,,,,,,,,,,,,,,,,,,,,,,,,,,,,,,,,,,,,,,,,,,,,,yes,yes,,,,product,,,,,,,,,,,,,,,,,,,,,,,upload,,,
61143,variation,,,"Burkini waterproof noir<span> - </span>L 40",1,0,visible,,,,,taxable,parent,1,,,0,0,,,,,0,,,6500,,,,,,,id:61138,,,,,,5,,,,,10,,المقاس,"L 40",,1,,,,,,,,,,,,,,,,,,,,,,,,,,,,,,,,,,,,,,,,,,,,,,yes,yes,,,,product,,,,,,,,,,,,,,,,,,,,,,,upload,,,
61144,variation,,,"Burkini waterproof noir<span> - </span>M 38",1,0,visible,,,,,taxable,parent,1,,,0,0,,,,,0,,,6500,,,,,,,id:61138,,,,,,6,,,,,10,,المقاس,"M 38",,1,,,,,,,,,,,,,,,,,,,,,,,,,,,,,,,,,,,,,,,,,,,,,,yes,yes,,,,product,,,,,,,,,,,,,,,,,,,,,,,upload,,,
61145,variation,,,"Burkini waterproof noir<span> - </span>Xl 42",1,0,visible,,,,,taxable,parent,1,,,0,0,,,,,0,,,6500,,,,,,,id:61138,,,,,,7,,,,,10,,المقاس,"Xl 42",,1,,,,,,,,,,,,,,,,,,,,,,,,,,,,,,,,,,,,,,,,,,,,,,yes,yes,,,,product,,,,,,,,,,,,,,,,,,,,,,,upload,,,
61146,variation,,,"Burkini waterproof noir<span> - </span>XXL 44",1,0,visible,,,,,taxable,parent,1,,,0,0,,,,,0,,,6500,,,,,,,id:61138,,,,,,8,,,,,10,,المقاس,"XXL 44",,1,,,,,,,,,,,,,,,,,,,,,,,,,,,,,,,,,,,,,,,,,,,,,,yes,yes,,,,product,,,,,,,,,,,,,,,,,,,,,,,upload,,,
61147,variable,,,"Burkini flamingo noir",0,0,visible,,,,,taxable,,1,,,0,0,,,,,0,,,,Burkini,,,,,,,,,,,,0,,,,0,10,,المقاس,"3Xl 46, 4XL 48, L 40, M 38, Xl 42, XXL 44",1,1,,,,,none,,no,,,none,default,default,none,,,,,,,,inherit,inherit,,after,inherit,,,,text,,,,text,,,,,,,,,,,,,yes,,,,,,,,,,text,,,,,text,,,,,text,,,1777916090,,,,,,,,
61148,variation,,,"Burkini flamingo noir<span> - </span>3Xl 46",1,0,visible,,,,,taxable,parent,1,,,0,0,,,,,0,,,5800,,,,,,,id:61147,,,,,,1,,,,,10,,المقاس,"3Xl 46",,1,,,,,,,,,,,,,,,,,,,,,,,,,,,,,,,,,,,,,,,,,,,,,,yes,yes,,,,product,,,,,,,,,,,,,,,,,,1777916331,,,,,upload,,,
61149,variation,,,"Burkini flamingo noir<span> - </span>4XL 48",1,0,visible,,,,,taxable,parent,1,,,0,0,,,,,0,,,5800,,,,,,,id:61147,,,,,,2,,,,,10,,المقاس,"4XL 48",,1,,,,,,,,,,,,,,,,,,,,,,,,,,,,,,,,,,,,,,,,,,,,,,yes,yes,,,,product,,,,,,,,,,,,,,,,,,1777916331,,,,,upload,,,
61152,variation,,,"Burkini flamingo noir<span> - </span>L 40",1,0,visible,,,,,taxable,parent,1,,,0,0,,,,,0,,,5800,,,,,,,id:61147,,,,,,3,,,,,10,,المقاس,"L 40",,1,,,,,,,,,,,,,,,,,,,,,,,,,,,,,,,,,,,,,,,,,,,,,,yes,yes,,,,product,,,,,,,,,,,,,,,,,,1777916331,,,,,upload,,,
61153,variation,,,"Burkini flamingo noir<span> - </span>M 38",1,0,visible,,,,,taxable,parent,1,,,0,0,,,,,0,,,5800,,,,,,,id:61147,,,,,,4,,,,,10,,المقاس,"M 38",,1,,,,,,,,,,,,,,,,,,,,,,,,,,,,,,,,,,,,,,,,,,,,,,yes,yes,,,,product,,,,,,,,,,,,,,,,,,1777916331,,,,,upload,,,
61154,variation,,,"Burkini flamingo noir<span> - </span>Xl 42",1,0,visible,,,,,taxable,parent,1,,,0,0,,,,,0,,,5800,,,,,,,id:61147,,,,,,5,,,,,10,,المقاس,"Xl 42",,1,,,,,,,,,,,,,,,,,,,,,,,,,,,,,,,,,,,,,,,,,,,,,,yes,yes,,,,product,,,,,,,,,,,,,,,,,,1777916331,,,,,upload,,,
61155,variation,,,"Burkini flamingo noir<span> - </span>XXL 44",1,0,visible,,,,,taxable,parent,1,,,0,0,,,,,0,,,5800,,,,,,,id:61147,,,,,,6,,,,,10,,المقاس,"XXL 44",,1,,,,,,,,,,,,,,,,,,,,,,,,,,,,,,,,,,,,,,,,,,,,,,yes,yes,,,,product,,,,,,,,,,,,,,,,,,1777916331,,,,,upload,,,
61324,variation,,,"ensemble reina<span> - </span>bleu ciel, Standard (du 38 au 44/46)",1,0,visible,,,,,taxable,parent,1,5,,0,0,,,,,0,,,6500,,,,https://boutique-she.com/wp-content/uploads/2026/05/IMG_9504-scaled.jpeg,,,id:60936,,,,,,6,,,,,10,,الألوان,"bleu ciel",,1,المقاس,"Standard (du 38 au 44/46)",,1,,,,,,,,,,,,,,,,,,,,,,,,,,,,,,,,,,,,,,,,,,yes,yes,,,,product,,,,,,,,,,,,,,,,,,1778337476,,,,,upload,,,
61325,variation,,,"ensemble reina<span> - </span>Noir, Standard (du 38 au 44/46)",1,0,visible,,,,,taxable,parent,1,1,,0,0,,,,,0,,,6500,,,,https://boutique-she.com/wp-content/uploads/2026/05/IMG_9505-scaled.jpeg,,,id:60936,,,,,,5,,,,,10,,الألوان,Noir,,1,المقاس,"Standard (du 38 au 44/46)",,1,,,,,,,,,,,,,,,,,,,,,,,,,,,,,,,,,,,,,,,,,,yes,yes,,,,product,,,,,,,,,,,,,,,,,,1779287749,,,,,upload,,,
61351,variation,,,"Sac Penny<span> - </span>crème",1,0,visible,,,,,taxable,parent,1,4,,0,0,,,,,0,,,2500,,,,,,,id:46699,,,,,,1,,,,,10,,الألوان,crème,,1,,,,,,,,,,,,,,,,,,,,,,,,,,,,,,,,,,,,,,,,,,,,,,yes,yes,,,,product,,,,,,,,,,,,,,,,,,1778408943,,,,,upload,,,
61378,variation,,,"Burkini Maldives<span> - </span>4XL 48",1,0,visible,,,,,taxable,parent,1,10,,0,0,,,,,0,,5800,6500,,,,,,,id:47165,,,,,,7,,,,,10,,المقاس,"4XL 48",,1,,,,,,,,,,,,,,,,,,,,,,,,,,,,,,,,,,,,,,,,,,,,,,yes,yes,,,,product,,,,,,,,,,,,,,,,,,1780508601,,,,,upload,,,
61379,variation,,,"Burkini Ibiza<span> - </span>4XL 48",1,0,visible,,,,,taxable,parent,1,10,,0,0,,,,,0,,5800,6500,,,,,,,id:47156,,,,,,7,,,,,10,,المقاس,"4XL 48",,1,,,,,,,,,,,,,,,,,,,,,,,,,,,,,,,,,,,,,,,,,,,,,,yes,yes,,,,product,,,,,,,,,,,,,,,,,,1780355294,,,,,upload,,,
61380,variation,,,"Burkini Bali<span> - </span>4XL 48",1,0,visible,,,,,taxable,parent,1,8,,0,0,,,,,0,,5800,6500,,,,,,,id:47120,,,,,,7,,,,,10,,المقاس,"4XL 48",,1,,,,,,,,,,,,,,,,,,,,,,,,,,,,,,,,,,,,,,,,,,,,,,yes,yes,,,,product,,,,,,,,,,,,,,,,,,1780355382,,,,,upload,,,
61381,variation,,,"Burkini Mykonos<span> - </span>4XL 48",1,0,visible,,,,,taxable,parent,1,16,,0,0,,,,,0,,5800,6500,,,,,,,id:47109,,,,,,7,,,,,10,,المقاس,"4XL 48",,1,,,,,,,,,,,,,,,,,,,,,,,,,,,,,,,,,,,,,,,,,,,,,,yes,yes,,,,product,,,,,,,,,,,,,,,,,,1780508193,,,,,upload,,,
61396,variable,,,"Robe Laura",1,0,visible,,,,,taxable,,1,,,0,0,,,,,0,,,,"Manteaux et vestes",,,"https://boutique-she.com/wp-content/uploads/2026/05/IMG_9923.jpeg, https://boutique-she.com/wp-content/uploads/2026/05/IMG_9922.jpeg, https://boutique-she.com/wp-content/uploads/2026/05/IMG_9917.jpeg, https://boutique-she.com/wp-content/uploads/2026/05/IMG_9918.jpeg, https://boutique-she.com/wp-content/uploads/2026/05/IMG_9919-scaled.jpeg, https://boutique-she.com/wp-content/uploads/2026/05/IMG_9920.jpeg",,,,,,,,,0,,,,0,10,,الألوان,"bleu, Jaune, Marron, Rose, Vert",1,1,المقاس,"36, 38, 40, 42",1,1,none,,no,,,none,default,default,none,,,,,,,,inherit,inherit,,after,inherit,,,,text,,,,text,,,,,,,,,,,,,yes,yes,,,,,,,,,text,,,,,text,,,,,text,,,1778503705,5,,,,,,,
61403,variation,,,"Robe Laura<span> - </span>bleu, 36",1,0,visible,,,,,taxable,parent,1,1,,0,0,,,,,0,,,7500,,,,https://boutique-she.com/wp-content/uploads/2026/05/IMG_9919-scaled.jpeg,,,id:61396,,,,,,1,,,,,10,,الألوان,bleu,,1,المقاس,36,,1,,,,,,,,,,,,,,,,,,,,,,,,,,,,,,,,,,,,,,,,,,yes,yes,,,,product,,,,,,,,,,,,,,,,,,1778504023,,,,,upload,,,
61404,variation,,,"Robe Laura<span> - </span>bleu, 38",1,0,visible,,,,,taxable,parent,1,1,,0,0,,,,,0,,,7500,,,,https://boutique-she.com/wp-content/uploads/2026/05/IMG_9919-scaled.jpeg,,,id:61396,,,,,,2,,,,,10,,الألوان,bleu,,1,المقاس,38,,1,,,,,,,,,,,,,,,,,,,,,,,,,,,,,,,,,,,,,,,,,,yes,yes,,,,product,,,,,,,,,,,,,,,,,,1778504023,,,,,upload,,,
61405,variation,,,"Robe Laura<span> - </span>bleu, 40",1,0,visible,,,,,taxable,parent,1,1,,0,0,,,,,0,,,7500,,,,https://boutique-she.com/wp-content/uploads/2026/05/IMG_9919-scaled.jpeg,,,id:61396,,,,,,3,,,,,10,,الألوان,bleu,,1,المقاس,40,,1,,,,,,,,,,,,,,,,,,,,,,,,,,,,,,,,,,,,,,,,,,yes,yes,,,,product,,,,,,,,,,,,,,,,,,1778504024,,,,,upload,,,
61406,variation,,,"Robe Laura<span> - </span>bleu, 42",1,0,visible,,,,,taxable,parent,1,1,,0,0,,,,,0,,,7500,,,,https://boutique-she.com/wp-content/uploads/2026/05/IMG_9919-scaled.jpeg,,,id:61396,,,,,,4,,,,,10,,الألوان,bleu,,1,المقاس,42,,1,,,,,,,,,,,,,,,,,,,,,,,,,,,,,,,,,,,,,,,,,,yes,yes,,,,product,,,,,,,,,,,,,,,,,,1778504024,,,,,upload,,,
61407,variation,,,"Robe Laura<span> - </span>Jaune, 36",1,0,visible,,,,,taxable,parent,1,2,,0,0,,,,,0,,,7500,,,,https://boutique-she.com/wp-content/uploads/2026/05/IMG_9918.jpeg,,,id:61396,,,,,,5,,,,,10,,الألوان,Jaune,,1,المقاس,36,,1,,,,,,,,,,,,,,,,,,,,,,,,,,,,,,,,,,,,,,,,,,yes,yes,,,,product,,,,,,,,,,,,,,,,,,1778503940,,,,,upload,,,
61408,variation,,,"Robe Laura<span> - </span>Jaune, 38",1,0,visible,,,,,taxable,parent,1,2,,0,0,,,,,0,,,7500,,,,https://boutique-she.com/wp-content/uploads/2026/05/IMG_9918.jpeg,,,id:61396,,,,,,6,,,,,10,,الألوان,Jaune,,1,المقاس,38,,1,,,,,,,,,,,,,,,,,,,,,,,,,,,,,,,,,,,,,,,,,,yes,yes,,,,product,,,,,,,,,,,,,,,,,,1778503940,,,,,upload,,,
61409,variation,,,"Robe Laura<span> - </span>Jaune, 40",1,0,visible,,,,,taxable,parent,1,1,,0,0,,,,,0,,,7500,,,,https://boutique-she.com/wp-content/uploads/2026/05/IMG_9918.jpeg,,,id:61396,,,,,,7,,,,,10,,الألوان,Jaune,,1,المقاس,40,,1,,,,,,,,,,,,,,,,,,,,,,,,,,,,,,,,,,,,,,,,,,yes,yes,,,,product,,,,,,,,,,,,,,,,,,1778503940,,,,,upload,,,
61410,variation,,,"Robe Laura<span> - </span>Jaune, 42",1,0,visible,,,,,taxable,parent,1,2,,0,0,,,,,0,,,7500,,,,https://boutique-she.com/wp-content/uploads/2026/05/IMG_9918.jpeg,,,id:61396,,,,,,8,,,,,10,,الألوان,Jaune,,1,المقاس,42,,1,,,,,,,,,,,,,,,,,,,,,,,,,,,,,,,,,,,,,,,,,,yes,yes,,,,product,,,,,,,,,,,,,,,,,,1778503940,,,,,upload,,,
61411,variation,,,"Robe Laura<span> - </span>Marron, 36",1,0,visible,,,,,taxable,parent,1,2,,0,0,,,,,0,,,7500,,,,https://boutique-she.com/wp-content/uploads/2026/05/IMG_9917.jpeg,,,id:61396,,,,,,9,,,,,10,,الألوان,Marron,,1,المقاس,36,,1,,,,,,,,,,,,,,,,,,,,,,,,,,,,,,,,,,,,,,,,,,yes,yes,,,,product,,,,,,,,,,,,,,,,,,1778503940,,,,,upload,,,
61412,variation,,,"Robe Laura<span> - </span>Marron, 38",1,0,visible,,,,,taxable,parent,1,2,,0,0,,,,,0,,,7500,,,,https://boutique-she.com/wp-content/uploads/2026/05/IMG_9917.jpeg,,,id:61396,,,,,,10,,,,,10,,الألوان,Marron,,1,المقاس,38,,1,,,,,,,,,,,,,,,,,,,,,,,,,,,,,,,,,,,,,,,,,,yes,yes,,,,product,,,,,,,,,,,,,,,,,,1778503940,,,,,upload,,,
61413,variation,,,"Robe Laura<span> - </span>Marron, 40",1,0,visible,,,,,taxable,parent,1,2,,0,0,,,,,0,,,7500,,,,https://boutique-she.com/wp-content/uploads/2026/05/IMG_9917.jpeg,,,id:61396,,,,,,11,,,,,10,,الألوان,Marron,,1,المقاس,40,,1,,,,,,,,,,,,,,,,,,,,,,,,,,,,,,,,,,,,,,,,,,yes,yes,,,,product,,,,,,,,,,,,,,,,,,1778503940,,,,,upload,,,
61414,variation,,,"Robe Laura<span> - </span>Marron, 42",1,0,visible,,,,,taxable,parent,1,1,,0,0,,,,,0,,,7500,,,,https://boutique-she.com/wp-content/uploads/2026/05/IMG_9917.jpeg,,,id:61396,,,,,,12,,,,,10,,الألوان,Marron,,1,المقاس,42,,1,,,,,,,,,,,,,,,,,,,,,,,,,,,,,,,,,,,,,,,,,,yes,yes,,,,product,,,,,,,,,,,,,,,,,,1778504025,,,,,upload,,,
61415,variation,,,"Robe Laura<span> - </span>Rose, 36",1,0,visible,,,,,taxable,parent,1,2,,0,0,,,,,0,,,7500,,,,https://boutique-she.com/wp-content/uploads/2026/05/IMG_9920.jpeg,,,id:61396,,,,,,13,,,,,10,,الألوان,Rose,,1,المقاس,36,,1,,,,,,,,,,,,,,,,,,,,,,,,,,,,,,,,,,,,,,,,,,yes,yes,,,,product,,,,,,,,,,,,,,,,,,1778503939,,,,,upload,,,
61416,variation,,,"Robe Laura<span> - </span>Rose, 38",1,0,visible,,,,,taxable,parent,1,2,,0,0,,,,,0,,,7500,,,,https://boutique-she.com/wp-content/uploads/2026/05/IMG_9920.jpeg,,,id:61396,,,,,,14,,,,,10,,الألوان,Rose,,1,المقاس,38,,1,,,,,,,,,,,,,,,,,,,,,,,,,,,,,,,,,,,,,,,,,,yes,yes,,,,product,,,,,,,,,,,,,,,,,,1778503939,,,,,upload,,,
61417,variation,,,"Robe Laura<span> - </span>Rose, 40",1,0,visible,,,,,taxable,parent,0,0,,0,0,,,,,0,,,7500,,,,https://boutique-she.com/wp-content/uploads/2026/05/IMG_9920.jpeg,,,id:61396,,,,,,15,,,,,10,,الألوان,Rose,,1,المقاس,40,,1,,,,,,,,,,,,,,,,,,,,,,,,,,,,,,,,,,,,,,,,,,yes,yes,,,,product,,,,,,,,,,,,,,,,,,1780436115,,,,,upload,,,
61418,variation,,,"Robe Laura<span> - </span>Rose, 42",1,0,visible,,,,,taxable,parent,0,0,,0,0,,,,,0,,,7500,,,,https://boutique-she.com/wp-content/uploads/2026/05/IMG_9920.jpeg,,,id:61396,,,,,,16,,,,,10,,الألوان,Rose,,1,المقاس,42,,1,,,,,,,,,,,,,,,,,,,,,,,,,,,,,,,,,,,,,,,,,,yes,yes,,,,product,,,,,,,,,,,,,,,,,,1780564878,,,,,upload,,,
61419,variation,,,"Robe Laura<span> - </span>Vert, 36",1,0,visible,,,,,taxable,parent,1,2,,0,0,,,,,0,,,7500,,,,https://boutique-she.com/wp-content/uploads/2026/05/IMG_9922.jpeg,,,id:61396,,,,,,17,,,,,10,,الألوان,Vert,,1,المقاس,36,,1,,,,,,,,,,,,,,,,,,,,,,,,,,,,,,,,,,,,,,,,,,yes,yes,,,,product,,,,,,,,,,,,,,,,,,1778504137,,,,,upload,,,
61420,variation,,,"Robe Laura<span> - </span>Vert, 38",1,0,visible,,,,,taxable,parent,1,2,,0,0,,,,,0,,,7500,,,,https://boutique-she.com/wp-content/uploads/2026/05/IMG_9922.jpeg,,,id:61396,,,,,,18,,,,,10,,الألوان,Vert,,1,المقاس,38,,1,,,,,,,,,,,,,,,,,,,,,,,,,,,,,,,,,,,,,,,,,,yes,yes,,,,product,,,,,,,,,,,,,,,,,,1778504137,,,,,upload,,,
61421,variation,,,"Robe Laura<span> - </span>Vert, 40",1,0,visible,,,,,taxable,parent,1,2,,0,0,,,,,0,,,7500,,,,https://boutique-she.com/wp-content/uploads/2026/05/IMG_9922.jpeg,,,id:61396,,,,,,19,,,,,10,,الألوان,Vert,,1,المقاس,40,,1,,,,,,,,,,,,,,,,,,,,,,,,,,,,,,,,,,,,,,,,,,yes,yes,,,,product,,,,,,,,,,,,,,,,,,1778504138,,,,,upload,,,
61422,variation,,,"Robe Laura<span> - </span>Vert, 42",1,0,visible,,,,,taxable,parent,0,0,,0,0,,,,,0,,,7500,,,,https://boutique-she.com/wp-content/uploads/2026/05/IMG_9922.jpeg,,,id:61396,,,,,,20,,,,,10,,الألوان,Vert,,1,المقاس,42,,1,,,,,,,,,,,,,,,,,,,,,,,,,,,,,,,,,,,,,,,,,,yes,yes,,,,product,,,,,,,,,,,,,,,,,,1780174566,,,,,upload,,,
62082,variation,,,"Robe Paisley<span> - </span>Orange brique, Standard (du 38 au 44/46)",1,0,visible,,,,,taxable,parent,1,2,,0,0,,,,,0,,,5900,,,,https://boutique-she.com/wp-content/uploads/2026/05/9a5622c5-56b4-4aed-a7bb-a2596eb6aa84.jpeg,,,id:60125,,,,,,1,,,,,10,,الألوان,"Orange brique",,1,المقاس,"Standard (du 38 au 44/46)",,1,,,,,,,,,,,,,,,,,,,,,,,,,,,,,,,,,,,,,,,,,,yes,yes,,,,product,,,,,,,,,,,,,,,,,,1779283103,,,,,upload,,,
62454,variation,,,"Burkini Fondu<span> - </span>7XL 54",1,0,visible,,,,,taxable,parent,0,0,,0,0,,,,,0,,5800,6500,,,,,,,id:47299,,,,,,1,,,,,10,,المقاس,"7XL 54",,1,,,,,,,,,,,,,,,,,,,,,,,,,,,,,,,,,,,,,,,,,,,,,,yes,yes,,,,product,,,,,,,,,,,,,,,,,,1780582567,,,,,upload,,,
62481,"variation, downloadable",,,"Ensemble ChicChic<span> - </span>bleu jean, Standard (du 38 au 44/46)",1,0,visible,,,,,taxable,parent,0,0,,0,0,,,,,0,,,6500,,,,https://boutique-she.com/wp-content/uploads/2026/04/IMG_1030.jpeg,-1,-1,id:60050,,,,,,1,,,,,10,,الألوان,"bleu jean",,1,المقاس,"Standard (du 38 au 44/46)",,1,,,,,,,,,,,,,,,,,,,,,,,,,,,,,,,,,,,,,,,,,,yes,yes,,,,product,,,,,,,,,,,,,,,,,,1779625302,,,,,upload,,,
62482,"variation, downloadable",,,"Ensemble ChicChic<span> - </span>Bleu nuit, Standard (du 38 au 44/46)",1,0,visible,,,,,taxable,parent,0,0,,0,0,,,,,0,,,6500,,,,https://boutique-she.com/wp-content/uploads/2026/04/IMG_1031.jpeg,-1,-1,id:60050,,,,,,2,,,,,10,,الألوان,"Bleu nuit",,1,المقاس,"Standard (du 38 au 44/46)",,1,,,,,,,,,,,,,,,,,,,,,,,,,,,,,,,,,,,,,,,,,,yes,yes,,,,product,,,,,,,,,,,,,,,,,,1780137695,,,,,upload,,,
62483,"variation, downloadable",,,"Ensemble ChicChic<span> - </span>Jaune, Standard (du 38 au 44/46)",1,0,visible,,,,,taxable,parent,0,0,,0,0,,,,,0,,,6500,,,,https://boutique-she.com/wp-content/uploads/2026/04/IMG_1032.jpeg,-1,-1,id:60050,,,,,,3,,,,,10,,الألوان,Jaune,,1,المقاس,"Standard (du 38 au 44/46)",,1,,,,,,,,,,,,,,,,,,,,,,,,,,,,,,,,,,,,,,,,,,yes,yes,,,,product,,,,,,,,,,,,,,,,,,1780485653,,,,,upload,,,
62484,"variation, downloadable",,,"Ensemble ChicChic<span> - </span>Noir, Standard (du 38 au 44/46)",1,0,visible,,,,,taxable,parent,1,1,,0,0,,,,,0,,,6500,,,,https://boutique-she.com/wp-content/uploads/2026/04/IMG_1033.jpeg,-1,-1,id:60050,,,,,,4,,,,,10,,الألوان,Noir,,1,المقاس,"Standard (du 38 au 44/46)",,1,,,,,,,,,,,,,,,,,,,,,,,,,,,,,,,,,,,,,,,,,,yes,yes,,,,product,,,,,,,,,,,,,,,,,,1780648894,,,,,upload,,,
62799,variable,,,"Robe mylie",1,0,visible,,,,,taxable,,0,,,0,0,,,,,0,,,,"Robe Hidjab",,,"https://boutique-she.com/wp-content/uploads/2026/05/IMG_1149-scaled.jpeg, https://boutique-she.com/wp-content/uploads/2026/05/IMG_1215.jpeg, https://boutique-she.com/wp-content/uploads/2026/05/IMG_1212-scaled.jpeg, https://boutique-she.com/wp-content/uploads/2026/05/IMG_1214.jpeg, https://boutique-she.com/wp-content/uploads/2026/05/IMG_1211-scaled.jpeg, https://boutique-she.com/wp-content/uploads/2026/05/IMG_1213-scaled.jpeg, https://boutique-she.com/wp-content/uploads/2026/05/IMG_1210-scaled.jpeg, https://boutique-she.com/wp-content/uploads/2026/05/IMG_1149-scaled.jpeg, https://boutique-she.com/wp-content/uploads/2026/05/IMG_1144-scaled.jpeg",,,,,,,,,0,,,,0,10,,الألوان,"bleu ciel, Bleu nuit, Jaune, Noir, Orange, Rose, rose clair, Vert",1,1,المقاس,"standard (38-44)",1,1,none,,no,,,,,,,,,,,,,,,,,,,,,,,,,,,,,,,,,,,,,,,yes,yes,,,,,,,,,,,,,,,,,,,,,,1780582533,97,,,,,,,
62800,variation,,,"Robe mylie<span> - </span>bleu ciel, standard (38-44)",1,0,visible,,,,,taxable,parent,0,-1,,0,0,,,,,0,,,5900,,,,https://boutique-she.com/wp-content/uploads/2026/05/IMG_1213-scaled.jpeg,,,id:62799,,,,,,2,,,,,10,,الألوان,"bleu ciel",,1,المقاس,"standard (38-44)",,1,,,,,,,,,,,,,,,,,,,,,,,,,,,,,,,,,,,,,,,,,,yes,yes,,,,product,,,,,,,,,,,,,,,,,,1780303461,,,,,upload,,,
62801,variation,,,"Robe mylie<span> - </span>Bleu nuit, standard (38-44)",1,0,visible,,,,,taxable,parent,0,0,,0,0,,,,,0,,,5900,,,,https://boutique-she.com/wp-content/uploads/2026/05/IMG_1212-scaled.jpeg,,,id:62799,,,,,,3,,,,,10,,الألوان,"Bleu nuit",,1,المقاس,"standard (38-44)",,1,,,,,,,,,,,,,,,,,,,,,,,,,,,,,,,,,,,,,,,,,,yes,yes,,,,product,,,,,,,,,,,,,,,,,,1780582476,,,,,upload,,,
62802,variation,,,"Robe mylie<span> - </span>Jaune, standard (38-44)",1,0,visible,,,,,taxable,parent,0,-1,,0,0,,,,,0,,,5900,,,,https://boutique-she.com/wp-content/uploads/2026/05/IMG_1214.jpeg,,,id:62799,,,,,,4,,,,,10,,الألوان,Jaune,,1,المقاس,"standard (38-44)",,1,,,,,,,,,,,,,,,,,,,,,,,,,,,,,,,,,,,,,,,,,,yes,yes,,,,product,,,,,,,,,,,,,,,,,,1780303461,,,,,upload,,,
62803,variation,,,"Robe mylie<span> - </span>Orange, standard (38-44)",1,0,visible,,,,,taxable,parent,0,0,,0,0,,,,,0,,,5900,,,,https://boutique-she.com/wp-content/uploads/2026/05/IMG_1149-scaled.jpeg,,,id:62799,,,,,,5,,,,,10,,الألوان,Orange,,1,المقاس,"standard (38-44)",,1,,,,,,,,,,,,,,,,,,,,,,,,,,,,,,,,,,,,,,,,,,yes,yes,,,,product,,,,,,,,,,,,,,,,,,1780303461,,,,,upload,,,
62804,variation,,,"Robe mylie<span> - </span>Rose, standard (38-44)",1,0,visible,,,,,taxable,parent,0,0,,0,0,,,,,0,,,5900,,,,https://boutique-she.com/wp-content/uploads/2026/05/IMG_1144-scaled.jpeg,,,id:62799,,,,,,6,,,,,10,,الألوان,Rose,,1,المقاس,"standard (38-44)",,1,,,,,,,,,,,,,,,,,,,,,,,,,,,,,,,,,,,,,,,,,,yes,yes,,,,product,,,,,,,,,,,,,,,,,,1780581068,,,,,upload,,,
62805,variation,,,"Robe mylie<span> - </span>rose clair, standard (38-44)",1,0,visible,,,,,taxable,parent,0,0,,0,0,,,,,0,,,5900,,,,https://boutique-she.com/wp-content/uploads/2026/05/IMG_1211-scaled.jpeg,,,id:62799,,,,,,7,,,,,10,,الألوان,"rose clair",,1,المقاس,"standard (38-44)",,1,,,,,,,,,,,,,,,,,,,,,,,,,,,,,,,,,,,,,,,,,,yes,yes,,,,product,,,,,,,,,,,,,,,,,,1780303462,,,,,upload,,,
62806,variation,,,"Robe mylie<span> - </span>Vert, standard (38-44)",1,0,visible,,,,,taxable,parent,0,0,,0,0,,,,,0,,,5900,,,,https://boutique-she.com/wp-content/uploads/2026/05/IMG_1215.jpeg,,,id:62799,,,,,,8,,,,,10,,الألوان,Vert,,1,المقاس,"standard (38-44)",,1,,,,,,,,,,,,,,,,,,,,,,,,,,,,,,,,,,,,,,,,,,yes,yes,,,,product,,,,,,,,,,,,,,,,,,1779749210,,,,,upload,,,
62815,variation,,,"Robe mylie<span> - </span>Noir, standard (38-44)",1,0,visible,,,,,taxable,parent,0,0,,0,0,,,,,0,,,5900,,,,https://boutique-she.com/wp-content/uploads/2026/05/IMG_1210-scaled.jpeg,,,id:62799,,,,,,1,,,,,10,,الألوان,Noir,,1,المقاس,"standard (38-44)",,1,,,,,,,,,,,,,,,,,,,,,,,,,,,,,,,,,,,,,,,,,,yes,yes,,,,product,,,,,,,,,,,,,,,,,,1780303461,,,,,upload,,,
63635,variable,,,"Robe Manche large",1,0,visible,,,,,taxable,,1,,,0,0,,,,,0,,,,"Robe Hidjab",,,"https://boutique-she.com/wp-content/uploads/2026/05/IMG_1093.jpeg, https://boutique-she.com/wp-content/uploads/2026/05/IMG_1431.jpeg, https://boutique-she.com/wp-content/uploads/2026/05/IMG_1433.jpeg, https://boutique-she.com/wp-content/uploads/2026/05/IMG_1093.jpeg, https://boutique-she.com/wp-content/uploads/2026/05/IMG_1103.jpeg",,,,,,,,,0,,,,0,10,,الألوان,"bleu ciel, Marron, Noir, Vert d'eau",1,1,المقاس,"LXL (42-44-46), SM ( 38-40-42)",1,1,none,,no,,,,,,,,,,,,,,,,,,,,,,,,,,,,,,,,,,,,,,,yes,yes,,,,,,,,,,,,,,,,,,,,,,1780167472,111,,,,,,,
63650,variation,,,"Robe Manche large<span> - </span>bleu ciel, LXL (42-44-46)",1,0,visible,,,,,taxable,parent,0,-1,,0,0,,,,,0,,,6800,,,,https://boutique-she.com/wp-content/uploads/2026/05/IMG_1103.jpeg,,,id:63635,,,,,,1,,,,,10,,الألوان,"bleu ciel",,1,المقاس,"LXL (42-44-46)",,1,,,,,,,,,,,,,,,,,,,,,,,,,,,,,,,,,,,,,,,,,,yes,yes,,,,product,,,,,,,,,,,,,,,,,,1780524017,,,,,upload,,,
63651,variation,,,"Robe Manche large<span> - </span>bleu ciel, SM ( 38-40-42)",1,0,visible,,,,,taxable,parent,0,0,,0,0,,,,,0,,,6800,,,,https://boutique-she.com/wp-content/uploads/2026/05/IMG_1103.jpeg,,,id:63635,,,,,,2,,,,,10,,الألوان,"bleu ciel",,1,المقاس,"SM ( 38-40-42)",,1,,,,,,,,,,,,,,,,,,,,,,,,,,,,,,,,,,,,,,,,,,yes,yes,,,,product,,,,,,,,,,,,,,,,,,1780583839,,,,,upload,,,
63652,variation,,,"Robe Manche large<span> - </span>Marron, LXL (42-44-46)",1,0,visible,,,,,taxable,parent,1,4,,0,0,,,,,0,,,6800,,,,https://boutique-she.com/wp-content/uploads/2026/05/IMG_1431.jpeg,,,id:63635,,,,,,3,,,,,10,,الألوان,Marron,,1,المقاس,"LXL (42-44-46)",,1,,,,,,,,,,,,,,,,,,,,,,,,,,,,,,,,,,,,,,,,,,yes,yes,,,,product,,,,,,,,,,,,,,,,,,1780583839,,,,,upload,,,
63653,variation,,,"Robe Manche large<span> - </span>Marron, SM ( 38-40-42)",1,0,visible,,,,,taxable,parent,1,4,,0,0,,,,,0,,,6800,,,,https://boutique-she.com/wp-content/uploads/2026/05/IMG_1431.jpeg,,,id:63635,,,,,,4,,,,,10,,الألوان,Marron,,1,المقاس,"SM ( 38-40-42)",,1,,,,,,,,,,,,,,,,,,,,,,,,,,,,,,,,,,,,,,,,,,yes,yes,,,,product,,,,,,,,,,,,,,,,,,1780583839,,,,,upload,,,
63654,variation,,,"Robe Manche large<span> - </span>Noir, LXL (42-44-46)",1,0,visible,,,,,taxable,parent,1,1,,0,0,,,,,0,,,6800,,,,https://boutique-she.com/wp-content/uploads/2026/05/IMG_1433.jpeg,,,id:63635,,,,,,5,,,,,10,,الألوان,Noir,,1,المقاس,"LXL (42-44-46)",,1,,,,,,,,,,,,,,,,,,,,,,,,,,,,,,,,,,,,,,,,,,yes,yes,,,,product,,,,,,,,,,,,,,,,,,1780225231,,,,,upload,,,
63655,variation,,,"Robe Manche large<span> - </span>Noir, SM ( 38-40-42)",1,0,visible,,,,,taxable,parent,0,0,,0,0,,,,,0,,,6800,,,,https://boutique-she.com/wp-content/uploads/2026/05/IMG_1433.jpeg,,,id:63635,,,,,,6,,,,,10,,الألوان,Noir,,1,المقاس,"SM ( 38-40-42)",,1,,,,,,,,,,,,,,,,,,,,,,,,,,,,,,,,,,,,,,,,,,yes,yes,,,,product,,,,,,,,,,,,,,,,,,1780225231,,,,,upload,,,
63656,variation,,,"Robe Manche large<span> - </span>Vert d'eau, LXL (42-44-46)",1,0,visible,,,,,taxable,parent,1,3,,0,0,,,,,0,,,6800,,,,https://boutique-she.com/wp-content/uploads/2026/05/IMG_1093.jpeg,,,id:63635,,,,,,7,,,,,10,,الألوان,"Vert d'eau",,1,المقاس,"LXL (42-44-46)",,1,,,,,,,,,,,,,,,,,,,,,,,,,,,,,,,,,,,,,,,,,,yes,yes,,,,product,,,,,,,,,,,,,,,,,,1780225231,,,,,upload,,,
63657,variation,,,"Robe Manche large<span> - </span>Vert d'eau, SM ( 38-40-42)",1,0,visible,,,,,taxable,parent,1,4,,0,0,,,,,0,,,6800,,,,https://boutique-she.com/wp-content/uploads/2026/05/IMG_1093.jpeg,,,id:63635,,,,,,8,,,,,10,,الألوان,"Vert d'eau",,1,المقاس,"SM ( 38-40-42)",,1,,,,,,,,,,,,,,,,,,,,,,,,,,,,,,,,,,,,,,,,,,yes,yes,,,,product,,,,,,,,,,,,,,,,,,1780225231,,,,,upload,,,
63661,variable,,,"Robe rayé Orient",1,0,visible,,,,,taxable,,1,,,0,0,,,,,0,,,,"Robe Hidjab",,,"https://boutique-she.com/wp-content/uploads/2026/05/IMG_1078.jpeg, https://boutique-she.com/wp-content/uploads/2026/05/IMG_1439.jpeg, https://boutique-she.com/wp-content/uploads/2026/05/IMG_1438.jpeg, https://boutique-she.com/wp-content/uploads/2026/05/IMG_1084.jpeg, https://boutique-she.com/wp-content/uploads/2026/05/IMG_1078.jpeg",,,,,,,,,0,,,,0,10,,الألوان,"Bleu nuit, crème, Kaki, vert eau",1,1,المقاس,"LXL (42-44-46), SM ( 38-40-42)",1,1,none,,no,,,none,default,default,none,,,,,,,,inherit,inherit,,after,inherit,,,,text,,,,text,,,,,,,,,,,,,yes,yes,,,,,,,,,text,,,,,text,,,,,text,,,1780168689,176,,,,,,2026-05-30,
63665,variation,,,"Robe rayé Orient<span> - </span>Bleu nuit, LXL (42-44-46)",1,0,visible,,,,,taxable,parent,1,5,,0,0,,,,,0,,,6800,,,,https://boutique-she.com/wp-content/uploads/2026/05/IMG_1084.jpeg,,,id:63661,,,,,,2,,,,,10,,الألوان,"Bleu nuit",,1,المقاس,"LXL (42-44-46)",,1,,,,,,,,,,,,,,,,,,,,,,,,,,,,,,,,,,,,,,,,,,yes,yes,,,,product,,,,,,,,,,,,,,,,,,1780232660,,,,,upload,,,
63666,variation,,,"Robe rayé Orient<span> - </span>Bleu nuit, SM ( 38-40-42)",1,0,visible,,,,,taxable,parent,1,7,,0,0,,,,,0,,,6800,,,,https://boutique-she.com/wp-content/uploads/2026/05/IMG_1084.jpeg,,,id:63661,,,,,,1,,,,,10,,الألوان,"Bleu nuit",,1,المقاس,"SM ( 38-40-42)",,1,,,,,,,,,,,,,,,,,,,,,,,,,,,,,,,,,,,,,,,,,,yes,yes,,,,product,,,,,,,,,,,,,,,,,,1780232660,,,,,upload,,,
63667,variation,,,"Robe rayé Orient<span> - </span>crème, LXL (42-44-46)",1,0,visible,,,,,taxable,parent,1,4,,0,0,,,,,0,,,6800,,,,https://boutique-she.com/wp-content/uploads/2026/05/IMG_1439.jpeg,,,id:63661,,,,,,3,,,,,10,,الألوان,crème,,1,المقاس,"LXL (42-44-46)",,1,,,,,,,,,,,,,,,,,,,,,,,,,,,,,,,,,,,,,,,,,,yes,yes,,,,product,,,,,,,,,,,,,,,,,,1780232660,,,,,upload,,,
63668,variation,,,"Robe rayé Orient<span> - </span>crème, SM ( 38-40-42)",1,0,visible,,,,,taxable,parent,1,3,,0,0,,,,,0,,,6800,,,,https://boutique-she.com/wp-content/uploads/2026/05/IMG_1439.jpeg,,,id:63661,,,,,,4,,,,,10,,الألوان,crème,,1,المقاس,"SM ( 38-40-42)",,1,,,,,,,,,,,,,,,,,,,,,,,,,,,,,,,,,,,,,,,,,,yes,yes,,,,product,,,,,,,,,,,,,,,,,,1780232660,,,,,upload,,,
63669,variation,,,"Robe rayé Orient<span> - </span>Kaki, LXL (42-44-46)",1,0,visible,,,,,taxable,parent,1,4,,0,0,,,,,0,,,6800,,,,https://boutique-she.com/wp-content/uploads/2026/05/IMG_1078.jpeg,,,id:63661,,,,,,5,,,,,10,,الألوان,Kaki,,1,المقاس,"LXL (42-44-46)",,1,,,,,,,,,,,,,,,,,,,,,,,,,,,,,,,,,,,,,,,,,,yes,yes,,,,product,,,,,,,,,,,,,,,,,,1780232660,,,,,upload,,,
63670,variation,,,"Robe rayé Orient<span> - </span>Kaki, SM ( 38-40-42)",1,0,visible,,,,,taxable,parent,1,8,,0,0,,,,,0,,,6800,,,,https://boutique-she.com/wp-content/uploads/2026/05/IMG_1078.jpeg,,,id:63661,,,,,,6,,,,,10,,الألوان,Kaki,,1,المقاس,"SM ( 38-40-42)",,1,,,,,,,,,,,,,,,,,,,,,,,,,,,,,,,,,,,,,,,,,,yes,yes,,,,product,,,,,,,,,,,,,,,,,,1780232661,,,,,upload,,,
63671,variation,,,"Robe rayé Orient<span> - </span>vert eau, LXL (42-44-46)",1,0,visible,,,,,taxable,parent,1,2,,0,0,,,,,0,,,6800,,,,https://boutique-she.com/wp-content/uploads/2026/05/IMG_1438.jpeg,,,id:63661,,,,,,7,,,,,10,,الألوان,"vert eau",,1,المقاس,"LXL (42-44-46)",,1,,,,,,,,,,,,,,,,,,,,,,,,,,,,,,,,,,,,,,,,,,yes,yes,,,,product,,,,,,,,,,,,,,,,,,1780232661,,,,,upload,,,
63672,variation,,,"Robe rayé Orient<span> - </span>vert eau, SM ( 38-40-42)",1,0,visible,,,,,taxable,parent,0,0,,0,0,,,,,0,,,6800,,,,https://boutique-she.com/wp-content/uploads/2026/05/IMG_1438.jpeg,,,id:63661,,,,,,8,,,,,10,,الألوان,"vert eau",,1,المقاس,"SM ( 38-40-42)",,1,,,,,,,,,,,,,,,,,,,,,,,,,,,,,,,,,,,,,,,,,,yes,yes,,,,product,,,,,,,,,,,,,,,,,,1780232661,,,,,upload,,,
64134,variable,,,"Ensemble One poche",1,0,visible,,,,,taxable,,1,,,0,0,,,,,0,,,,Ensemble,,,"https://boutique-she.com/wp-content/uploads/2026/06/IMG_1133-scaled.jpeg, https://boutique-she.com/wp-content/uploads/2026/06/IMG_1534.jpeg, https://boutique-she.com/wp-content/uploads/2026/06/IMG_1533.jpeg, https://boutique-she.com/wp-content/uploads/2026/06/IMG_1532.jpeg, https://boutique-she.com/wp-content/uploads/2026/06/IMG_1531.jpeg, https://boutique-she.com/wp-content/uploads/2026/06/IMG_1530.jpeg, https://boutique-she.com/wp-content/uploads/2026/06/IMG_1528.jpeg, https://boutique-she.com/wp-content/uploads/2026/06/IMG_1133-scaled.jpeg, https://boutique-she.com/wp-content/uploads/2026/06/IMG_1136-scaled.jpeg",,,,,,,,,0,,,,0,10,,الألوان,"blanc, Bordeaux, crème, Jaune, Noir, Rose, Taupe, vert eau, Vert kaki",1,1,المقاس,"standard (38-44)",1,1,none,,no,,,,,,,,,,,,,,,,,,,,,,,,,,,,,,,,,,,,,,,yes,yes,,,,product,,,,,,,,,,,,,,,,,,1780328684,122,,,,,,,
64136,variation,,,"Ensemble One poche<span> - </span>blanc, standard (38-44)",1,0,visible,,,,,taxable,parent,1,2,,0,0,,,,,0,,,6500,,,,https://boutique-she.com/wp-content/uploads/2026/06/IMG_1535.jpeg,,,id:64134,,,,,,1,,,,,10,,الألوان,blanc,,1,المقاس,"standard (38-44)",,1,,,,,,,,,,,,,,,,,,,,,,,,,,,,,,,,,,,,,,,,,,yes,yes,,,,product,,,,,,,,,,,,,,,,,,1780511414,,,,,upload,,,
64137,variation,,,"Ensemble One poche<span> - </span>Bordeaux, standard (38-44)",1,0,visible,,,,,taxable,parent,0,0,,0,0,,,,,0,,,6500,,,,https://boutique-she.com/wp-content/uploads/2026/06/IMG_1532.jpeg,,,id:64134,,,,,,2,,,,,10,,الألوان,Bordeaux,,1,المقاس,"standard (38-44)",,1,,,,,,,,,,,,,,,,,,,,,,,,,,,,,,,,,,,,,,,,,,yes,yes,,,,product,,,,,,,,,,,,,,,,,,1780511415,,,,,upload,,,
64138,variation,,,"Ensemble One poche<span> - </span>crème, standard (38-44)",1,0,visible,,,,,taxable,parent,1,2,,0,0,,,,,0,,,6500,,,,https://boutique-she.com/wp-content/uploads/2026/06/IMG_1534.jpeg,,,id:64134,,,,,,3,,,,,10,,الألوان,crème,,1,المقاس,"standard (38-44)",,1,,,,,,,,,,,,,,,,,,,,,,,,,,,,,,,,,,,,,,,,,,yes,yes,,,,product,,,,,,,,,,,,,,,,,,1780511415,,,,,upload,,,
64139,variation,,,"Ensemble One poche<span> - </span>Jaune, standard (38-44)",1,0,visible,,,,,taxable,parent,1,2,,0,0,,,,,0,,,6500,,,,https://boutique-she.com/wp-content/uploads/2026/06/IMG_1533.jpeg,,,id:64134,,,,,,4,,,,,10,,الألوان,Jaune,,1,المقاس,"standard (38-44)",,1,,,,,,,,,,,,,,,,,,,,,,,,,,,,,,,,,,,,,,,,,,yes,yes,,,,product,,,,,,,,,,,,,,,,,,1780511416,,,,,upload,,,
64140,variation,,,"Ensemble One poche<span> - </span>Noir, standard (38-44)",1,0,visible,,,,,taxable,parent,0,0,,0,0,,,,,0,,,6500,,,,https://boutique-she.com/wp-content/uploads/2026/06/IMG_1530.jpeg,,,id:64134,,,,,,5,,,,,10,,الألوان,Noir,,1,المقاس,"standard (38-44)",,1,,,,,,,,,,,,,,,,,,,,,,,,,,,,,,,,,,,,,,,,,,yes,yes,,,,product,,,,,,,,,,,,,,,,,,1780511417,,,,,upload,,,
64141,variation,,,"Ensemble One poche<span> - </span>Rose, standard (38-44)",1,0,visible,,,,,taxable,parent,0,0,,0,0,,,,,0,,,6500,,,,https://boutique-she.com/wp-content/uploads/2026/06/IMG_1136-scaled.jpeg,,,id:64134,,,,,,6,,,,,10,,الألوان,Rose,,1,المقاس,"standard (38-44)",,1,,,,,,,,,,,,,,,,,,,,,,,,,,,,,,,,,,,,,,,,,,yes,yes,,,,product,,,,,,,,,,,,,,,,,,1780524053,,,,,upload,,,
64142,variation,,,"Ensemble One poche<span> - </span>Taupe, standard (38-44)",1,0,visible,,,,,taxable,parent,1,3,,0,0,,,,,0,,,6500,,,,https://boutique-she.com/wp-content/uploads/2026/06/IMG_1528.jpeg,,,id:64134,,,,,,7,,,,,10,,الألوان,Taupe,,1,المقاس,"standard (38-44)",,1,,,,,,,,,,,,,,,,,,,,,,,,,,,,,,,,,,,,,,,,,,yes,yes,,,,product,,,,,,,,,,,,,,,,,,1780511419,,,,,upload,,,
64143,variation,,,"Ensemble One poche<span> - </span>vert eau, standard (38-44)",1,0,visible,,,,,taxable,parent,0,0,,0,0,,,,,0,,,6500,,,,https://boutique-she.com/wp-content/uploads/2026/06/IMG_1133-scaled.jpeg,,,id:64134,,,,,,8,,,,,10,,الألوان,"vert eau",,1,المقاس,"standard (38-44)",,1,,,,,,,,,,,,,,,,,,,,,,,,,,,,,,,,,,,,,,,,,,yes,yes,,,,product,,,,,,,,,,,,,,,,,,1780587342,,,,,upload,,,
64144,variation,,,"Ensemble One poche<span> - </span>Vert kaki, standard (38-44)",1,0,visible,,,,,taxable,parent,1,3,,0,0,,,,,0,,,6500,,,,https://boutique-she.com/wp-content/uploads/2026/06/IMG_1531.jpeg,,,id:64134,,,,,,9,,,,,10,,الألوان,"Vert kaki",,1,المقاس,"standard (38-44)",,1,,,,,,,,,,,,,,,,,,,,,,,,,,,,,,,,,,,,,,,,,,yes,yes,,,,product,,,,,,,,,,,,,,,,,,1780511421,,,,,upload,,,
64368,variable,,,"Ensemble fleur brodé",1,0,visible,,,,,taxable,,1,,,0,0,,,,,0,,,,"Manteaux et vestes",,,https://boutique-she.com/wp-content/uploads/2026/06/IMG_1616-scaled.jpeg,,,,,,,,,0,,,,0,10,,الألوان,"blanc, bleu, Jaune, Rose, Taupe, Vert",1,1,المقاس,"standard (38-44)",1,1,none,,,,,,,,,,,,,,,,,,,,,,,,,,,,,,,,,,,,,,,,,yes,yes,,,,,,,,,,,,,,,,,,,,,,1780511546,145,,,,,,,
64369,variation,,,"Ensemble fleur brodé<span> - </span>blanc, standard (38-44)",1,0,visible,,,,,taxable,parent,1,1,,0,0,,,,,0,,,6500,,,,https://boutique-she.com/wp-content/uploads/2026/06/IMG_1627.jpeg,,,id:64368,,,,,,1,,,,,10,,الألوان,blanc,,1,المقاس,"standard (38-44)",,1,,,,,,,,,,,,,,,,,,,,,,,,,,,,,,,,,,,,,,,,,,yes,yes,,,,product,,,,,,,,,,,,,,,,,,1780511896,,,,,upload,,,
64370,variation,,,"Ensemble fleur brodé<span> - </span>bleu, standard (38-44)",1,0,visible,,,,,taxable,parent,1,2,,0,0,,,,,0,,,6500,,,,https://boutique-she.com/wp-content/uploads/2026/06/IMG_1628.jpeg,,,id:64368,,,,,,2,,,,,10,,الألوان,bleu,,1,المقاس,"standard (38-44)",,1,,,,,,,,,,,,,,,,,,,,,,,,,,,,,,,,,,,,,,,,,,yes,yes,,,,product,,,,,,,,,,,,,,,,,,1780511896,,,,,upload,,,
64371,variation,,,"Ensemble fleur brodé<span> - </span>Jaune, standard (38-44)",1,0,visible,,,,,taxable,parent,1,1,,0,0,,,,,0,,,6500,,,,https://boutique-she.com/wp-content/uploads/2026/06/IMG_1616-scaled.jpeg,,,id:64368,,,,,,3,,,,,10,,الألوان,Jaune,,1,المقاس,"standard (38-44)",,1,,,,,,,,,,,,,,,,,,,,,,,,,,,,,,,,,,,,,,,,,,yes,yes,,,,product,,,,,,,,,,,,,,,,,,1780511896,,,,,upload,,,
64372,variation,,,"Ensemble fleur brodé<span> - </span>Rose, standard (38-44)",1,0,visible,,,,,taxable,parent,1,2,,0,0,,,,,0,,,6500,,,,https://boutique-she.com/wp-content/uploads/2026/06/IMG_1626.jpeg,,,id:64368,,,,,,4,,,,,10,,الألوان,Rose,,1,المقاس,"standard (38-44)",,1,,,,,,,,,,,,,,,,,,,,,,,,,,,,,,,,,,,,,,,,,,yes,yes,,,,product,,,,,,,,,,,,,,,,,,1780511896,,,,,upload,,,
64373,variation,,,"Ensemble fleur brodé<span> - </span>Taupe, standard (38-44)",1,0,visible,,,,,taxable,parent,1,2,,0,0,,,,,0,,,6500,,,,https://boutique-she.com/wp-content/uploads/2026/06/IMG_1630.jpeg,,,id:64368,,,,,,5,,,,,10,,الألوان,Taupe,,1,المقاس,"standard (38-44)",,1,,,,,,,,,,,,,,,,,,,,,,,,,,,,,,,,,,,,,,,,,,yes,yes,,,,product,,,,,,,,,,,,,,,,,,1780511896,,,,,upload,,,
64374,variation,,,"Ensemble fleur brodé<span> - </span>Vert, standard (38-44)",1,0,visible,,,,,taxable,parent,0,0,,0,0,,,,,0,,,6500,,,,https://boutique-she.com/wp-content/uploads/2026/06/IMG_1629.jpeg,,,id:64368,,,,,,6,,,,,10,,الألوان,Vert,,1,المقاس,"standard (38-44)",,1,,,,,,,,,,,,,,,,,,,,,,,,,,,,,,,,,,,,,,,,,,yes,yes,,,,product,,,,,,,,,,,,,,,,,,1780651089,,,,,upload,,,
64475,variable,,,"Robe soleia",1,0,visible,,,,,taxable,,1,,,0,0,,,,,0,,,,"Robe Hidjab",,,"https://boutique-she.com/wp-content/uploads/2026/06/IMG_1599-scaled.jpeg, https://boutique-she.com/wp-content/uploads/2026/06/IMG_1730.jpeg, https://boutique-she.com/wp-content/uploads/2026/06/IMG_1729.jpeg, https://boutique-she.com/wp-content/uploads/2026/06/IMG_1728.jpeg, https://boutique-she.com/wp-content/uploads/2026/06/IMG_1727.jpeg, https://boutique-she.com/wp-content/uploads/2026/06/IMG_1725-scaled.png, https://boutique-she.com/wp-content/uploads/2026/06/IMG_1724.jpeg, https://boutique-she.com/wp-content/uploads/2026/06/IMG_1599-scaled.jpeg, https://boutique-she.com/wp-content/uploads/2026/06/IMG_1602.jpeg",,,,,,,,,0,,,,0,10,,الألوان,"bleu, Brique, crème, Jaune, Marron, Rose, Taupe",1,1,المقاس,"Standard (du 38 au 44/46)",1,1,none,,,,,,,,,,,,,,,,,,,,,,,,,,,,,,,,,,,,,,,,,yes,yes,,,,,,,,,,,,,,,,,,,,,,1780612401,339,,,,,,,
64484,variation,,,"Robe soleia<span> - </span>bleu, Standard (du 38 au 44/46)",1,0,visible,,,,,taxable,parent,0,0,,0,0,,,,,0,,,5900,,,,https://boutique-she.com/wp-content/uploads/2026/06/IMG_1727.jpeg,,,id:64475,,,,,,1,,,,,10,,الألوان,bleu,,1,المقاس,"Standard (du 38 au 44/46)",,1,,,,,,,,,,,,,,,,,,,,,,,,,,,,,,,,,,,,,,,,,,yes,yes,,,,product,,,,,,,,,,,,,,,,,,1780658651,,,,,upload,,,
64485,variation,,,"Robe soleia<span> - </span>Brique, Standard (du 38 au 44/46)",1,0,visible,,,,,taxable,parent,1,1,,0,0,,,,,0,,,5900,,,,https://boutique-she.com/wp-content/uploads/2026/06/IMG_1599-scaled.jpeg,,,id:64475,,,,,,2,,,,,10,,الألوان,Brique,,1,المقاس,"Standard (du 38 au 44/46)",,1,,,,,,,,,,,,,,,,,,,,,,,,,,,,,,,,,,,,,,,,,,yes,yes,,,,product,,,,,,,,,,,,,,,,,,1780612693,,,,,upload,,,
64486,variation,,,"Robe soleia<span> - </span>crème, Standard (du 38 au 44/46)",1,0,visible,,,,,taxable,parent,1,2,,0,0,,,,,0,,,5900,,,,https://boutique-she.com/wp-content/uploads/2026/06/IMG_1728.jpeg,,,id:64475,,,,,,3,,,,,10,,الألوان,crème,,1,المقاس,"Standard (du 38 au 44/46)",,1,,,,,,,,,,,,,,,,,,,,,,,,,,,,,,,,,,,,,,,,,,yes,yes,,,,product,,,,,,,,,,,,,,,,,,1780612693,,,,,upload,,,
64487,variation,,,"Robe soleia<span> - </span>Jaune, Standard (du 38 au 44/46)",1,0,visible,,,,,taxable,parent,1,2,,0,0,,,,,0,,,5900,,,,https://boutique-she.com/wp-content/uploads/2026/06/IMG_1724.jpeg,,,id:64475,,,,,,4,,,,,10,,الألوان,Jaune,,1,المقاس,"Standard (du 38 au 44/46)",,1,,,,,,,,,,,,,,,,,,,,,,,,,,,,,,,,,,,,,,,,,,yes,yes,,,,product,,,,,,,,,,,,,,,,,,1780612693,,,,,upload,,,
64488,variation,,,"Robe soleia<span> - </span>Marron, Standard (du 38 au 44/46)",1,0,visible,,,,,taxable,parent,1,1,,0,0,,,,,0,,,5900,,,,https://boutique-she.com/wp-content/uploads/2026/06/IMG_1725-scaled.png,,,id:64475,,,,,,5,,,,,10,,الألوان,Marron,,1,المقاس,"Standard (du 38 au 44/46)",,1,,,,,,,,,,,,,,,,,,,,,,,,,,,,,,,,,,,,,,,,,,yes,yes,,,,product,,,,,,,,,,,,,,,,,,1780612693,,,,,upload,,,
64489,variation,,,"Robe soleia<span> - </span>Rose, Standard (du 38 au 44/46)",1,0,visible,,,,,taxable,parent,1,2,,0,0,,,,,0,,,5900,,,,https://boutique-she.com/wp-content/uploads/2026/06/IMG_1730.jpeg,,,id:64475,,,,,,6,,,,,10,,الألوان,Rose,,1,المقاس,"Standard (du 38 au 44/46)",,1,,,,,,,,,,,,,,,,,,,,,,,,,,,,,,,,,,,,,,,,,,yes,yes,,,,product,,,,,,,,,,,,,,,,,,1780612693,,,,,upload,,,
64490,variation,,,"Robe soleia<span> - </span>Taupe, Standard (du 38 au 44/46)",1,0,visible,,,,,taxable,parent,1,2,,0,0,,,,,0,,,5900,,,,https://boutique-she.com/wp-content/uploads/2026/06/IMG_1602.jpeg,,,id:64475,,,,,,7,,,,,10,,الألوان,Taupe,,1,المقاس,"Standard (du 38 au 44/46)",,1,,,,,,,,,,,,,,,,,,,,,,,,,,,,,,,,,,,,,,,,,,yes,yes,,,,product,,,,,,,,,,,,,,,,,,1780612694,,,,,upload,,,
64532,variable,,,"Robe Aliah",1,0,visible,,,,,taxable,,1,,,0,0,,,,,0,,,,"Robe Hidjab",,,"https://boutique-she.com/wp-content/uploads/2026/06/IMG_1584-scaled.jpeg, https://boutique-she.com/wp-content/uploads/2026/06/IMG_1746-scaled.jpeg, https://boutique-she.com/wp-content/uploads/2026/06/IMG_1745.jpeg, https://boutique-she.com/wp-content/uploads/2026/06/IMG_1742.jpeg, https://boutique-she.com/wp-content/uploads/2026/06/IMG_1743.jpeg, https://boutique-she.com/wp-content/uploads/2026/06/IMG_1744.jpeg, https://boutique-she.com/wp-content/uploads/2026/06/IMG_1584-scaled.jpeg, https://boutique-she.com/wp-content/uploads/2026/06/IMG_1593-scaled.jpeg",,,,,,,,,0,,,,0,10,,الألوان,"bleu, Bordeaux, crème, Jaune, Rose, Taupe, Vert",1,1,المقاس,"Standard (du 38 au 44/46)",1,1,none,,,,,,,,,,,,,,,,,,,,,,,,,,,,,,,,,,,,,,,,,,,,,,,,,,,,,,,,,,,,,,,,,99,,,,,,,
64540,variation,,,"Robe Aliah<span> - </span>bleu, Standard (du 38 au 44/46)",1,0,visible,,,,,taxable,parent,1,1,,0,0,,,,,0,,,5900,,,,https://boutique-she.com/wp-content/uploads/2026/06/IMG_1584-scaled.jpeg,,,id:64532,,,,,,1,,,,,10,,الألوان,bleu,,1,المقاس,"Standard (du 38 au 44/46)",,1,,,,,,,,,,,,,,,,,,,,,,,,,,,,,,,,,,,,,,,,,,,,,,,,,,,,,,,,,,,,,,,,,,,,,,,,,
64541,variation,,,"Robe Aliah<span> - </span>Bordeaux, Standard (du 38 au 44/46)",1,0,visible,,,,,taxable,parent,1,2,,0,0,,,,,0,,,5900,,,,https://boutique-she.com/wp-content/uploads/2026/06/IMG_1746-scaled.jpeg,,,id:64532,,,,,,2,,,,,10,,الألوان,Bordeaux,,1,المقاس,"Standard (du 38 au 44/46)",,1,,,,,,,,,,,,,,,,,,,,,,,,,,,,,,,,,,,,,,,,,,,,,,,,,,,,,,,,,,,,,,,,,,,,,,,,,
64542,variation,,,"Robe Aliah<span> - </span>crème, Standard (du 38 au 44/46)",1,0,visible,,,,,taxable,parent,1,2,,0,0,,,,,0,,,5900,,,,https://boutique-she.com/wp-content/uploads/2026/06/IMG_1743.jpeg,,,id:64532,,,,,,3,,,,,10,,الألوان,crème,,1,المقاس,"Standard (du 38 au 44/46)",,1,,,,,,,,,,,,,,,,,,,,,,,,,,,,,,,,,,,,,,,,,,,,,,,,,,,,,,,,,,,,,,,,,,,,,,,,,
64543,variation,,,"Robe Aliah<span> - </span>Jaune, Standard (du 38 au 44/46)",1,0,visible,,,,,taxable,parent,1,2,,0,0,,,,,0,,,5900,,,,https://boutique-she.com/wp-content/uploads/2026/06/IMG_1744.jpeg,,,id:64532,,,,,,4,,,,,10,,الألوان,Jaune,,1,المقاس,"Standard (du 38 au 44/46)",,1,,,,,,,,,,,,,,,,,,,,,,,,,,,,,,,,,,,,,,,,,,,,,,,,,,,,,,,,,,,,,,,,,,,,,,,,,
64544,variation,,,"Robe Aliah<span> - </span>Rose, Standard (du 38 au 44/46)",1,0,visible,,,,,taxable,parent,1,1,,0,0,,,,,0,,,5900,,,,https://boutique-she.com/wp-content/uploads/2026/06/IMG_1593-scaled.jpeg,,,id:64532,,,,,,5,,,,,10,,الألوان,Rose,,1,المقاس,"Standard (du 38 au 44/46)",,1,,,,,,,,,,,,,,,,,,,,,,,,,,,,,,,,,,,,,,,,,,,,,,,,,,,,,,,,,,,,,,,,,,,,,,,,,
64545,variation,,,"Robe Aliah<span> - </span>Taupe, Standard (du 38 au 44/46)",1,0,visible,,,,,taxable,parent,1,2,,0,0,,,,,0,,,5900,,,,https://boutique-she.com/wp-content/uploads/2026/06/IMG_1745.jpeg,,,id:64532,,,,,,6,,,,,10,,الألوان,Taupe,,1,المقاس,"Standard (du 38 au 44/46)",,1,,,,,,,,,,,,,,,,,,,,,,,,,,,,,,,,,,,,,,,,,,,,,,,,,,,,,,,,,,,,,,,,,,,,,,,,,
64546,variation,,,"Robe Aliah<span> - </span>Vert, Standard (du 38 au 44/46)",1,0,visible,,,,,taxable,parent,1,2,,0,0,,,,,0,,,5900,,,,https://boutique-she.com/wp-content/uploads/2026/06/IMG_1742.jpeg,,,id:64532,,,,,,7,,,,,10,,الألوان,Vert,,1,المقاس,"Standard (du 38 au 44/46)",,1,,,,,,,,,,,,,,,,,,,,,,,,,,,,,,,,,,,,,,,,,,,,,,,,,,,,,,,,,,,,,,,,,,,,,,,,,
